utc,index,uuid,name,utilization.gpu,memory.used,memory.total,power.draw,temperature.gpu
2026-10-09T04:52:00.061098+00:00,0,GPU-459c992a-cb19-fec9-a6ff-f14309e0e86a,NVIDIA A30,0,4,24576,54.97,34
2026-10-09T04:52:00.061098+00:00,1,GPU-e3de7dc8-620f-0d1f-8bd9-d047dad41fe1,NVIDIA A30,0,4,24576,49.17,30
2026-10-09T04:52:00.061098+00:00,2,GPU-e40ecd4c-d662-37cc-a069-2d669471410e,NVIDIA A30,0,0,24576,51.03,29
2026-10-09T04:52:10.167212+00:00,0,GPU-459c992a-cb19-fec9-a6ff-f14309e0e86a,NVIDIA A30,0,313,24576,34.81,33
2026-10-09T04:52:10.167212+00:00,1,GPU-e3de7dc8-620f-0d1f-8bd9-d047dad41fe1,NVIDIA A30,0,313,24576,31.09,29
2026-10-09T04:52:10.167212+00:00,2,GPU-e40ecd4c-d662-37cc-a069-2d669471410e,NVIDIA A30,0,0,24576,28.36,28
2026-10-09T04:52:20.280441+00:00,0,GPU-459c992a-cb19-fec9-a6ff-f14309e0e86a,NVIDIA A30,0,333,24576,34.72,33
2026-10-09T04:52:20.280441+00:00,1,GPU-e3de7dc8-620f-0d1f-8bd9-d047dad41fe1,NVIDIA A30,0,333,24576,30.99,28
2026-10-09T04:52:20.280441+00:00,2,GPU-e40ecd4c-d662-37cc-a069-2d669471410e,NVIDIA A30,0,0,24576,28.36,28
2026-10-09T04:52:30.387129+00:00,0,GPU-459c992a-cb19-fec9-a6ff-f14309e0e86a,NVIDIA A30,0,2059,24576,34.80,32
2026-10-09T04:52:30.387129+00:00,1,GPU-e3de7dc8-620f-0d1f-8bd9-d047dad41fe1,NVIDIA A30,0,2059,24576,31.39,28
2026-10-09T04:52:30.387129+00:00,2,GPU-e40ecd4c-d662-37cc-a069-2d669471410e,NVIDIA A30,0,0,24576,28.26,28
2026-10-09T04:52:40.488746+00:00,0,GPU-459c992a-cb19-fec9-a6ff-f14309e0e86a,NVIDIA A30,0,2059,24576,34.79,32
2026-10-09T04:52:40.488746+00:00,1,GPU-e3de7dc8-620f-0d1f-8bd9-d047dad41fe1,NVIDIA A30,0,2387,24576,114.06,30
2026-10-09T04:52:40.488746+00:00,2,GPU-e40ecd4c-d662-37cc-a069-2d669471410e,NVIDIA A30,0,0,24576,28.26,28
2026-10-09T04:52:50.567524+00:00,0,GPU-459c992a-cb19-fec9-a6ff-f14309e0e86a,NVIDIA A30,48,2671,24576,56.04,35
2026-10-09T04:52:50.567524+00:00,1,GPU-e3de7dc8-620f-0d1f-8bd9-d047dad41fe1,NVIDIA A30,0,2407,24576,49.29,30
2026-10-09T04:52:50.567524+00:00,2,GPU-e40ecd4c-d662-37cc-a069-2d669471410e,NVIDIA A30,0,0,24576,28.35,28
2026-10-09T04:53:00.660465+00:00,0,GPU-459c992a-cb19-fec9-a6ff-f14309e0e86a,NVIDIA A30,1,2753,24576,56.25,36
2026-10-09T04:53:00.660465+00:00,1,GPU-e3de7dc8-620f-0d1f-8bd9-d047dad41fe1,NVIDIA A30,0,2429,24576,49.39,32
2026-10-09T04:53:00.660465+00:00,2,GPU-e40ecd4c-d662-37cc-a069-2d669471410e,NVIDIA A30,0,0,24576,28.25,28
2026-10-09T04:53:10.743056+00:00,0,GPU-459c992a-cb19-fec9-a6ff-f14309e0e86a,NVIDIA A30,0,2853,24576,55.86,35
2026-10-09T04:53:10.743056+00:00,1,GPU-e3de7dc8-620f-0d1f-8bd9-d047dad41fe1,NVIDIA A30,54,2469,24576,49.78,31
2026-10-09T04:53:10.743056+00:00,2,GPU-e40ecd4c-d662-37cc-a069-2d669471410e,NVIDIA A30,0,0,24576,28.15,28
2026-10-09T04:53:20.847611+00:00,0,GPU-459c992a-cb19-fec9-a6ff-f14309e0e86a,NVIDIA A30,0,3265,24576,36.38,35
2026-10-09T04:53:20.847611+00:00,1,GPU-e3de7dc8-620f-0d1f-8bd9-d047dad41fe1,NVIDIA A30,0,2617,24576,44.16,31
2026-10-09T04:53:20.847611+00:00,2,GPU-e40ecd4c-d662-37cc-a069-2d669471410e,NVIDIA A30,0,0,24576,28.16,28
2026-10-09T04:53:30.945624+00:00,0,GPU-459c992a-cb19-fec9-a6ff-f14309e0e86a,NVIDIA A30,0,3265,24576,51.21,35
2026-10-09T04:53:30.945624+00:00,1,GPU-e3de7dc8-620f-0d1f-8bd9-d047dad41fe1,NVIDIA A30,0,2617,24576,40.68,30
2026-10-09T04:53:30.945624+00:00,2,GPU-e40ecd4c-d662-37cc-a069-2d669471410e,NVIDIA A30,0,0,24576,28.26,28
2026-10-09T04:53:41.043477+00:00,0,GPU-459c992a-cb19-fec9-a6ff-f14309e0e86a,NVIDIA A30,0,3885,24576,56.06,35
2026-10-09T04:53:41.043477+00:00,1,GPU-e3de7dc8-620f-0d1f-8bd9-d047dad41fe1,NVIDIA A30,0,3199,24576,49.28,30
2026-10-09T04:53:41.043477+00:00,2,GPU-e40ecd4c-d662-37cc-a069-2d669471410e,NVIDIA A30,0,0,24576,28.15,27
2026-10-09T04:53:51.146538+00:00,0,GPU-459c992a-cb19-fec9-a6ff-f14309e0e86a,NVIDIA A30,0,3925,24576,35.68,36
2026-10-09T04:53:51.146538+00:00,1,GPU-e3de7dc8-620f-0d1f-8bd9-d047dad41fe1,NVIDIA A30,48,3199,24576,33.16,30
2026-10-09T04:53:51.146538+00:00,2,GPU-e40ecd4c-d662-37cc-a069-2d669471410e,NVIDIA A30,0,0,24576,28.26,27
2026-10-09T04:54:01.251881+00:00,0,GPU-459c992a-cb19-fec9-a6ff-f14309e0e86a,NVIDIA A30,56,3927,24576,45.89,35
2026-10-09T04:54:01.251881+00:00,1,GPU-e3de7dc8-620f-0d1f-8bd9-d047dad41fe1,NVIDIA A30,30,3199,24576,36.74,30
2026-10-09T04:54:01.251881+00:00,2,GPU-e40ecd4c-d662-37cc-a069-2d669471410e,NVIDIA A30,0,0,24576,28.16,27
2026-10-09T04:54:11.355406+00:00,0,GPU-459c992a-cb19-fec9-a6ff-f14309e0e86a,NVIDIA A30,41,3927,24576,167.35,42
2026-10-09T04:54:11.355406+00:00,1,GPU-e3de7dc8-620f-0d1f-8bd9-d047dad41fe1,NVIDIA A30,59,3201,24576,49.15,33
2026-10-09T04:54:11.355406+00:00,2,GPU-e40ecd4c-d662-37cc-a069-2d669471410e,NVIDIA A30,0,0,24576,28.24,27
2026-10-09T04:54:21.453245+00:00,0,GPU-459c992a-cb19-fec9-a6ff-f14309e0e86a,NVIDIA A30,98,4183,24576,166.03,45
2026-10-09T04:54:21.453245+00:00,1,GPU-e3de7dc8-620f-0d1f-8bd9-d047dad41fe1,NVIDIA A30,100,3203,24576,163.17,41
2026-10-09T04:54:21.453245+00:00,2,GPU-e40ecd4c-d662-37cc-a069-2d669471410e,NVIDIA A30,0,0,24576,28.23,27
2026-10-09T04:54:31.552707+00:00,0,GPU-459c992a-cb19-fec9-a6ff-f14309e0e86a,NVIDIA A30,100,4183,24576,149.90,47
2026-10-09T04:54:31.552707+00:00,1,GPU-e3de7dc8-620f-0d1f-8bd9-d047dad41fe1,NVIDIA A30,97,3203,24576,152.66,44
2026-10-09T04:54:31.552707+00:00,2,GPU-e40ecd4c-d662-37cc-a069-2d669471410e,NVIDIA A30,0,0,24576,28.14,27
2026-10-09T04:54:41.651263+00:00,0,GPU-459c992a-cb19-fec9-a6ff-f14309e0e86a,NVIDIA A30,95,4183,24576,168.47,50
2026-10-09T04:54:41.651263+00:00,1,GPU-e3de7dc8-620f-0d1f-8bd9-d047dad41fe1,NVIDIA A30,97,3203,24576,164.30,46
2026-10-09T04:54:41.651263+00:00,2,GPU-e40ecd4c-d662-37cc-a069-2d669471410e,NVIDIA A30,0,0,24576,28.14,27
2026-10-09T04:54:51.750745+00:00,0,GPU-459c992a-cb19-fec9-a6ff-f14309e0e86a,NVIDIA A30,100,4183,24576,162.92,51
2026-10-09T04:54:51.750745+00:00,1,GPU-e3de7dc8-620f-0d1f-8bd9-d047dad41fe1,NVIDIA A30,96,3203,24576,167.64,47
2026-10-09T04:54:51.750745+00:00,2,GPU-e40ecd4c-d662-37cc-a069-2d669471410e,NVIDIA A30,0,0,24576,28.14,27
2026-10-09T04:55:01.861114+00:00,0,GPU-459c992a-cb19-fec9-a6ff-f14309e0e86a,NVIDIA A30,100,4183,24576,162.53,52
2026-10-09T04:55:01.861114+00:00,1,GPU-e3de7dc8-620f-0d1f-8bd9-d047dad41fe1,NVIDIA A30,100,3203,24576,168.37,48
2026-10-09T04:55:01.861114+00:00,2,GPU-e40ecd4c-d662-37cc-a069-2d669471410e,NVIDIA A30,0,0,24576,28.14,27
2026-10-09T04:55:11.957187+00:00,0,GPU-459c992a-cb19-fec9-a6ff-f14309e0e86a,NVIDIA A30,91,4183,24576,164.22,53
2026-10-09T04:55:11.957187+00:00,1,GPU-e3de7dc8-620f-0d1f-8bd9-d047dad41fe1,NVIDIA A30,96,3203,24576,159.42,50
2026-10-09T04:55:11.957187+00:00,2,GPU-e40ecd4c-d662-37cc-a069-2d669471410e,NVIDIA A30,0,0,24576,28.14,27
2026-10-09T04:55:22.052962+00:00,0,GPU-459c992a-cb19-fec9-a6ff-f14309e0e86a,NVIDIA A30,100,4183,24576,154.52,54
2026-10-09T04:55:22.052962+00:00,1,GPU-e3de7dc8-620f-0d1f-8bd9-d047dad41fe1,NVIDIA A30,99,3203,24576,176.86,51
2026-10-09T04:55:22.052962+00:00,2,GPU-e40ecd4c-d662-37cc-a069-2d669471410e,NVIDIA A30,0,0,24576,28.03,27
2026-10-09T04:55:32.145358+00:00,0,GPU-459c992a-cb19-fec9-a6ff-f14309e0e86a,NVIDIA A30,100,4183,24576,176.50,55
2026-10-09T04:55:32.145358+00:00,1,GPU-e3de7dc8-620f-0d1f-8bd9-d047dad41fe1,NVIDIA A30,99,3203,24576,165.66,51
2026-10-09T04:55:32.145358+00:00,2,GPU-e40ecd4c-d662-37cc-a069-2d669471410e,NVIDIA A30,0,0,24576,28.14,27
2026-10-09T04:55:42.236159+00:00,0,GPU-459c992a-cb19-fec9-a6ff-f14309e0e86a,NVIDIA A30,93,4183,24576,154.04,55
2026-10-09T04:55:42.236159+00:00,1,GPU-e3de7dc8-620f-0d1f-8bd9-d047dad41fe1,NVIDIA A30,100,3203,24576,165.22,52
2026-10-09T04:55:42.236159+00:00,2,GPU-e40ecd4c-d662-37cc-a069-2d669471410e,NVIDIA A30,0,0,24576,28.03,27
2026-10-09T04:55:52.320402+00:00,0,GPU-459c992a-cb19-fec9-a6ff-f14309e0e86a,NVIDIA A30,100,4183,24576,149.96,56
2026-10-09T04:55:52.320402+00:00,1,GPU-e3de7dc8-620f-0d1f-8bd9-d047dad41fe1,NVIDIA A30,0,3205,24576,55.96,46
2026-10-09T04:55:52.320402+00:00,2,GPU-e40ecd4c-d662-37cc-a069-2d669471410e,NVIDIA A30,0,0,24576,28.15,27
2026-10-09T04:56:02.401914+00:00,0,GPU-459c992a-cb19-fec9-a6ff-f14309e0e86a,NVIDIA A30,98,4183,24576,162.70,57
2026-10-09T04:56:02.401914+00:00,1,GPU-e3de7dc8-620f-0d1f-8bd9-d047dad41fe1,NVIDIA A30,0,0,24576,31.18,41
2026-10-09T04:56:02.401914+00:00,2,GPU-e40ecd4c-d662-37cc-a069-2d669471410e,NVIDIA A30,0,0,24576,28.15,27
2026-10-09T04:56:12.495056+00:00,0,GPU-459c992a-cb19-fec9-a6ff-f14309e0e86a,NVIDIA A30,93,4183,24576,165.94,57
2026-10-09T04:56:12.495056+00:00,1,GPU-e3de7dc8-620f-0d1f-8bd9-d047dad41fe1,NVIDIA A30,0,0,24576,30.68,38
2026-10-09T04:56:12.495056+00:00,2,GPU-e40ecd4c-d662-37cc-a069-2d669471410e,NVIDIA A30,0,0,24576,28.15,27
2026-10-09T04:56:22.576271+00:00,0,GPU-459c992a-cb19-fec9-a6ff-f14309e0e86a,NVIDIA A30,100,4183,24576,181.56,57
2026-10-09T04:56:22.576271+00:00,1,GPU-e3de7dc8-620f-0d1f-8bd9-d047dad41fe1,NVIDIA A30,0,0,24576,30.18,36
2026-10-09T04:56:22.576271+00:00,2,GPU-e40ecd4c-d662-37cc-a069-2d669471410e,NVIDIA A30,0,0,24576,28.15,27
2026-10-09T04:56:32.666246+00:00,0,GPU-459c992a-cb19-fec9-a6ff-f14309e0e86a,NVIDIA A30,96,4185,24576,167.51,58
2026-10-09T04:56:32.666246+00:00,1,GPU-e3de7dc8-620f-0d1f-8bd9-d047dad41fe1,NVIDIA A30,0,0,24576,29.79,35
2026-10-09T04:56:32.666246+00:00,2,GPU-e40ecd4c-d662-37cc-a069-2d669471410e,NVIDIA A30,0,0,24576,28.15,27
2026-10-09T04:56:42.760223+00:00,0,GPU-459c992a-cb19-fec9-a6ff-f14309e0e86a,NVIDIA A30,100,4185,24576,172.96,58
2026-10-09T04:56:42.760223+00:00,1,GPU-e3de7dc8-620f-0d1f-8bd9-d047dad41fe1,NVIDIA A30,0,0,24576,29.50,34
2026-10-09T04:56:42.760223+00:00,2,GPU-e40ecd4c-d662-37cc-a069-2d669471410e,NVIDIA A30,0,0,24576,28.15,27
2026-10-09T04:56:52.860560+00:00,0,GPU-459c992a-cb19-fec9-a6ff-f14309e0e86a,NVIDIA A30,100,4185,24576,166.92,58
2026-10-09T04:56:52.860560+00:00,1,GPU-e3de7dc8-620f-0d1f-8bd9-d047dad41fe1,NVIDIA A30,0,0,24576,29.31,32
2026-10-09T04:56:52.860560+00:00,2,GPU-e40ecd4c-d662-37cc-a069-2d669471410e,NVIDIA A30,0,0,24576,28.16,27
2026-10-09T04:57:02.962254+00:00,0,GPU-459c992a-cb19-fec9-a6ff-f14309e0e86a,NVIDIA A30,98,4185,24576,171.19,59
2026-10-09T04:57:02.962254+00:00,1,GPU-e3de7dc8-620f-0d1f-8bd9-d047dad41fe1,NVIDIA A30,0,0,24576,29.10,32
2026-10-09T04:57:02.962254+00:00,2,GPU-e40ecd4c-d662-37cc-a069-2d669471410e,NVIDIA A30,0,0,24576,28.15,27
2026-10-09T04:57:13.052483+00:00,0,GPU-459c992a-cb19-fec9-a6ff-f14309e0e86a,NVIDIA A30,98,4185,24576,167.88,58
2026-10-09T04:57:13.052483+00:00,1,GPU-e3de7dc8-620f-0d1f-8bd9-d047dad41fe1,NVIDIA A30,0,0,24576,28.80,31
2026-10-09T04:57:13.052483+00:00,2,GPU-e40ecd4c-d662-37cc-a069-2d669471410e,NVIDIA A30,0,0,24576,28.25,27
2026-10-09T04:57:23.139426+00:00,0,GPU-459c992a-cb19-fec9-a6ff-f14309e0e86a,NVIDIA A30,100,4185,24576,158.77,59
2026-10-09T04:57:23.139426+00:00,1,GPU-e3de7dc8-620f-0d1f-8bd9-d047dad41fe1,NVIDIA A30,0,0,24576,29.00,30
2026-10-09T04:57:23.139426+00:00,2,GPU-e40ecd4c-d662-37cc-a069-2d669471410e,NVIDIA A30,0,0,24576,28.15,27
2026-10-09T04:57:33.234178+00:00,0,GPU-459c992a-cb19-fec9-a6ff-f14309e0e86a,NVIDIA A30,96,4185,24576,177.04,59
2026-10-09T04:57:33.234178+00:00,1,GPU-e3de7dc8-620f-0d1f-8bd9-d047dad41fe1,NVIDIA A30,0,0,24576,28.80,30
2026-10-09T04:57:33.234178+00:00,2,GPU-e40ecd4c-d662-37cc-a069-2d669471410e,NVIDIA A30,0,0,24576,28.15,27
2026-10-09T04:57:43.326184+00:00,0,GPU-459c992a-cb19-fec9-a6ff-f14309e0e86a,NVIDIA A30,93,4185,24576,169.95,59
2026-10-09T04:57:43.326184+00:00,1,GPU-e3de7dc8-620f-0d1f-8bd9-d047dad41fe1,NVIDIA A30,0,0,24576,28.71,29
2026-10-09T04:57:43.326184+00:00,2,GPU-e40ecd4c-d662-37cc-a069-2d669471410e,NVIDIA A30,0,0,24576,28.04,27
2026-10-09T04:57:53.417798+00:00,0,GPU-459c992a-cb19-fec9-a6ff-f14309e0e86a,NVIDIA A30,100,4185,24576,160.68,59
2026-10-09T04:57:53.417798+00:00,1,GPU-e3de7dc8-620f-0d1f-8bd9-d047dad41fe1,NVIDIA A30,0,0,24576,28.60,29
2026-10-09T04:57:53.417798+00:00,2,GPU-e40ecd4c-d662-37cc-a069-2d669471410e,NVIDIA A30,0,0,24576,28.15,27
2026-10-09T04:58:03.500185+00:00,0,GPU-459c992a-cb19-fec9-a6ff-f14309e0e86a,NVIDIA A30,100,4185,24576,146.36,59
2026-10-09T04:58:03.500185+00:00,1,GPU-e3de7dc8-620f-0d1f-8bd9-d047dad41fe1,NVIDIA A30,0,0,24576,28.49,29
2026-10-09T04:58:03.500185+00:00,2,GPU-e40ecd4c-d662-37cc-a069-2d669471410e,NVIDIA A30,0,0,24576,28.15,27
2026-10-09T04:58:13.580276+00:00,0,GPU-459c992a-cb19-fec9-a6ff-f14309e0e86a,NVIDIA A30,0,4185,24576,70.21,55
2026-10-09T04:58:13.580276+00:00,1,GPU-e3de7dc8-620f-0d1f-8bd9-d047dad41fe1,NVIDIA A30,0,0,24576,28.51,28
2026-10-09T04:58:13.580276+00:00,2,GPU-e40ecd4c-d662-37cc-a069-2d669471410e,NVIDIA A30,0,0,24576,28.26,27
2026-10-09T04:58:23.682634+00:00,0,GPU-459c992a-cb19-fec9-a6ff-f14309e0e86a,NVIDIA A30,2,0,24576,41.24,50
2026-10-09T04:58:23.682634+00:00,1,GPU-e3de7dc8-620f-0d1f-8bd9-d047dad41fe1,NVIDIA A30,0,0,24576,31.30,29
2026-10-09T04:58:23.682634+00:00,2,GPU-e40ecd4c-d662-37cc-a069-2d669471410e,NVIDIA A30,0,0,24576,30.84,28
2026-10-09T04:58:40.031535+00:00,0,GPU-459c992a-cb19-fec9-a6ff-f14309e0e86a,NVIDIA A30,2,0,24576,40.25,47
2026-10-09T04:58:40.031535+00:00,1,GPU-e3de7dc8-620f-0d1f-8bd9-d047dad41fe1,NVIDIA A30,2,0,24576,31.49,29
2026-10-09T04:58:40.031535+00:00,2,GPU-e40ecd4c-d662-37cc-a069-2d669471410e,NVIDIA A30,0,0,24576,30.94,29
2026-10-09T04:58:56.539458+00:00,0,GPU-459c992a-cb19-fec9-a6ff-f14309e0e86a,NVIDIA A30,0,1,24576,38.47,44
2026-10-09T04:58:56.539458+00:00,1,GPU-e3de7dc8-620f-0d1f-8bd9-d047dad41fe1,NVIDIA A30,0,1,24576,31.68,29
2026-10-09T04:58:56.539458+00:00,2,GPU-e40ecd4c-d662-37cc-a069-2d669471410e,NVIDIA A30,17,1,24576,31.43,29
2026-10-09T04:59:11.203261+00:00,0,GPU-459c992a-cb19-fec9-a6ff-f14309e0e86a,NVIDIA A30,0,18,24576,37.87,42
2026-10-09T04:59:11.203261+00:00,1,GPU-e3de7dc8-620f-0d1f-8bd9-d047dad41fe1,NVIDIA A30,0,313,24576,30.99,29
2026-10-09T04:59:11.203261+00:00,2,GPU-e40ecd4c-d662-37cc-a069-2d669471410e,NVIDIA A30,0,0,24576,31.03,29
2026-10-09T04:59:21.386088+00:00,0,GPU-459c992a-cb19-fec9-a6ff-f14309e0e86a,NVIDIA A30,0,333,24576,36.68,40
2026-10-09T04:59:21.386088+00:00,1,GPU-e3de7dc8-620f-0d1f-8bd9-d047dad41fe1,NVIDIA A30,18,1961,24576,31.49,28
2026-10-09T04:59:21.386088+00:00,2,GPU-e40ecd4c-d662-37cc-a069-2d669471410e,NVIDIA A30,0,0,24576,28.36,28
2026-10-09T04:59:31.506339+00:00,0,GPU-459c992a-cb19-fec9-a6ff-f14309e0e86a,NVIDIA A30,0,1967,24576,36.39,39
2026-10-09T04:59:31.506339+00:00,1,GPU-e3de7dc8-620f-0d1f-8bd9-d047dad41fe1,NVIDIA A30,0,2057,24576,31.09,28
2026-10-09T04:59:31.506339+00:00,2,GPU-e40ecd4c-d662-37cc-a069-2d669471410e,NVIDIA A30,0,0,24576,28.36,28
2026-10-09T04:59:41.610414+00:00,0,GPU-459c992a-cb19-fec9-a6ff-f14309e0e86a,NVIDIA A30,0,2097,24576,36.20,38
2026-10-09T04:59:41.610414+00:00,1,GPU-e3de7dc8-620f-0d1f-8bd9-d047dad41fe1,NVIDIA A30,0,0,24576,31.09,28
2026-10-09T04:59:41.610414+00:00,2,GPU-e40ecd4c-d662-37cc-a069-2d669471410e,NVIDIA A30,0,0,24576,28.26,28
2026-10-09T04:59:51.725539+00:00,0,GPU-459c992a-cb19-fec9-a6ff-f14309e0e86a,NVIDIA A30,0,0,24576,36.00,38
2026-10-09T04:59:51.725539+00:00,1,GPU-e3de7dc8-620f-0d1f-8bd9-d047dad41fe1,NVIDIA A30,2,0,24576,31.30,29
2026-10-09T04:59:51.725539+00:00,2,GPU-e40ecd4c-d662-37cc-a069-2d669471410e,NVIDIA A30,2,0,24576,32.03,29
2026-10-09T05:00:08.244918+00:00,0,GPU-459c992a-cb19-fec9-a6ff-f14309e0e86a,NVIDIA A30,0,0,24576,35.90,37
2026-10-09T05:00:08.244918+00:00,1,GPU-e3de7dc8-620f-0d1f-8bd9-d047dad41fe1,NVIDIA A30,2,0,24576,31.20,29
2026-10-09T05:00:08.244918+00:00,2,GPU-e40ecd4c-d662-37cc-a069-2d669471410e,NVIDIA A30,2,0,24576,31.62,29
2026-10-09T05:00:24.693389+00:00,0,GPU-459c992a-cb19-fec9-a6ff-f14309e0e86a,NVIDIA A30,0,1,24576,36.00,37
2026-10-09T05:00:24.693389+00:00,1,GPU-e3de7dc8-620f-0d1f-8bd9-d047dad41fe1,NVIDIA A30,2,1,24576,31.30,29
2026-10-09T05:00:24.693389+00:00,2,GPU-e40ecd4c-d662-37cc-a069-2d669471410e,NVIDIA A30,2,1,24576,31.93,30
2026-10-09T05:00:37.012097+00:00,0,GPU-459c992a-cb19-fec9-a6ff-f14309e0e86a,NVIDIA A30,2,0,24576,35.79,37
2026-10-09T05:00:37.012097+00:00,1,GPU-e3de7dc8-620f-0d1f-8bd9-d047dad41fe1,NVIDIA A30,0,0,24576,31.39,29
2026-10-09T05:00:37.012097+00:00,2,GPU-e40ecd4c-d662-37cc-a069-2d669471410e,NVIDIA A30,2,0,24576,31.73,30
2026-10-09T05:00:53.503586+00:00,0,GPU-459c992a-cb19-fec9-a6ff-f14309e0e86a,NVIDIA A30,2,0,24576,35.40,36
2026-10-09T05:00:53.503586+00:00,1,GPU-e3de7dc8-620f-0d1f-8bd9-d047dad41fe1,NVIDIA A30,0,0,24576,31.30,29
2026-10-09T05:00:53.503586+00:00,2,GPU-e40ecd4c-d662-37cc-a069-2d669471410e,NVIDIA A30,2,0,24576,32.51,30
2026-10-09T05:01:10.037213+00:00,0,GPU-459c992a-cb19-fec9-a6ff-f14309e0e86a,NVIDIA A30,0,4,24576,35.21,36
2026-10-09T05:01:10.037213+00:00,1,GPU-e3de7dc8-620f-0d1f-8bd9-d047dad41fe1,NVIDIA A30,0,4,24576,31.20,29
2026-10-09T05:01:10.037213+00:00,2,GPU-e40ecd4c-d662-37cc-a069-2d669471410e,NVIDIA A30,0,4,24576,31.13,30
2026-10-09T05:01:20.137780+00:00,0,GPU-459c992a-cb19-fec9-a6ff-f14309e0e86a,NVIDIA A30,0,19,24576,32.63,35
2026-10-09T05:01:20.137780+00:00,1,GPU-e3de7dc8-620f-0d1f-8bd9-d047dad41fe1,NVIDIA A30,0,313,24576,31.09,29
2026-10-09T05:01:20.137780+00:00,2,GPU-e40ecd4c-d662-37cc-a069-2d669471410e,NVIDIA A30,0,4,24576,28.56,29
2026-10-09T05:01:30.296122+00:00,0,GPU-459c992a-cb19-fec9-a6ff-f14309e0e86a,NVIDIA A30,0,333,24576,34.82,35
2026-10-09T05:01:30.296122+00:00,1,GPU-e3de7dc8-620f-0d1f-8bd9-d047dad41fe1,NVIDIA A30,0,1967,24576,30.99,28
2026-10-09T05:01:30.296122+00:00,2,GPU-e40ecd4c-d662-37cc-a069-2d669471410e,NVIDIA A30,0,333,24576,31.03,29
2026-10-09T05:01:40.397316+00:00,0,GPU-459c992a-cb19-fec9-a6ff-f14309e0e86a,NVIDIA A30,0,2059,24576,34.82,34
2026-10-09T05:01:40.397316+00:00,1,GPU-e3de7dc8-620f-0d1f-8bd9-d047dad41fe1,NVIDIA A30,0,2059,24576,30.99,28
2026-10-09T05:01:40.397316+00:00,2,GPU-e40ecd4c-d662-37cc-a069-2d669471410e,NVIDIA A30,0,2059,24576,31.03,29
2026-10-09T05:01:50.508750+00:00,0,GPU-459c992a-cb19-fec9-a6ff-f14309e0e86a,NVIDIA A30,0,2059,24576,34.69,34
2026-10-09T05:01:50.508750+00:00,1,GPU-e3de7dc8-620f-0d1f-8bd9-d047dad41fe1,NVIDIA A30,0,2059,24576,30.97,28
2026-10-09T05:01:50.508750+00:00,2,GPU-e40ecd4c-d662-37cc-a069-2d669471410e,NVIDIA A30,33,2519,24576,170.44,34
2026-10-09T05:02:00.593526+00:00,0,GPU-459c992a-cb19-fec9-a6ff-f14309e0e86a,NVIDIA A30,0,2059,24576,34.60,34
2026-10-09T05:02:00.593526+00:00,1,GPU-e3de7dc8-620f-0d1f-8bd9-d047dad41fe1,NVIDIA A30,0,2059,24576,31.07,28
2026-10-09T05:02:00.593526+00:00,2,GPU-e40ecd4c-d662-37cc-a069-2d669471410e,NVIDIA A30,100,2541,24576,165.37,39
2026-10-09T05:02:10.737747+00:00,0,GPU-459c992a-cb19-fec9-a6ff-f14309e0e86a,NVIDIA A30,100,3639,24576,159.28,43
2026-10-09T05:02:10.737747+00:00,1,GPU-e3de7dc8-620f-0d1f-8bd9-d047dad41fe1,NVIDIA A30,100,3639,24576,164.76,38
2026-10-09T05:02:10.737747+00:00,2,GPU-e40ecd4c-d662-37cc-a069-2d669471410e,NVIDIA A30,100,2541,24576,161.27,42
2026-10-09T05:02:20.826794+00:00,0,GPU-459c992a-cb19-fec9-a6ff-f14309e0e86a,NVIDIA A30,97,3639,24576,160.57,45
2026-10-09T05:02:20.826794+00:00,1,GPU-e3de7dc8-620f-0d1f-8bd9-d047dad41fe1,NVIDIA A30,98,3639,24576,172.24,42
2026-10-09T05:02:20.826794+00:00,2,GPU-e40ecd4c-d662-37cc-a069-2d669471410e,NVIDIA A30,100,2541,24576,155.43,44
2026-10-09T05:02:30.920773+00:00,0,GPU-459c992a-cb19-fec9-a6ff-f14309e0e86a,NVIDIA A30,100,3639,24576,176.98,48
2026-10-09T05:02:30.920773+00:00,1,GPU-e3de7dc8-620f-0d1f-8bd9-d047dad41fe1,NVIDIA A30,100,3639,24576,161.05,43
2026-10-09T05:02:30.920773+00:00,2,GPU-e40ecd4c-d662-37cc-a069-2d669471410e,NVIDIA A30,99,2541,24576,164.03,45
2026-10-09T05:02:41.024797+00:00,0,GPU-459c992a-cb19-fec9-a6ff-f14309e0e86a,NVIDIA A30,98,3639,24576,167.74,50
2026-10-09T05:02:41.024797+00:00,1,GPU-e3de7dc8-620f-0d1f-8bd9-d047dad41fe1,NVIDIA A30,97,3639,24576,116.82,45
2026-10-09T05:02:41.024797+00:00,2,GPU-e40ecd4c-d662-37cc-a069-2d669471410e,NVIDIA A30,99,2541,24576,168.01,47
2026-10-09T05:02:51.113282+00:00,0,GPU-459c992a-cb19-fec9-a6ff-f14309e0e86a,NVIDIA A30,100,3639,24576,166.45,51
2026-10-09T05:02:51.113282+00:00,1,GPU-e3de7dc8-620f-0d1f-8bd9-d047dad41fe1,NVIDIA A30,100,3639,24576,160.38,47
2026-10-09T05:02:51.113282+00:00,2,GPU-e40ecd4c-d662-37cc-a069-2d669471410e,NVIDIA A30,96,2541,24576,168.86,48
2026-10-09T05:03:01.211768+00:00,0,GPU-459c992a-cb19-fec9-a6ff-f14309e0e86a,NVIDIA A30,100,3641,24576,189.60,52
2026-10-09T05:03:01.211768+00:00,1,GPU-e3de7dc8-620f-0d1f-8bd9-d047dad41fe1,NVIDIA A30,97,3639,24576,157.92,48
2026-10-09T05:03:01.211768+00:00,2,GPU-e40ecd4c-d662-37cc-a069-2d669471410e,NVIDIA A30,100,2541,24576,128.09,49
2026-10-09T05:03:11.356369+00:00,0,GPU-459c992a-cb19-fec9-a6ff-f14309e0e86a,NVIDIA A30,90,3641,24576,160.90,53
2026-10-09T05:03:11.356369+00:00,1,GPU-e3de7dc8-620f-0d1f-8bd9-d047dad41fe1,NVIDIA A30,100,3639,24576,166.15,49
2026-10-09T05:03:11.356369+00:00,2,GPU-e40ecd4c-d662-37cc-a069-2d669471410e,NVIDIA A30,98,2541,24576,171.45,50
2026-10-09T05:03:21.453562+00:00,0,GPU-459c992a-cb19-fec9-a6ff-f14309e0e86a,NVIDIA A30,100,3641,24576,139.01,54
2026-10-09T05:03:21.453562+00:00,1,GPU-e3de7dc8-620f-0d1f-8bd9-d047dad41fe1,NVIDIA A30,96,3639,24576,180.72,50
2026-10-09T05:03:21.453562+00:00,2,GPU-e40ecd4c-d662-37cc-a069-2d669471410e,NVIDIA A30,99,2541,24576,164.46,51
2026-10-09T05:03:31.550204+00:00,0,GPU-459c992a-cb19-fec9-a6ff-f14309e0e86a,NVIDIA A30,98,3641,24576,163.45,55
2026-10-09T05:03:31.550204+00:00,1,GPU-e3de7dc8-620f-0d1f-8bd9-d047dad41fe1,NVIDIA A30,100,3639,24576,177.56,51
2026-10-09T05:03:31.550204+00:00,2,GPU-e40ecd4c-d662-37cc-a069-2d669471410e,NVIDIA A30,98,2541,24576,145.60,51
2026-10-09T05:03:41.646178+00:00,0,GPU-459c992a-cb19-fec9-a6ff-f14309e0e86a,NVIDIA A30,95,3641,24576,163.55,56
2026-10-09T05:03:41.646178+00:00,1,GPU-e3de7dc8-620f-0d1f-8bd9-d047dad41fe1,NVIDIA A30,100,3639,24576,136.15,52
2026-10-09T05:03:41.646178+00:00,2,GPU-e40ecd4c-d662-37cc-a069-2d669471410e,NVIDIA A30,98,2541,24576,158.45,52
2026-10-09T05:03:51.747212+00:00,0,GPU-459c992a-cb19-fec9-a6ff-f14309e0e86a,NVIDIA A30,100,3641,24576,176.23,56
2026-10-09T05:03:51.747212+00:00,1,GPU-e3de7dc8-620f-0d1f-8bd9-d047dad41fe1,NVIDIA A30,100,3639,24576,164.53,52
2026-10-09T05:03:51.747212+00:00,2,GPU-e40ecd4c-d662-37cc-a069-2d669471410e,NVIDIA A30,100,2541,24576,164.49,52
2026-10-09T05:04:01.841972+00:00,0,GPU-459c992a-cb19-fec9-a6ff-f14309e0e86a,NVIDIA A30,100,3641,24576,164.40,57
2026-10-09T05:04:01.841972+00:00,1,GPU-e3de7dc8-620f-0d1f-8bd9-d047dad41fe1,NVIDIA A30,95,3641,24576,165.09,53
2026-10-09T05:04:01.841972+00:00,2,GPU-e40ecd4c-d662-37cc-a069-2d669471410e,NVIDIA A30,99,2541,24576,165.63,53
2026-10-09T05:04:11.944428+00:00,0,GPU-459c992a-cb19-fec9-a6ff-f14309e0e86a,NVIDIA A30,92,3641,24576,140.55,57
2026-10-09T05:04:11.944428+00:00,1,GPU-e3de7dc8-620f-0d1f-8bd9-d047dad41fe1,NVIDIA A30,100,3641,24576,169.95,53
2026-10-09T05:04:11.944428+00:00,2,GPU-e40ecd4c-d662-37cc-a069-2d669471410e,NVIDIA A30,99,2541,24576,155.45,53
2026-10-09T05:04:22.050014+00:00,0,GPU-459c992a-cb19-fec9-a6ff-f14309e0e86a,NVIDIA A30,100,3641,24576,167.15,58
2026-10-09T05:04:22.050014+00:00,1,GPU-e3de7dc8-620f-0d1f-8bd9-d047dad41fe1,NVIDIA A30,98,3641,24576,165.15,54
2026-10-09T05:04:22.050014+00:00,2,GPU-e40ecd4c-d662-37cc-a069-2d669471410e,NVIDIA A30,96,2541,24576,162.08,53
2026-10-09T05:04:32.146294+00:00,0,GPU-459c992a-cb19-fec9-a6ff-f14309e0e86a,NVIDIA A30,100,3641,24576,165.19,58
2026-10-09T05:04:32.146294+00:00,1,GPU-e3de7dc8-620f-0d1f-8bd9-d047dad41fe1,NVIDIA A30,98,3641,24576,156.14,54
2026-10-09T05:04:32.146294+00:00,2,GPU-e40ecd4c-d662-37cc-a069-2d669471410e,NVIDIA A30,100,2541,24576,164.30,54
2026-10-09T05:04:42.251000+00:00,0,GPU-459c992a-cb19-fec9-a6ff-f14309e0e86a,NVIDIA A30,97,3641,24576,167.65,58
2026-10-09T05:04:42.251000+00:00,1,GPU-e3de7dc8-620f-0d1f-8bd9-d047dad41fe1,NVIDIA A30,100,3641,24576,164.55,54
2026-10-09T05:04:42.251000+00:00,2,GPU-e40ecd4c-d662-37cc-a069-2d669471410e,NVIDIA A30,99,2541,24576,162.96,54
2026-10-09T05:04:52.350640+00:00,0,GPU-459c992a-cb19-fec9-a6ff-f14309e0e86a,NVIDIA A30,92,3641,24576,170.67,58
2026-10-09T05:04:52.350640+00:00,1,GPU-e3de7dc8-620f-0d1f-8bd9-d047dad41fe1,NVIDIA A30,93,3641,24576,160.90,55
2026-10-09T05:04:52.350640+00:00,2,GPU-e40ecd4c-d662-37cc-a069-2d669471410e,NVIDIA A30,98,2541,24576,168.66,54
2026-10-09T05:05:02.449222+00:00,0,GPU-459c992a-cb19-fec9-a6ff-f14309e0e86a,NVIDIA A30,100,3641,24576,156.54,58
2026-10-09T05:05:02.449222+00:00,1,GPU-e3de7dc8-620f-0d1f-8bd9-d047dad41fe1,NVIDIA A30,100,3641,24576,158.79,55
2026-10-09T05:05:02.449222+00:00,2,GPU-e40ecd4c-d662-37cc-a069-2d669471410e,NVIDIA A30,100,2541,24576,172.49,54
2026-10-09T05:05:12.541825+00:00,0,GPU-459c992a-cb19-fec9-a6ff-f14309e0e86a,NVIDIA A30,100,3641,24576,172.65,59
2026-10-09T05:05:12.541825+00:00,1,GPU-e3de7dc8-620f-0d1f-8bd9-d047dad41fe1,NVIDIA A30,98,3641,24576,162.49,55
2026-10-09T05:05:12.541825+00:00,2,GPU-e40ecd4c-d662-37cc-a069-2d669471410e,NVIDIA A30,99,2541,24576,152.36,54
2026-10-09T05:05:22.638162+00:00,0,GPU-459c992a-cb19-fec9-a6ff-f14309e0e86a,NVIDIA A30,96,3641,24576,176.57,59
2026-10-09T05:05:22.638162+00:00,1,GPU-e3de7dc8-620f-0d1f-8bd9-d047dad41fe1,NVIDIA A30,100,3641,24576,171.02,55
2026-10-09T05:05:22.638162+00:00,2,GPU-e40ecd4c-d662-37cc-a069-2d669471410e,NVIDIA A30,99,2541,24576,166.44,55
2026-10-09T05:05:32.729686+00:00,0,GPU-459c992a-cb19-fec9-a6ff-f14309e0e86a,NVIDIA A30,100,3641,24576,162.09,59
2026-10-09T05:05:32.729686+00:00,1,GPU-e3de7dc8-620f-0d1f-8bd9-d047dad41fe1,NVIDIA A30,100,3641,24576,91.79,55
2026-10-09T05:05:32.729686+00:00,2,GPU-e40ecd4c-d662-37cc-a069-2d669471410e,NVIDIA A30,100,2541,24576,140.15,55
2026-10-09T05:05:42.818163+00:00,0,GPU-459c992a-cb19-fec9-a6ff-f14309e0e86a,NVIDIA A30,100,3641,24576,165.81,59
2026-10-09T05:05:42.818163+00:00,1,GPU-e3de7dc8-620f-0d1f-8bd9-d047dad41fe1,NVIDIA A30,100,3641,24576,174.04,55
2026-10-09T05:05:42.818163+00:00,2,GPU-e40ecd4c-d662-37cc-a069-2d669471410e,NVIDIA A30,100,2541,24576,166.00,55
2026-10-09T05:05:52.925196+00:00,0,GPU-459c992a-cb19-fec9-a6ff-f14309e0e86a,NVIDIA A30,94,3641,24576,166.44,59
2026-10-09T05:05:52.925196+00:00,1,GPU-e3de7dc8-620f-0d1f-8bd9-d047dad41fe1,NVIDIA A30,97,3641,24576,166.66,56
2026-10-09T05:05:52.925196+00:00,2,GPU-e40ecd4c-d662-37cc-a069-2d669471410e,NVIDIA A30,98,2541,24576,172.44,55
2026-10-09T05:06:03.009273+00:00,0,GPU-459c992a-cb19-fec9-a6ff-f14309e0e86a,NVIDIA A30,99,3641,24576,169.69,59
2026-10-09T05:06:03.009273+00:00,1,GPU-e3de7dc8-620f-0d1f-8bd9-d047dad41fe1,NVIDIA A30,100,3641,24576,168.01,56
2026-10-09T05:06:03.009273+00:00,2,GPU-e40ecd4c-d662-37cc-a069-2d669471410e,NVIDIA A30,0,4,24576,41.91,48
2026-10-09T05:06:13.098253+00:00,0,GPU-459c992a-cb19-fec9-a6ff-f14309e0e86a,NVIDIA A30,100,3641,24576,172.06,59
2026-10-09T05:06:13.098253+00:00,1,GPU-e3de7dc8-620f-0d1f-8bd9-d047dad41fe1,NVIDIA A30,97,3641,24576,157.47,56
2026-10-09T05:06:13.098253+00:00,2,GPU-e40ecd4c-d662-37cc-a069-2d669471410e,NVIDIA A30,0,313,24576,34.18,44
2026-10-09T05:06:23.192245+00:00,0,GPU-459c992a-cb19-fec9-a6ff-f14309e0e86a,NVIDIA A30,100,3641,24576,165.47,60
2026-10-09T05:06:23.192245+00:00,1,GPU-e3de7dc8-620f-0d1f-8bd9-d047dad41fe1,NVIDIA A30,100,3641,24576,166.75,56
2026-10-09T05:06:23.192245+00:00,2,GPU-e40ecd4c-d662-37cc-a069-2d669471410e,NVIDIA A30,0,1967,24576,33.59,41
2026-10-09T05:06:33.279877+00:00,0,GPU-459c992a-cb19-fec9-a6ff-f14309e0e86a,NVIDIA A30,100,3641,24576,164.93,60
2026-10-09T05:06:33.279877+00:00,1,GPU-e3de7dc8-620f-0d1f-8bd9-d047dad41fe1,NVIDIA A30,93,3641,24576,157.43,56
2026-10-09T05:06:33.279877+00:00,2,GPU-e40ecd4c-d662-37cc-a069-2d669471410e,NVIDIA A30,0,2059,24576,33.19,39
2026-10-09T05:06:43.377704+00:00,0,GPU-459c992a-cb19-fec9-a6ff-f14309e0e86a,NVIDIA A30,95,3641,24576,159.18,60
2026-10-09T05:06:43.377704+00:00,1,GPU-e3de7dc8-620f-0d1f-8bd9-d047dad41fe1,NVIDIA A30,100,3641,24576,163.55,56
2026-10-09T05:06:43.377704+00:00,2,GPU-e40ecd4c-d662-37cc-a069-2d669471410e,NVIDIA A30,99,2247,24576,168.22,45
2026-10-09T05:06:53.475233+00:00,0,GPU-459c992a-cb19-fec9-a6ff-f14309e0e86a,NVIDIA A30,91,3641,24576,171.70,60
2026-10-09T05:06:53.475233+00:00,1,GPU-e3de7dc8-620f-0d1f-8bd9-d047dad41fe1,NVIDIA A30,100,3641,24576,175.10,56
2026-10-09T05:06:53.475233+00:00,2,GPU-e40ecd4c-d662-37cc-a069-2d669471410e,NVIDIA A30,98,2247,24576,164.20,48
2026-10-09T05:07:03.563857+00:00,0,GPU-459c992a-cb19-fec9-a6ff-f14309e0e86a,NVIDIA A30,100,3641,24576,170.49,59
2026-10-09T05:07:03.563857+00:00,1,GPU-e3de7dc8-620f-0d1f-8bd9-d047dad41fe1,NVIDIA A30,100,3641,24576,170.78,56
2026-10-09T05:07:03.563857+00:00,2,GPU-e40ecd4c-d662-37cc-a069-2d669471410e,NVIDIA A30,99,2247,24576,164.38,49
2026-10-09T05:07:13.662333+00:00,0,GPU-459c992a-cb19-fec9-a6ff-f14309e0e86a,NVIDIA A30,100,3641,24576,152.46,60
2026-10-09T05:07:13.662333+00:00,1,GPU-e3de7dc8-620f-0d1f-8bd9-d047dad41fe1,NVIDIA A30,100,3641,24576,179.09,56
2026-10-09T05:07:13.662333+00:00,2,GPU-e40ecd4c-d662-37cc-a069-2d669471410e,NVIDIA A30,0,2247,24576,54.43,45
2026-10-09T05:07:23.750411+00:00,0,GPU-459c992a-cb19-fec9-a6ff-f14309e0e86a,NVIDIA A30,100,3641,24576,165.26,60
2026-10-09T05:07:23.750411+00:00,1,GPU-e3de7dc8-620f-0d1f-8bd9-d047dad41fe1,NVIDIA A30,96,3641,24576,167.40,56
2026-10-09T05:07:23.750411+00:00,2,GPU-e40ecd4c-d662-37cc-a069-2d669471410e,NVIDIA A30,0,4,24576,31.00,40
2026-10-09T05:07:33.855440+00:00,0,GPU-459c992a-cb19-fec9-a6ff-f14309e0e86a,NVIDIA A30,91,3641,24576,165.73,60
2026-10-09T05:07:33.855440+00:00,1,GPU-e3de7dc8-620f-0d1f-8bd9-d047dad41fe1,NVIDIA A30,100,3641,24576,158.61,56
2026-10-09T05:07:33.855440+00:00,2,GPU-e40ecd4c-d662-37cc-a069-2d669471410e,NVIDIA A30,0,333,24576,33.09,38
2026-10-09T05:07:43.956484+00:00,0,GPU-459c992a-cb19-fec9-a6ff-f14309e0e86a,NVIDIA A30,100,3641,24576,162.87,60
2026-10-09T05:07:43.956484+00:00,1,GPU-e3de7dc8-620f-0d1f-8bd9-d047dad41fe1,NVIDIA A30,92,3641,24576,97.56,56
2026-10-09T05:07:43.956484+00:00,2,GPU-e40ecd4c-d662-37cc-a069-2d669471410e,NVIDIA A30,0,1967,24576,32.60,37
2026-10-09T05:07:54.046646+00:00,0,GPU-459c992a-cb19-fec9-a6ff-f14309e0e86a,NVIDIA A30,100,3641,24576,167.15,60
2026-10-09T05:07:54.046646+00:00,1,GPU-e3de7dc8-620f-0d1f-8bd9-d047dad41fe1,NVIDIA A30,100,3641,24576,172.74,56
2026-10-09T05:07:54.046646+00:00,2,GPU-e40ecd4c-d662-37cc-a069-2d669471410e,NVIDIA A30,0,2059,24576,32.19,35
2026-10-09T05:08:04.138945+00:00,0,GPU-459c992a-cb19-fec9-a6ff-f14309e0e86a,NVIDIA A30,99,3641,24576,167.44,59
2026-10-09T05:08:04.138945+00:00,1,GPU-e3de7dc8-620f-0d1f-8bd9-d047dad41fe1,NVIDIA A30,95,3641,24576,166.74,57
2026-10-09T05:08:04.138945+00:00,2,GPU-e40ecd4c-d662-37cc-a069-2d669471410e,NVIDIA A30,98,2521,24576,162.88,42
2026-10-09T05:08:14.229046+00:00,0,GPU-459c992a-cb19-fec9-a6ff-f14309e0e86a,NVIDIA A30,93,3641,24576,167.44,60
2026-10-09T05:08:14.229046+00:00,1,GPU-e3de7dc8-620f-0d1f-8bd9-d047dad41fe1,NVIDIA A30,100,3641,24576,164.54,56
2026-10-09T05:08:14.229046+00:00,2,GPU-e40ecd4c-d662-37cc-a069-2d669471410e,NVIDIA A30,99,2541,24576,159.53,45
2026-10-09T05:08:24.317456+00:00,0,GPU-459c992a-cb19-fec9-a6ff-f14309e0e86a,NVIDIA A30,100,3641,24576,148.53,60
2026-10-09T05:08:24.317456+00:00,1,GPU-e3de7dc8-620f-0d1f-8bd9-d047dad41fe1,NVIDIA A30,100,3641,24576,167.12,56
2026-10-09T05:08:24.317456+00:00,2,GPU-e40ecd4c-d662-37cc-a069-2d669471410e,NVIDIA A30,100,2541,24576,164.01,47
2026-10-09T05:08:34.413037+00:00,0,GPU-459c992a-cb19-fec9-a6ff-f14309e0e86a,NVIDIA A30,100,3641,24576,181.37,60
2026-10-09T05:08:34.413037+00:00,1,GPU-e3de7dc8-620f-0d1f-8bd9-d047dad41fe1,NVIDIA A30,92,3641,24576,169.11,56
2026-10-09T05:08:34.413037+00:00,2,GPU-e40ecd4c-d662-37cc-a069-2d669471410e,NVIDIA A30,96,2541,24576,162.04,48
2026-10-09T05:08:44.507321+00:00,0,GPU-459c992a-cb19-fec9-a6ff-f14309e0e86a,NVIDIA A30,100,3641,24576,125.99,59
2026-10-09T05:08:44.507321+00:00,1,GPU-e3de7dc8-620f-0d1f-8bd9-d047dad41fe1,NVIDIA A30,100,3641,24576,162.23,56
2026-10-09T05:08:44.507321+00:00,2,GPU-e40ecd4c-d662-37cc-a069-2d669471410e,NVIDIA A30,96,2541,24576,163.10,49
2026-10-09T05:08:54.602364+00:00,0,GPU-459c992a-cb19-fec9-a6ff-f14309e0e86a,NVIDIA A30,93,3641,24576,172.00,60
2026-10-09T05:08:54.602364+00:00,1,GPU-e3de7dc8-620f-0d1f-8bd9-d047dad41fe1,NVIDIA A30,97,3641,24576,171.37,57
2026-10-09T05:08:54.602364+00:00,2,GPU-e40ecd4c-d662-37cc-a069-2d669471410e,NVIDIA A30,100,2541,24576,160.07,50
2026-10-09T05:09:04.687434+00:00,0,GPU-459c992a-cb19-fec9-a6ff-f14309e0e86a,NVIDIA A30,100,3641,24576,168.55,60
2026-10-09T05:09:04.687434+00:00,1,GPU-e3de7dc8-620f-0d1f-8bd9-d047dad41fe1,NVIDIA A30,92,3641,24576,164.93,56
2026-10-09T05:09:04.687434+00:00,2,GPU-e40ecd4c-d662-37cc-a069-2d669471410e,NVIDIA A30,100,2541,24576,152.89,51
2026-10-09T05:09:14.782813+00:00,0,GPU-459c992a-cb19-fec9-a6ff-f14309e0e86a,NVIDIA A30,100,3641,24576,163.86,60
2026-10-09T05:09:14.782813+00:00,1,GPU-e3de7dc8-620f-0d1f-8bd9-d047dad41fe1,NVIDIA A30,100,3641,24576,133.43,56
2026-10-09T05:09:14.782813+00:00,2,GPU-e40ecd4c-d662-37cc-a069-2d669471410e,NVIDIA A30,97,2541,24576,157.65,52
2026-10-09T05:09:24.881709+00:00,0,GPU-459c992a-cb19-fec9-a6ff-f14309e0e86a,NVIDIA A30,97,3641,24576,160.12,60
2026-10-09T05:09:24.881709+00:00,1,GPU-e3de7dc8-620f-0d1f-8bd9-d047dad41fe1,NVIDIA A30,100,3641,24576,169.91,56
2026-10-09T05:09:24.881709+00:00,2,GPU-e40ecd4c-d662-37cc-a069-2d669471410e,NVIDIA A30,98,2541,24576,149.85,52
2026-10-09T05:09:34.972535+00:00,0,GPU-459c992a-cb19-fec9-a6ff-f14309e0e86a,NVIDIA A30,100,3641,24576,161.24,60
2026-10-09T05:09:34.972535+00:00,1,GPU-e3de7dc8-620f-0d1f-8bd9-d047dad41fe1,NVIDIA A30,100,3641,24576,157.93,56
2026-10-09T05:09:34.972535+00:00,2,GPU-e40ecd4c-d662-37cc-a069-2d669471410e,NVIDIA A30,100,2541,24576,167.19,53
2026-10-09T05:09:45.063687+00:00,0,GPU-459c992a-cb19-fec9-a6ff-f14309e0e86a,NVIDIA A30,100,3641,24576,156.98,60
2026-10-09T05:09:45.063687+00:00,1,GPU-e3de7dc8-620f-0d1f-8bd9-d047dad41fe1,NVIDIA A30,96,3641,24576,161.64,57
2026-10-09T05:09:45.063687+00:00,2,GPU-e40ecd4c-d662-37cc-a069-2d669471410e,NVIDIA A30,100,2541,24576,163.07,53
2026-10-09T05:09:55.150512+00:00,0,GPU-459c992a-cb19-fec9-a6ff-f14309e0e86a,NVIDIA A30,100,3641,24576,173.95,60
2026-10-09T05:09:55.150512+00:00,1,GPU-e3de7dc8-620f-0d1f-8bd9-d047dad41fe1,NVIDIA A30,100,3641,24576,160.45,57
2026-10-09T05:09:55.150512+00:00,2,GPU-e40ecd4c-d662-37cc-a069-2d669471410e,NVIDIA A30,99,2541,24576,164.77,54
2026-10-09T05:10:05.239827+00:00,0,GPU-459c992a-cb19-fec9-a6ff-f14309e0e86a,NVIDIA A30,98,3641,24576,108.49,60
2026-10-09T05:10:05.239827+00:00,1,GPU-e3de7dc8-620f-0d1f-8bd9-d047dad41fe1,NVIDIA A30,100,3641,24576,156.88,56
2026-10-09T05:10:05.239827+00:00,2,GPU-e40ecd4c-d662-37cc-a069-2d669471410e,NVIDIA A30,98,2541,24576,168.90,54
2026-10-09T05:10:15.330011+00:00,0,GPU-459c992a-cb19-fec9-a6ff-f14309e0e86a,NVIDIA A30,100,3641,24576,173.46,60
2026-10-09T05:10:15.330011+00:00,1,GPU-e3de7dc8-620f-0d1f-8bd9-d047dad41fe1,NVIDIA A30,100,3641,24576,158.20,56
2026-10-09T05:10:15.330011+00:00,2,GPU-e40ecd4c-d662-37cc-a069-2d669471410e,NVIDIA A30,97,2541,24576,173.51,54
2026-10-09T05:10:25.431229+00:00,0,GPU-459c992a-cb19-fec9-a6ff-f14309e0e86a,NVIDIA A30,100,3641,24576,146.72,60
2026-10-09T05:10:25.431229+00:00,1,GPU-e3de7dc8-620f-0d1f-8bd9-d047dad41fe1,NVIDIA A30,98,3641,24576,162.43,57
2026-10-09T05:10:25.431229+00:00,2,GPU-e40ecd4c-d662-37cc-a069-2d669471410e,NVIDIA A30,100,2541,24576,165.21,54
2026-10-09T05:10:35.527215+00:00,0,GPU-459c992a-cb19-fec9-a6ff-f14309e0e86a,NVIDIA A30,100,3641,24576,175.67,60
2026-10-09T05:10:35.527215+00:00,1,GPU-e3de7dc8-620f-0d1f-8bd9-d047dad41fe1,NVIDIA A30,100,3641,24576,168.07,56
2026-10-09T05:10:35.527215+00:00,2,GPU-e40ecd4c-d662-37cc-a069-2d669471410e,NVIDIA A30,98,2541,24576,161.89,54
2026-10-09T05:10:45.626844+00:00,0,GPU-459c992a-cb19-fec9-a6ff-f14309e0e86a,NVIDIA A30,100,3641,24576,159.24,60
2026-10-09T05:10:45.626844+00:00,1,GPU-e3de7dc8-620f-0d1f-8bd9-d047dad41fe1,NVIDIA A30,95,3641,24576,113.16,56
2026-10-09T05:10:45.626844+00:00,2,GPU-e40ecd4c-d662-37cc-a069-2d669471410e,NVIDIA A30,98,2541,24576,156.81,55
2026-10-09T05:10:55.728465+00:00,0,GPU-459c992a-cb19-fec9-a6ff-f14309e0e86a,NVIDIA A30,100,3641,24576,166.10,60
2026-10-09T05:10:55.728465+00:00,1,GPU-e3de7dc8-620f-0d1f-8bd9-d047dad41fe1,NVIDIA A30,96,3641,24576,152.51,56
2026-10-09T05:10:55.728465+00:00,2,GPU-e40ecd4c-d662-37cc-a069-2d669471410e,NVIDIA A30,99,2541,24576,155.29,55
2026-10-09T05:11:05.826412+00:00,0,GPU-459c992a-cb19-fec9-a6ff-f14309e0e86a,NVIDIA A30,100,3641,24576,173.04,60
2026-10-09T05:11:05.826412+00:00,1,GPU-e3de7dc8-620f-0d1f-8bd9-d047dad41fe1,NVIDIA A30,100,3641,24576,173.69,56
2026-10-09T05:11:05.826412+00:00,2,GPU-e40ecd4c-d662-37cc-a069-2d669471410e,NVIDIA A30,100,2541,24576,158.88,55
2026-10-09T05:11:15.915554+00:00,0,GPU-459c992a-cb19-fec9-a6ff-f14309e0e86a,NVIDIA A30,99,3641,24576,161.05,60
2026-10-09T05:11:15.915554+00:00,1,GPU-e3de7dc8-620f-0d1f-8bd9-d047dad41fe1,NVIDIA A30,100,3641,24576,167.22,57
2026-10-09T05:11:15.915554+00:00,2,GPU-e40ecd4c-d662-37cc-a069-2d669471410e,NVIDIA A30,99,2541,24576,173.26,55
2026-10-09T05:11:26.000871+00:00,0,GPU-459c992a-cb19-fec9-a6ff-f14309e0e86a,NVIDIA A30,100,3641,24576,178.27,60
2026-10-09T05:11:26.000871+00:00,1,GPU-e3de7dc8-620f-0d1f-8bd9-d047dad41fe1,NVIDIA A30,100,3641,24576,169.52,56
2026-10-09T05:11:26.000871+00:00,2,GPU-e40ecd4c-d662-37cc-a069-2d669471410e,NVIDIA A30,96,2541,24576,154.56,55
2026-10-09T05:11:36.095339+00:00,0,GPU-459c992a-cb19-fec9-a6ff-f14309e0e86a,NVIDIA A30,98,3641,24576,164.82,61
2026-10-09T05:11:36.095339+00:00,1,GPU-e3de7dc8-620f-0d1f-8bd9-d047dad41fe1,NVIDIA A30,97,3641,24576,167.95,57
2026-10-09T05:11:36.095339+00:00,2,GPU-e40ecd4c-d662-37cc-a069-2d669471410e,NVIDIA A30,99,2541,24576,167.54,55
2026-10-09T05:11:46.179386+00:00,0,GPU-459c992a-cb19-fec9-a6ff-f14309e0e86a,NVIDIA A30,94,3641,24576,169.30,60
2026-10-09T05:11:46.179386+00:00,1,GPU-e3de7dc8-620f-0d1f-8bd9-d047dad41fe1,NVIDIA A30,100,3641,24576,165.00,56
2026-10-09T05:11:46.179386+00:00,2,GPU-e40ecd4c-d662-37cc-a069-2d669471410e,NVIDIA A30,100,2541,24576,161.50,55
2026-10-09T05:11:56.262048+00:00,0,GPU-459c992a-cb19-fec9-a6ff-f14309e0e86a,NVIDIA A30,100,3641,24576,150.44,60
2026-10-09T05:11:56.262048+00:00,1,GPU-e3de7dc8-620f-0d1f-8bd9-d047dad41fe1,NVIDIA A30,100,3641,24576,175.45,57
2026-10-09T05:11:56.262048+00:00,2,GPU-e40ecd4c-d662-37cc-a069-2d669471410e,NVIDIA A30,99,2541,24576,161.29,56
2026-10-09T05:12:06.345533+00:00,0,GPU-459c992a-cb19-fec9-a6ff-f14309e0e86a,NVIDIA A30,100,3641,24576,161.54,60
2026-10-09T05:12:06.345533+00:00,1,GPU-e3de7dc8-620f-0d1f-8bd9-d047dad41fe1,NVIDIA A30,60,4,24576,53.08,48
2026-10-09T05:12:06.345533+00:00,2,GPU-e40ecd4c-d662-37cc-a069-2d669471410e,NVIDIA A30,100,2541,24576,168.28,55
2026-10-09T05:12:16.427448+00:00,0,GPU-459c992a-cb19-fec9-a6ff-f14309e0e86a,NVIDIA A30,0,3643,24576,42.73,54
2026-10-09T05:12:16.427448+00:00,1,GPU-e3de7dc8-620f-0d1f-8bd9-d047dad41fe1,NVIDIA A30,0,4,24576,32.08,44
2026-10-09T05:12:16.427448+00:00,2,GPU-e40ecd4c-d662-37cc-a069-2d669471410e,NVIDIA A30,0,4,24576,32.53,47
2026-10-09T05:12:26.549513+00:00,0,GPU-459c992a-cb19-fec9-a6ff-f14309e0e86a,NVIDIA A30,0,4,24576,38.57,50
2026-10-09T05:12:26.549513+00:00,1,GPU-e3de7dc8-620f-0d1f-8bd9-d047dad41fe1,NVIDIA A30,0,333,24576,33.76,41
2026-10-09T05:12:26.549513+00:00,2,GPU-e40ecd4c-d662-37cc-a069-2d669471410e,NVIDIA A30,0,333,24576,34.12,44
2026-10-09T05:12:36.661265+00:00,0,GPU-459c992a-cb19-fec9-a6ff-f14309e0e86a,NVIDIA A30,0,333,24576,39.76,47
2026-10-09T05:12:36.661265+00:00,1,GPU-e3de7dc8-620f-0d1f-8bd9-d047dad41fe1,NVIDIA A30,0,1967,24576,33.56,39
2026-10-09T05:12:36.661265+00:00,2,GPU-e40ecd4c-d662-37cc-a069-2d669471410e,NVIDIA A30,1,1967,24576,33.81,41
2026-10-09T05:12:46.762098+00:00,0,GPU-459c992a-cb19-fec9-a6ff-f14309e0e86a,NVIDIA A30,0,2059,24576,38.76,45
2026-10-09T05:12:46.762098+00:00,1,GPU-e3de7dc8-620f-0d1f-8bd9-d047dad41fe1,NVIDIA A30,0,2059,24576,33.06,37
2026-10-09T05:12:46.762098+00:00,2,GPU-e40ecd4c-d662-37cc-a069-2d669471410e,NVIDIA A30,97,2227,24576,161.51,46
2026-10-09T05:12:56.862550+00:00,0,GPU-459c992a-cb19-fec9-a6ff-f14309e0e86a,NVIDIA A30,0,2059,24576,38.03,43
2026-10-09T05:12:56.862550+00:00,1,GPU-e3de7dc8-620f-0d1f-8bd9-d047dad41fe1,NVIDIA A30,99,2633,24576,166.80,46
2026-10-09T05:12:56.862550+00:00,2,GPU-e40ecd4c-d662-37cc-a069-2d669471410e,NVIDIA A30,98,2247,24576,162.79,49
2026-10-09T05:13:06.966371+00:00,0,GPU-459c992a-cb19-fec9-a6ff-f14309e0e86a,NVIDIA A30,99,2633,24576,159.19,52
2026-10-09T05:13:06.966371+00:00,1,GPU-e3de7dc8-620f-0d1f-8bd9-d047dad41fe1,NVIDIA A30,99,2633,24576,172.47,48
2026-10-09T05:13:06.966371+00:00,2,GPU-e40ecd4c-d662-37cc-a069-2d669471410e,NVIDIA A30,98,2247,24576,164.17,50
2026-10-09T05:13:17.078567+00:00,0,GPU-459c992a-cb19-fec9-a6ff-f14309e0e86a,NVIDIA A30,98,2633,24576,166.21,54
2026-10-09T05:13:17.078567+00:00,1,GPU-e3de7dc8-620f-0d1f-8bd9-d047dad41fe1,NVIDIA A30,99,2633,24576,161.79,50
2026-10-09T05:13:17.078567+00:00,2,GPU-e40ecd4c-d662-37cc-a069-2d669471410e,NVIDIA A30,0,2247,24576,55.05,46
2026-10-09T05:13:27.182959+00:00,0,GPU-459c992a-cb19-fec9-a6ff-f14309e0e86a,NVIDIA A30,100,2633,24576,170.65,55
2026-10-09T05:13:27.182959+00:00,1,GPU-e3de7dc8-620f-0d1f-8bd9-d047dad41fe1,NVIDIA A30,100,2633,24576,167.92,51
2026-10-09T05:13:27.182959+00:00,2,GPU-e40ecd4c-d662-37cc-a069-2d669471410e,NVIDIA A30,0,4,24576,31.31,41
2026-10-09T05:13:37.295023+00:00,0,GPU-459c992a-cb19-fec9-a6ff-f14309e0e86a,NVIDIA A30,100,2633,24576,161.49,56
2026-10-09T05:13:37.295023+00:00,1,GPU-e3de7dc8-620f-0d1f-8bd9-d047dad41fe1,NVIDIA A30,99,2653,24576,160.28,52
2026-10-09T05:13:37.295023+00:00,2,GPU-e40ecd4c-d662-37cc-a069-2d669471410e,NVIDIA A30,0,4,24576,30.51,39
2026-10-09T05:13:47.418740+00:00,0,GPU-459c992a-cb19-fec9-a6ff-f14309e0e86a,NVIDIA A30,99,2653,24576,165.73,56
2026-10-09T05:13:47.418740+00:00,1,GPU-e3de7dc8-620f-0d1f-8bd9-d047dad41fe1,NVIDIA A30,99,2653,24576,169.42,53
2026-10-09T05:13:47.418740+00:00,2,GPU-e40ecd4c-d662-37cc-a069-2d669471410e,NVIDIA A30,0,4,24576,30.12,37
2026-10-09T05:13:57.532180+00:00,0,GPU-459c992a-cb19-fec9-a6ff-f14309e0e86a,NVIDIA A30,99,2653,24576,166.87,57
2026-10-09T05:13:57.532180+00:00,1,GPU-e3de7dc8-620f-0d1f-8bd9-d047dad41fe1,NVIDIA A30,99,2653,24576,164.05,53
2026-10-09T05:13:57.532180+00:00,2,GPU-e40ecd4c-d662-37cc-a069-2d669471410e,NVIDIA A30,0,4,24576,29.71,36
2026-10-09T05:14:07.657481+00:00,0,GPU-459c992a-cb19-fec9-a6ff-f14309e0e86a,NVIDIA A30,99,2653,24576,168.17,57
2026-10-09T05:14:07.657481+00:00,1,GPU-e3de7dc8-620f-0d1f-8bd9-d047dad41fe1,NVIDIA A30,99,2653,24576,161.89,54
2026-10-09T05:14:07.657481+00:00,2,GPU-e40ecd4c-d662-37cc-a069-2d669471410e,NVIDIA A30,0,4,24576,29.42,34
2026-10-09T05:14:17.770184+00:00,0,GPU-459c992a-cb19-fec9-a6ff-f14309e0e86a,NVIDIA A30,0,0,24576,41.24,49
2026-10-09T05:14:17.770184+00:00,1,GPU-e3de7dc8-620f-0d1f-8bd9-d047dad41fe1,NVIDIA A30,16,0,24576,34.75,42
2026-10-09T05:14:17.770184+00:00,2,GPU-e40ecd4c-d662-37cc-a069-2d669471410e,NVIDIA A30,0,0,24576,29.25,33
2026-10-09T05:14:36.625127+00:00,0,GPU-459c992a-cb19-fec9-a6ff-f14309e0e86a,NVIDIA A30,0,4,24576,38.96,46
2026-10-09T05:14:36.625127+00:00,1,GPU-e3de7dc8-620f-0d1f-8bd9-d047dad41fe1,NVIDIA A30,0,4,24576,33.37,39
2026-10-09T05:14:36.625127+00:00,2,GPU-e40ecd4c-d662-37cc-a069-2d669471410e,NVIDIA A30,0,4,24576,31.54,33
2026-10-09T05:14:46.724518+00:00,0,GPU-459c992a-cb19-fec9-a6ff-f14309e0e86a,NVIDIA A30,0,333,24576,38.47,44
2026-10-09T05:14:46.724518+00:00,1,GPU-e3de7dc8-620f-0d1f-8bd9-d047dad41fe1,NVIDIA A30,0,333,24576,32.87,37
2026-10-09T05:14:46.724518+00:00,2,GPU-e40ecd4c-d662-37cc-a069-2d669471410e,NVIDIA A30,0,313,24576,31.43,32
2026-10-09T05:14:56.822124+00:00,0,GPU-459c992a-cb19-fec9-a6ff-f14309e0e86a,NVIDIA A30,0,1967,24576,37.78,42
2026-10-09T05:14:56.822124+00:00,1,GPU-e3de7dc8-620f-0d1f-8bd9-d047dad41fe1,NVIDIA A30,0,1967,24576,32.48,35
2026-10-09T05:14:56.822124+00:00,2,GPU-e40ecd4c-d662-37cc-a069-2d669471410e,NVIDIA A30,0,1967,24576,31.43,31
2026-10-09T05:15:06.922321+00:00,0,GPU-459c992a-cb19-fec9-a6ff-f14309e0e86a,NVIDIA A30,0,2059,24576,37.40,41
2026-10-09T05:15:06.922321+00:00,1,GPU-e3de7dc8-620f-0d1f-8bd9-d047dad41fe1,NVIDIA A30,0,2059,24576,32.28,34
2026-10-09T05:15:06.922321+00:00,2,GPU-e40ecd4c-d662-37cc-a069-2d669471410e,NVIDIA A30,0,2059,24576,31.33,31
2026-10-09T05:15:17.021297+00:00,0,GPU-459c992a-cb19-fec9-a6ff-f14309e0e86a,NVIDIA A30,0,2059,24576,36.80,40
2026-10-09T05:15:17.021297+00:00,1,GPU-e3de7dc8-620f-0d1f-8bd9-d047dad41fe1,NVIDIA A30,0,2059,24576,31.98,33
2026-10-09T05:15:17.021297+00:00,2,GPU-e40ecd4c-d662-37cc-a069-2d669471410e,NVIDIA A30,0,2059,24576,31.24,31
2026-10-09T05:15:27.117207+00:00,0,GPU-459c992a-cb19-fec9-a6ff-f14309e0e86a,NVIDIA A30,100,2521,24576,157.08,48
2026-10-09T05:15:27.117207+00:00,1,GPU-e3de7dc8-620f-0d1f-8bd9-d047dad41fe1,NVIDIA A30,96,2521,24576,169.00,43
2026-10-09T05:15:27.117207+00:00,2,GPU-e40ecd4c-d662-37cc-a069-2d669471410e,NVIDIA A30,99,2521,24576,170.84,39
2026-10-09T05:15:37.213259+00:00,0,GPU-459c992a-cb19-fec9-a6ff-f14309e0e86a,NVIDIA A30,99,2521,24576,164.96,50
2026-10-09T05:15:37.213259+00:00,1,GPU-e3de7dc8-620f-0d1f-8bd9-d047dad41fe1,NVIDIA A30,100,2521,24576,172.63,46
2026-10-09T05:15:37.213259+00:00,2,GPU-e40ecd4c-d662-37cc-a069-2d669471410e,NVIDIA A30,97,2521,24576,161.74,42
2026-10-09T05:15:47.320418+00:00,0,GPU-459c992a-cb19-fec9-a6ff-f14309e0e86a,NVIDIA A30,98,2521,24576,165.33,52
2026-10-09T05:15:47.320418+00:00,1,GPU-e3de7dc8-620f-0d1f-8bd9-d047dad41fe1,NVIDIA A30,99,2541,24576,162.48,47
2026-10-09T05:15:47.320418+00:00,2,GPU-e40ecd4c-d662-37cc-a069-2d669471410e,NVIDIA A30,100,2521,24576,151.02,44
2026-10-09T05:15:57.411213+00:00,0,GPU-459c992a-cb19-fec9-a6ff-f14309e0e86a,NVIDIA A30,100,2521,24576,150.63,53
2026-10-09T05:15:57.411213+00:00,1,GPU-e3de7dc8-620f-0d1f-8bd9-d047dad41fe1,NVIDIA A30,97,2541,24576,163.90,49
2026-10-09T05:15:57.411213+00:00,2,GPU-e40ecd4c-d662-37cc-a069-2d669471410e,NVIDIA A30,97,2521,24576,169.51,46
2026-10-09T05:16:07.504152+00:00,0,GPU-459c992a-cb19-fec9-a6ff-f14309e0e86a,NVIDIA A30,100,2521,24576,166.51,54
2026-10-09T05:16:07.504152+00:00,1,GPU-e3de7dc8-620f-0d1f-8bd9-d047dad41fe1,NVIDIA A30,97,2541,24576,164.68,50
2026-10-09T05:16:07.504152+00:00,2,GPU-e40ecd4c-d662-37cc-a069-2d669471410e,NVIDIA A30,99,2541,24576,150.82,47
2026-10-09T05:16:17.673702+00:00,0,GPU-459c992a-cb19-fec9-a6ff-f14309e0e86a,NVIDIA A30,100,2521,24576,169.38,55
2026-10-09T05:16:17.673702+00:00,1,GPU-e3de7dc8-620f-0d1f-8bd9-d047dad41fe1,NVIDIA A30,100,2541,24576,168.51,51
2026-10-09T05:16:17.673702+00:00,2,GPU-e40ecd4c-d662-37cc-a069-2d669471410e,NVIDIA A30,100,2541,24576,165.31,48
2026-10-09T05:16:27.773654+00:00,0,GPU-459c992a-cb19-fec9-a6ff-f14309e0e86a,NVIDIA A30,100,2521,24576,168.03,56
2026-10-09T05:16:27.773654+00:00,1,GPU-e3de7dc8-620f-0d1f-8bd9-d047dad41fe1,NVIDIA A30,97,2541,24576,158.86,52
2026-10-09T05:16:27.773654+00:00,2,GPU-e40ecd4c-d662-37cc-a069-2d669471410e,NVIDIA A30,97,2541,24576,140.66,50
2026-10-09T05:16:37.873818+00:00,0,GPU-459c992a-cb19-fec9-a6ff-f14309e0e86a,NVIDIA A30,100,2521,24576,162.84,57
2026-10-09T05:16:37.873818+00:00,1,GPU-e3de7dc8-620f-0d1f-8bd9-d047dad41fe1,NVIDIA A30,99,2541,24576,163.45,53
2026-10-09T05:16:37.873818+00:00,2,GPU-e40ecd4c-d662-37cc-a069-2d669471410e,NVIDIA A30,95,2541,24576,174.67,51
2026-10-09T05:16:47.973194+00:00,0,GPU-459c992a-cb19-fec9-a6ff-f14309e0e86a,NVIDIA A30,100,2541,24576,164.51,57
2026-10-09T05:16:47.973194+00:00,1,GPU-e3de7dc8-620f-0d1f-8bd9-d047dad41fe1,NVIDIA A30,100,2541,24576,170.08,53
2026-10-09T05:16:47.973194+00:00,2,GPU-e40ecd4c-d662-37cc-a069-2d669471410e,NVIDIA A30,100,2541,24576,159.21,51
2026-10-09T05:16:58.074007+00:00,0,GPU-459c992a-cb19-fec9-a6ff-f14309e0e86a,NVIDIA A30,95,2541,24576,175.38,57
2026-10-09T05:16:58.074007+00:00,1,GPU-e3de7dc8-620f-0d1f-8bd9-d047dad41fe1,NVIDIA A30,99,2541,24576,167.58,53
2026-10-09T05:16:58.074007+00:00,2,GPU-e40ecd4c-d662-37cc-a069-2d669471410e,NVIDIA A30,98,2541,24576,163.30,52
2026-10-09T05:17:08.176570+00:00,0,GPU-459c992a-cb19-fec9-a6ff-f14309e0e86a,NVIDIA A30,100,2541,24576,170.73,58
2026-10-09T05:17:08.176570+00:00,1,GPU-e3de7dc8-620f-0d1f-8bd9-d047dad41fe1,NVIDIA A30,100,2541,24576,117.74,54
2026-10-09T05:17:08.176570+00:00,2,GPU-e40ecd4c-d662-37cc-a069-2d669471410e,NVIDIA A30,98,2541,24576,161.60,52
2026-10-09T05:17:18.280666+00:00,0,GPU-459c992a-cb19-fec9-a6ff-f14309e0e86a,NVIDIA A30,99,2561,24576,162.69,58
2026-10-09T05:17:18.280666+00:00,1,GPU-e3de7dc8-620f-0d1f-8bd9-d047dad41fe1,NVIDIA A30,99,2541,24576,166.74,54
2026-10-09T05:17:18.280666+00:00,2,GPU-e40ecd4c-d662-37cc-a069-2d669471410e,NVIDIA A30,99,2541,24576,148.58,53
2026-10-09T05:17:28.382554+00:00,0,GPU-459c992a-cb19-fec9-a6ff-f14309e0e86a,NVIDIA A30,99,2561,24576,157.32,58
2026-10-09T05:17:28.382554+00:00,1,GPU-e3de7dc8-620f-0d1f-8bd9-d047dad41fe1,NVIDIA A30,100,2541,24576,153.93,55
2026-10-09T05:17:28.382554+00:00,2,GPU-e40ecd4c-d662-37cc-a069-2d669471410e,NVIDIA A30,100,2541,24576,169.66,53
2026-10-09T05:17:38.478169+00:00,0,GPU-459c992a-cb19-fec9-a6ff-f14309e0e86a,NVIDIA A30,99,2561,24576,162.78,59
2026-10-09T05:17:38.478169+00:00,1,GPU-e3de7dc8-620f-0d1f-8bd9-d047dad41fe1,NVIDIA A30,100,2541,24576,133.86,55
2026-10-09T05:17:38.478169+00:00,2,GPU-e40ecd4c-d662-37cc-a069-2d669471410e,NVIDIA A30,97,2541,24576,169.36,53
2026-10-09T05:17:48.586900+00:00,0,GPU-459c992a-cb19-fec9-a6ff-f14309e0e86a,NVIDIA A30,100,2561,24576,170.82,59
2026-10-09T05:17:48.586900+00:00,1,GPU-e3de7dc8-620f-0d1f-8bd9-d047dad41fe1,NVIDIA A30,97,2541,24576,149.35,56
2026-10-09T05:17:48.586900+00:00,2,GPU-e40ecd4c-d662-37cc-a069-2d669471410e,NVIDIA A30,95,2541,24576,167.85,54
2026-10-09T05:17:58.688521+00:00,0,GPU-459c992a-cb19-fec9-a6ff-f14309e0e86a,NVIDIA A30,99,2561,24576,153.25,59
2026-10-09T05:17:58.688521+00:00,1,GPU-e3de7dc8-620f-0d1f-8bd9-d047dad41fe1,NVIDIA A30,100,2541,24576,163.10,55
2026-10-09T05:17:58.688521+00:00,2,GPU-e40ecd4c-d662-37cc-a069-2d669471410e,NVIDIA A30,99,2541,24576,170.76,54
2026-10-09T05:18:08.782313+00:00,0,GPU-459c992a-cb19-fec9-a6ff-f14309e0e86a,NVIDIA A30,98,2561,24576,163.51,59
2026-10-09T05:18:08.782313+00:00,1,GPU-e3de7dc8-620f-0d1f-8bd9-d047dad41fe1,NVIDIA A30,99,2541,24576,140.29,56
2026-10-09T05:18:08.782313+00:00,2,GPU-e40ecd4c-d662-37cc-a069-2d669471410e,NVIDIA A30,100,2541,24576,168.68,54
2026-10-09T05:18:18.864382+00:00,0,GPU-459c992a-cb19-fec9-a6ff-f14309e0e86a,NVIDIA A30,97,2561,24576,162.04,59
2026-10-09T05:18:18.864382+00:00,1,GPU-e3de7dc8-620f-0d1f-8bd9-d047dad41fe1,NVIDIA A30,97,2541,24576,170.41,56
2026-10-09T05:18:18.864382+00:00,2,GPU-e40ecd4c-d662-37cc-a069-2d669471410e,NVIDIA A30,99,2541,24576,175.23,55
2026-10-09T05:18:28.954401+00:00,0,GPU-459c992a-cb19-fec9-a6ff-f14309e0e86a,NVIDIA A30,100,2561,24576,168.67,59
2026-10-09T05:18:28.954401+00:00,1,GPU-e3de7dc8-620f-0d1f-8bd9-d047dad41fe1,NVIDIA A30,100,2541,24576,172.44,56
2026-10-09T05:18:28.954401+00:00,2,GPU-e40ecd4c-d662-37cc-a069-2d669471410e,NVIDIA A30,99,2541,24576,136.40,55
2026-10-09T05:18:39.052640+00:00,0,GPU-459c992a-cb19-fec9-a6ff-f14309e0e86a,NVIDIA A30,99,2561,24576,166.99,60
2026-10-09T05:18:39.052640+00:00,1,GPU-e3de7dc8-620f-0d1f-8bd9-d047dad41fe1,NVIDIA A30,99,2541,24576,151.57,56
2026-10-09T05:18:39.052640+00:00,2,GPU-e40ecd4c-d662-37cc-a069-2d669471410e,NVIDIA A30,98,2541,24576,146.60,55
2026-10-09T05:18:49.133167+00:00,0,GPU-459c992a-cb19-fec9-a6ff-f14309e0e86a,NVIDIA A30,97,2561,24576,173.11,60
2026-10-09T05:18:49.133167+00:00,1,GPU-e3de7dc8-620f-0d1f-8bd9-d047dad41fe1,NVIDIA A30,100,2541,24576,160.99,56
2026-10-09T05:18:49.133167+00:00,2,GPU-e40ecd4c-d662-37cc-a069-2d669471410e,NVIDIA A30,99,2541,24576,160.08,55
2026-10-09T05:18:59.236408+00:00,0,GPU-459c992a-cb19-fec9-a6ff-f14309e0e86a,NVIDIA A30,98,2561,24576,170.72,60
2026-10-09T05:18:59.236408+00:00,1,GPU-e3de7dc8-620f-0d1f-8bd9-d047dad41fe1,NVIDIA A30,97,2541,24576,166.16,56
2026-10-09T05:18:59.236408+00:00,2,GPU-e40ecd4c-d662-37cc-a069-2d669471410e,NVIDIA A30,96,2541,24576,160.86,55
2026-10-09T05:19:09.329638+00:00,0,GPU-459c992a-cb19-fec9-a6ff-f14309e0e86a,NVIDIA A30,100,2561,24576,170.23,60
2026-10-09T05:19:09.329638+00:00,1,GPU-e3de7dc8-620f-0d1f-8bd9-d047dad41fe1,NVIDIA A30,97,2541,24576,150.25,56
2026-10-09T05:19:09.329638+00:00,2,GPU-e40ecd4c-d662-37cc-a069-2d669471410e,NVIDIA A30,98,2541,24576,165.75,55
2026-10-09T05:19:19.432290+00:00,0,GPU-459c992a-cb19-fec9-a6ff-f14309e0e86a,NVIDIA A30,96,2561,24576,175.68,60
2026-10-09T05:19:19.432290+00:00,1,GPU-e3de7dc8-620f-0d1f-8bd9-d047dad41fe1,NVIDIA A30,99,2541,24576,159.24,56
2026-10-09T05:19:19.432290+00:00,2,GPU-e40ecd4c-d662-37cc-a069-2d669471410e,NVIDIA A30,99,2541,24576,168.71,55
2026-10-09T05:19:29.534382+00:00,0,GPU-459c992a-cb19-fec9-a6ff-f14309e0e86a,NVIDIA A30,100,2561,24576,157.47,60
2026-10-09T05:19:29.534382+00:00,1,GPU-e3de7dc8-620f-0d1f-8bd9-d047dad41fe1,NVIDIA A30,99,2541,24576,162.19,56
2026-10-09T05:19:29.534382+00:00,2,GPU-e40ecd4c-d662-37cc-a069-2d669471410e,NVIDIA A30,100,2541,24576,146.99,55
2026-10-09T05:19:39.645377+00:00,0,GPU-459c992a-cb19-fec9-a6ff-f14309e0e86a,NVIDIA A30,94,2561,24576,169.88,60
2026-10-09T05:19:39.645377+00:00,1,GPU-e3de7dc8-620f-0d1f-8bd9-d047dad41fe1,NVIDIA A30,99,2541,24576,154.81,56
2026-10-09T05:19:39.645377+00:00,2,GPU-e40ecd4c-d662-37cc-a069-2d669471410e,NVIDIA A30,100,2541,24576,172.04,56
2026-10-09T05:19:49.759880+00:00,0,GPU-459c992a-cb19-fec9-a6ff-f14309e0e86a,NVIDIA A30,97,2561,24576,153.05,60
2026-10-09T05:19:49.759880+00:00,1,GPU-e3de7dc8-620f-0d1f-8bd9-d047dad41fe1,NVIDIA A30,99,2541,24576,167.56,57
2026-10-09T05:19:49.759880+00:00,2,GPU-e40ecd4c-d662-37cc-a069-2d669471410e,NVIDIA A30,96,2541,24576,168.17,56
2026-10-09T05:19:59.857600+00:00,0,GPU-459c992a-cb19-fec9-a6ff-f14309e0e86a,NVIDIA A30,100,2561,24576,166.70,61
2026-10-09T05:19:59.857600+00:00,1,GPU-e3de7dc8-620f-0d1f-8bd9-d047dad41fe1,NVIDIA A30,95,2541,24576,163.63,57
2026-10-09T05:19:59.857600+00:00,2,GPU-e40ecd4c-d662-37cc-a069-2d669471410e,NVIDIA A30,100,2541,24576,170.82,56
2026-10-09T05:20:09.952911+00:00,0,GPU-459c992a-cb19-fec9-a6ff-f14309e0e86a,NVIDIA A30,99,2561,24576,169.18,60
2026-10-09T05:20:09.952911+00:00,1,GPU-e3de7dc8-620f-0d1f-8bd9-d047dad41fe1,NVIDIA A30,95,2541,24576,153.74,57
2026-10-09T05:20:09.952911+00:00,2,GPU-e40ecd4c-d662-37cc-a069-2d669471410e,NVIDIA A30,99,2541,24576,151.17,56
2026-10-09T05:20:20.051253+00:00,0,GPU-459c992a-cb19-fec9-a6ff-f14309e0e86a,NVIDIA A30,96,2561,24576,163.93,60
2026-10-09T05:20:20.051253+00:00,1,GPU-e3de7dc8-620f-0d1f-8bd9-d047dad41fe1,NVIDIA A30,99,2541,24576,161.68,57
2026-10-09T05:20:20.051253+00:00,2,GPU-e40ecd4c-d662-37cc-a069-2d669471410e,NVIDIA A30,99,2541,24576,175.66,56
2026-10-09T05:20:30.151599+00:00,0,GPU-459c992a-cb19-fec9-a6ff-f14309e0e86a,NVIDIA A30,96,2561,24576,165.20,60
2026-10-09T05:20:30.151599+00:00,1,GPU-e3de7dc8-620f-0d1f-8bd9-d047dad41fe1,NVIDIA A30,99,2541,24576,164.32,57
2026-10-09T05:20:30.151599+00:00,2,GPU-e40ecd4c-d662-37cc-a069-2d669471410e,NVIDIA A30,99,2541,24576,162.42,56
2026-10-09T05:20:40.255883+00:00,0,GPU-459c992a-cb19-fec9-a6ff-f14309e0e86a,NVIDIA A30,99,2561,24576,154.23,60
2026-10-09T05:20:40.255883+00:00,1,GPU-e3de7dc8-620f-0d1f-8bd9-d047dad41fe1,NVIDIA A30,97,2541,24576,168.94,57
2026-10-09T05:20:40.255883+00:00,2,GPU-e40ecd4c-d662-37cc-a069-2d669471410e,NVIDIA A30,97,2541,24576,173.00,56
2026-10-09T05:20:50.360657+00:00,0,GPU-459c992a-cb19-fec9-a6ff-f14309e0e86a,NVIDIA A30,100,2561,24576,161.84,60
2026-10-09T05:20:50.360657+00:00,1,GPU-e3de7dc8-620f-0d1f-8bd9-d047dad41fe1,NVIDIA A30,96,2541,24576,168.72,57
2026-10-09T05:20:50.360657+00:00,2,GPU-e40ecd4c-d662-37cc-a069-2d669471410e,NVIDIA A30,100,2541,24576,171.31,56
2026-10-09T05:21:00.456934+00:00,0,GPU-459c992a-cb19-fec9-a6ff-f14309e0e86a,NVIDIA A30,98,2561,24576,155.99,60
2026-10-09T05:21:00.456934+00:00,1,GPU-e3de7dc8-620f-0d1f-8bd9-d047dad41fe1,NVIDIA A30,96,2541,24576,161.84,57
2026-10-09T05:21:00.456934+00:00,2,GPU-e40ecd4c-d662-37cc-a069-2d669471410e,NVIDIA A30,100,2541,24576,158.14,56
2026-10-09T05:21:10.544516+00:00,0,GPU-459c992a-cb19-fec9-a6ff-f14309e0e86a,NVIDIA A30,99,2561,24576,154.43,60
2026-10-09T05:21:10.544516+00:00,1,GPU-e3de7dc8-620f-0d1f-8bd9-d047dad41fe1,NVIDIA A30,99,2541,24576,166.94,57
2026-10-09T05:21:10.544516+00:00,2,GPU-e40ecd4c-d662-37cc-a069-2d669471410e,NVIDIA A30,100,2541,24576,168.23,56
2026-10-09T05:21:20.633706+00:00,0,GPU-459c992a-cb19-fec9-a6ff-f14309e0e86a,NVIDIA A30,100,2561,24576,166.25,60
2026-10-09T05:21:20.633706+00:00,1,GPU-e3de7dc8-620f-0d1f-8bd9-d047dad41fe1,NVIDIA A30,99,2541,24576,163.90,57
2026-10-09T05:21:20.633706+00:00,2,GPU-e40ecd4c-d662-37cc-a069-2d669471410e,NVIDIA A30,98,2541,24576,158.02,56
2026-10-09T05:21:30.742391+00:00,0,GPU-459c992a-cb19-fec9-a6ff-f14309e0e86a,NVIDIA A30,99,2561,24576,159.04,60
2026-10-09T05:21:30.742391+00:00,1,GPU-e3de7dc8-620f-0d1f-8bd9-d047dad41fe1,NVIDIA A30,100,2541,24576,173.51,57
2026-10-09T05:21:30.742391+00:00,2,GPU-e40ecd4c-d662-37cc-a069-2d669471410e,NVIDIA A30,100,2541,24576,154.11,56
2026-10-09T05:21:40.858556+00:00,0,GPU-459c992a-cb19-fec9-a6ff-f14309e0e86a,NVIDIA A30,97,2561,24576,154.90,60
2026-10-09T05:21:40.858556+00:00,1,GPU-e3de7dc8-620f-0d1f-8bd9-d047dad41fe1,NVIDIA A30,100,2541,24576,174.74,57
2026-10-09T05:21:40.858556+00:00,2,GPU-e40ecd4c-d662-37cc-a069-2d669471410e,NVIDIA A30,99,2541,24576,176.69,56
2026-10-09T05:21:50.958969+00:00,0,GPU-459c992a-cb19-fec9-a6ff-f14309e0e86a,NVIDIA A30,100,2561,24576,171.40,61
2026-10-09T05:21:50.958969+00:00,1,GPU-e3de7dc8-620f-0d1f-8bd9-d047dad41fe1,NVIDIA A30,99,2541,24576,172.93,57
2026-10-09T05:21:50.958969+00:00,2,GPU-e40ecd4c-d662-37cc-a069-2d669471410e,NVIDIA A30,97,2541,24576,166.14,56
2026-10-09T05:22:01.056392+00:00,0,GPU-459c992a-cb19-fec9-a6ff-f14309e0e86a,NVIDIA A30,99,2561,24576,171.94,60
2026-10-09T05:22:01.056392+00:00,1,GPU-e3de7dc8-620f-0d1f-8bd9-d047dad41fe1,NVIDIA A30,99,2541,24576,172.23,57
2026-10-09T05:22:01.056392+00:00,2,GPU-e40ecd4c-d662-37cc-a069-2d669471410e,NVIDIA A30,100,2541,24576,154.26,56
2026-10-09T05:22:11.162851+00:00,0,GPU-459c992a-cb19-fec9-a6ff-f14309e0e86a,NVIDIA A30,98,2561,24576,162.83,61
2026-10-09T05:22:11.162851+00:00,1,GPU-e3de7dc8-620f-0d1f-8bd9-d047dad41fe1,NVIDIA A30,97,2541,24576,170.74,57
2026-10-09T05:22:11.162851+00:00,2,GPU-e40ecd4c-d662-37cc-a069-2d669471410e,NVIDIA A30,97,2541,24576,157.50,56
2026-10-09T05:22:21.261697+00:00,0,GPU-459c992a-cb19-fec9-a6ff-f14309e0e86a,NVIDIA A30,99,2561,24576,165.43,60
2026-10-09T05:22:21.261697+00:00,1,GPU-e3de7dc8-620f-0d1f-8bd9-d047dad41fe1,NVIDIA A30,97,2541,24576,166.80,57
2026-10-09T05:22:21.261697+00:00,2,GPU-e40ecd4c-d662-37cc-a069-2d669471410e,NVIDIA A30,96,2541,24576,166.74,56
2026-10-09T05:22:31.353940+00:00,0,GPU-459c992a-cb19-fec9-a6ff-f14309e0e86a,NVIDIA A30,97,2561,24576,168.21,61
2026-10-09T05:22:31.353940+00:00,1,GPU-e3de7dc8-620f-0d1f-8bd9-d047dad41fe1,NVIDIA A30,97,2541,24576,165.35,57
2026-10-09T05:22:31.353940+00:00,2,GPU-e40ecd4c-d662-37cc-a069-2d669471410e,NVIDIA A30,100,2541,24576,168.16,56
2026-10-09T05:22:41.466040+00:00,0,GPU-459c992a-cb19-fec9-a6ff-f14309e0e86a,NVIDIA A30,100,2561,24576,162.79,60
2026-10-09T05:22:41.466040+00:00,1,GPU-e3de7dc8-620f-0d1f-8bd9-d047dad41fe1,NVIDIA A30,100,2541,24576,161.50,57
2026-10-09T05:22:41.466040+00:00,2,GPU-e40ecd4c-d662-37cc-a069-2d669471410e,NVIDIA A30,97,2541,24576,163.37,56
2026-10-09T05:22:51.557863+00:00,0,GPU-459c992a-cb19-fec9-a6ff-f14309e0e86a,NVIDIA A30,99,2561,24576,165.15,61
2026-10-09T05:22:51.557863+00:00,1,GPU-e3de7dc8-620f-0d1f-8bd9-d047dad41fe1,NVIDIA A30,97,2541,24576,166.19,57
2026-10-09T05:22:51.557863+00:00,2,GPU-e40ecd4c-d662-37cc-a069-2d669471410e,NVIDIA A30,100,2541,24576,173.82,56
2026-10-09T05:23:01.664701+00:00,0,GPU-459c992a-cb19-fec9-a6ff-f14309e0e86a,NVIDIA A30,99,2561,24576,169.73,61
2026-10-09T05:23:01.664701+00:00,1,GPU-e3de7dc8-620f-0d1f-8bd9-d047dad41fe1,NVIDIA A30,100,2541,24576,156.49,57
2026-10-09T05:23:01.664701+00:00,2,GPU-e40ecd4c-d662-37cc-a069-2d669471410e,NVIDIA A30,99,2541,24576,166.72,56
2026-10-09T05:23:11.760329+00:00,0,GPU-459c992a-cb19-fec9-a6ff-f14309e0e86a,NVIDIA A30,100,2561,24576,168.60,61
2026-10-09T05:23:11.760329+00:00,1,GPU-e3de7dc8-620f-0d1f-8bd9-d047dad41fe1,NVIDIA A30,98,2541,24576,143.32,57
2026-10-09T05:23:11.760329+00:00,2,GPU-e40ecd4c-d662-37cc-a069-2d669471410e,NVIDIA A30,100,2541,24576,134.38,56
2026-10-09T05:23:21.848785+00:00,0,GPU-459c992a-cb19-fec9-a6ff-f14309e0e86a,NVIDIA A30,100,2561,24576,168.68,61
2026-10-09T05:23:21.848785+00:00,1,GPU-e3de7dc8-620f-0d1f-8bd9-d047dad41fe1,NVIDIA A30,100,2541,24576,161.15,57
2026-10-09T05:23:21.848785+00:00,2,GPU-e40ecd4c-d662-37cc-a069-2d669471410e,NVIDIA A30,99,2541,24576,165.11,56
2026-10-09T05:23:31.937323+00:00,0,GPU-459c992a-cb19-fec9-a6ff-f14309e0e86a,NVIDIA A30,97,2561,24576,174.98,61
2026-10-09T05:23:31.937323+00:00,1,GPU-e3de7dc8-620f-0d1f-8bd9-d047dad41fe1,NVIDIA A30,100,2541,24576,167.95,57
2026-10-09T05:23:31.937323+00:00,2,GPU-e40ecd4c-d662-37cc-a069-2d669471410e,NVIDIA A30,99,2541,24576,153.19,56
2026-10-09T05:23:42.022015+00:00,0,GPU-459c992a-cb19-fec9-a6ff-f14309e0e86a,NVIDIA A30,97,2561,24576,167.54,60
2026-10-09T05:23:42.022015+00:00,1,GPU-e3de7dc8-620f-0d1f-8bd9-d047dad41fe1,NVIDIA A30,98,2541,24576,171.51,57
2026-10-09T05:23:42.022015+00:00,2,GPU-e40ecd4c-d662-37cc-a069-2d669471410e,NVIDIA A30,99,2541,24576,150.04,56
2026-10-09T05:23:52.123200+00:00,0,GPU-459c992a-cb19-fec9-a6ff-f14309e0e86a,NVIDIA A30,98,2561,24576,166.51,61
2026-10-09T05:23:52.123200+00:00,1,GPU-e3de7dc8-620f-0d1f-8bd9-d047dad41fe1,NVIDIA A30,97,2541,24576,154.23,57
2026-10-09T05:23:52.123200+00:00,2,GPU-e40ecd4c-d662-37cc-a069-2d669471410e,NVIDIA A30,100,2541,24576,174.07,56
2026-10-09T05:24:02.212059+00:00,0,GPU-459c992a-cb19-fec9-a6ff-f14309e0e86a,NVIDIA A30,100,2561,24576,169.48,61
2026-10-09T05:24:02.212059+00:00,1,GPU-e3de7dc8-620f-0d1f-8bd9-d047dad41fe1,NVIDIA A30,96,2541,24576,175.16,57
2026-10-09T05:24:02.212059+00:00,2,GPU-e40ecd4c-d662-37cc-a069-2d669471410e,NVIDIA A30,96,2541,24576,171.12,56
2026-10-09T05:24:12.306600+00:00,0,GPU-459c992a-cb19-fec9-a6ff-f14309e0e86a,NVIDIA A30,99,2561,24576,171.51,61
2026-10-09T05:24:12.306600+00:00,1,GPU-e3de7dc8-620f-0d1f-8bd9-d047dad41fe1,NVIDIA A30,97,2541,24576,160.18,57
2026-10-09T05:24:12.306600+00:00,2,GPU-e40ecd4c-d662-37cc-a069-2d669471410e,NVIDIA A30,100,2541,24576,182.14,56
2026-10-09T05:24:22.394669+00:00,0,GPU-459c992a-cb19-fec9-a6ff-f14309e0e86a,NVIDIA A30,98,2561,24576,148.39,61
2026-10-09T05:24:22.394669+00:00,1,GPU-e3de7dc8-620f-0d1f-8bd9-d047dad41fe1,NVIDIA A30,97,2541,24576,175.74,57
2026-10-09T05:24:22.394669+00:00,2,GPU-e40ecd4c-d662-37cc-a069-2d669471410e,NVIDIA A30,97,2541,24576,154.48,56
2026-10-09T05:24:32.477405+00:00,0,GPU-459c992a-cb19-fec9-a6ff-f14309e0e86a,NVIDIA A30,100,2561,24576,170.20,61
2026-10-09T05:24:32.477405+00:00,1,GPU-e3de7dc8-620f-0d1f-8bd9-d047dad41fe1,NVIDIA A30,97,2541,24576,166.73,57
2026-10-09T05:24:32.477405+00:00,2,GPU-e40ecd4c-d662-37cc-a069-2d669471410e,NVIDIA A30,96,2541,24576,164.45,56
2026-10-09T05:24:42.576302+00:00,0,GPU-459c992a-cb19-fec9-a6ff-f14309e0e86a,NVIDIA A30,99,2561,24576,157.47,61
2026-10-09T05:24:42.576302+00:00,1,GPU-e3de7dc8-620f-0d1f-8bd9-d047dad41fe1,NVIDIA A30,96,2541,24576,163.70,57
2026-10-09T05:24:42.576302+00:00,2,GPU-e40ecd4c-d662-37cc-a069-2d669471410e,NVIDIA A30,100,2541,24576,164.92,56
2026-10-09T05:24:52.680412+00:00,0,GPU-459c992a-cb19-fec9-a6ff-f14309e0e86a,NVIDIA A30,99,2561,24576,156.04,61
2026-10-09T05:24:52.680412+00:00,1,GPU-e3de7dc8-620f-0d1f-8bd9-d047dad41fe1,NVIDIA A30,97,2541,24576,156.91,57
2026-10-09T05:24:52.680412+00:00,2,GPU-e40ecd4c-d662-37cc-a069-2d669471410e,NVIDIA A30,100,2541,24576,164.93,56
2026-10-09T05:25:02.775919+00:00,0,GPU-459c992a-cb19-fec9-a6ff-f14309e0e86a,NVIDIA A30,100,2561,24576,170.69,61
2026-10-09T05:25:02.775919+00:00,1,GPU-e3de7dc8-620f-0d1f-8bd9-d047dad41fe1,NVIDIA A30,97,2541,24576,151.96,57
2026-10-09T05:25:02.775919+00:00,2,GPU-e40ecd4c-d662-37cc-a069-2d669471410e,NVIDIA A30,95,2541,24576,167.24,56
2026-10-09T05:25:12.869192+00:00,0,GPU-459c992a-cb19-fec9-a6ff-f14309e0e86a,NVIDIA A30,99,2561,24576,153.84,61
2026-10-09T05:25:12.869192+00:00,1,GPU-e3de7dc8-620f-0d1f-8bd9-d047dad41fe1,NVIDIA A30,97,2541,24576,169.32,57
2026-10-09T05:25:12.869192+00:00,2,GPU-e40ecd4c-d662-37cc-a069-2d669471410e,NVIDIA A30,100,2541,24576,169.75,56
2026-10-09T05:25:22.969903+00:00,0,GPU-459c992a-cb19-fec9-a6ff-f14309e0e86a,NVIDIA A30,95,2561,24576,165.13,61
2026-10-09T05:25:22.969903+00:00,1,GPU-e3de7dc8-620f-0d1f-8bd9-d047dad41fe1,NVIDIA A30,100,2541,24576,170.46,57
2026-10-09T05:25:22.969903+00:00,2,GPU-e40ecd4c-d662-37cc-a069-2d669471410e,NVIDIA A30,99,2541,24576,168.84,56
2026-10-09T05:25:33.063423+00:00,0,GPU-459c992a-cb19-fec9-a6ff-f14309e0e86a,NVIDIA A30,100,2561,24576,181.35,61
2026-10-09T05:25:33.063423+00:00,1,GPU-e3de7dc8-620f-0d1f-8bd9-d047dad41fe1,NVIDIA A30,97,2541,24576,169.35,58
2026-10-09T05:25:33.063423+00:00,2,GPU-e40ecd4c-d662-37cc-a069-2d669471410e,NVIDIA A30,99,2541,24576,168.75,56
2026-10-09T05:25:43.162898+00:00,0,GPU-459c992a-cb19-fec9-a6ff-f14309e0e86a,NVIDIA A30,98,2561,24576,175.07,61
2026-10-09T05:25:43.162898+00:00,1,GPU-e3de7dc8-620f-0d1f-8bd9-d047dad41fe1,NVIDIA A30,99,2541,24576,164.37,57
2026-10-09T05:25:43.162898+00:00,2,GPU-e40ecd4c-d662-37cc-a069-2d669471410e,NVIDIA A30,100,2541,24576,162.91,56
2026-10-09T05:25:53.264395+00:00,0,GPU-459c992a-cb19-fec9-a6ff-f14309e0e86a,NVIDIA A30,98,2561,24576,170.36,61
2026-10-09T05:25:53.264395+00:00,1,GPU-e3de7dc8-620f-0d1f-8bd9-d047dad41fe1,NVIDIA A30,96,2541,24576,169.97,57
2026-10-09T05:25:53.264395+00:00,2,GPU-e40ecd4c-d662-37cc-a069-2d669471410e,NVIDIA A30,100,2541,24576,162.04,56
2026-10-09T05:26:03.355454+00:00,0,GPU-459c992a-cb19-fec9-a6ff-f14309e0e86a,NVIDIA A30,100,2561,24576,143.90,61
2026-10-09T05:26:03.355454+00:00,1,GPU-e3de7dc8-620f-0d1f-8bd9-d047dad41fe1,NVIDIA A30,99,2541,24576,153.48,57
2026-10-09T05:26:03.355454+00:00,2,GPU-e40ecd4c-d662-37cc-a069-2d669471410e,NVIDIA A30,98,2541,24576,168.30,56
2026-10-09T05:26:13.447337+00:00,0,GPU-459c992a-cb19-fec9-a6ff-f14309e0e86a,NVIDIA A30,99,2561,24576,168.18,61
2026-10-09T05:26:13.447337+00:00,1,GPU-e3de7dc8-620f-0d1f-8bd9-d047dad41fe1,NVIDIA A30,99,2541,24576,163.77,57
2026-10-09T05:26:13.447337+00:00,2,GPU-e40ecd4c-d662-37cc-a069-2d669471410e,NVIDIA A30,100,2541,24576,165.50,56
2026-10-09T05:26:23.538969+00:00,0,GPU-459c992a-cb19-fec9-a6ff-f14309e0e86a,NVIDIA A30,96,2561,24576,166.38,61
2026-10-09T05:26:23.538969+00:00,1,GPU-e3de7dc8-620f-0d1f-8bd9-d047dad41fe1,NVIDIA A30,99,2541,24576,163.52,57
2026-10-09T05:26:23.538969+00:00,2,GPU-e40ecd4c-d662-37cc-a069-2d669471410e,NVIDIA A30,99,2541,24576,170.71,56
2026-10-09T05:26:33.641429+00:00,0,GPU-459c992a-cb19-fec9-a6ff-f14309e0e86a,NVIDIA A30,100,2561,24576,163.27,61
2026-10-09T05:26:33.641429+00:00,1,GPU-e3de7dc8-620f-0d1f-8bd9-d047dad41fe1,NVIDIA A30,99,2541,24576,159.72,57
2026-10-09T05:26:33.641429+00:00,2,GPU-e40ecd4c-d662-37cc-a069-2d669471410e,NVIDIA A30,96,2541,24576,151.12,56
2026-10-09T05:26:43.749477+00:00,0,GPU-459c992a-cb19-fec9-a6ff-f14309e0e86a,NVIDIA A30,99,2561,24576,165.74,61
2026-10-09T05:26:43.749477+00:00,1,GPU-e3de7dc8-620f-0d1f-8bd9-d047dad41fe1,NVIDIA A30,99,2541,24576,156.12,57
2026-10-09T05:26:43.749477+00:00,2,GPU-e40ecd4c-d662-37cc-a069-2d669471410e,NVIDIA A30,100,2541,24576,175.04,56
2026-10-09T05:26:53.846464+00:00,0,GPU-459c992a-cb19-fec9-a6ff-f14309e0e86a,NVIDIA A30,98,2561,24576,161.78,61
2026-10-09T05:26:53.846464+00:00,1,GPU-e3de7dc8-620f-0d1f-8bd9-d047dad41fe1,NVIDIA A30,100,2541,24576,163.26,57
2026-10-09T05:26:53.846464+00:00,2,GPU-e40ecd4c-d662-37cc-a069-2d669471410e,NVIDIA A30,99,2541,24576,168.86,56
2026-10-09T05:27:03.946038+00:00,0,GPU-459c992a-cb19-fec9-a6ff-f14309e0e86a,NVIDIA A30,100,2561,24576,149.12,61
2026-10-09T05:27:03.946038+00:00,1,GPU-e3de7dc8-620f-0d1f-8bd9-d047dad41fe1,NVIDIA A30,99,2541,24576,172.32,57
2026-10-09T05:27:03.946038+00:00,2,GPU-e40ecd4c-d662-37cc-a069-2d669471410e,NVIDIA A30,95,2541,24576,163.80,56
2026-10-09T05:27:14.049563+00:00,0,GPU-459c992a-cb19-fec9-a6ff-f14309e0e86a,NVIDIA A30,100,2561,24576,176.40,61
2026-10-09T05:27:14.049563+00:00,1,GPU-e3de7dc8-620f-0d1f-8bd9-d047dad41fe1,NVIDIA A30,99,2541,24576,166.99,57
2026-10-09T05:27:14.049563+00:00,2,GPU-e40ecd4c-d662-37cc-a069-2d669471410e,NVIDIA A30,100,2541,24576,163.45,56
2026-10-09T05:27:24.147291+00:00,0,GPU-459c992a-cb19-fec9-a6ff-f14309e0e86a,NVIDIA A30,95,2561,24576,159.79,61
2026-10-09T05:27:24.147291+00:00,1,GPU-e3de7dc8-620f-0d1f-8bd9-d047dad41fe1,NVIDIA A30,98,2541,24576,167.60,57
2026-10-09T05:27:24.147291+00:00,2,GPU-e40ecd4c-d662-37cc-a069-2d669471410e,NVIDIA A30,99,2541,24576,171.37,56
2026-10-09T05:27:34.253724+00:00,0,GPU-459c992a-cb19-fec9-a6ff-f14309e0e86a,NVIDIA A30,100,2561,24576,174.76,61
2026-10-09T05:27:34.253724+00:00,1,GPU-e3de7dc8-620f-0d1f-8bd9-d047dad41fe1,NVIDIA A30,99,2541,24576,137.07,57
2026-10-09T05:27:34.253724+00:00,2,GPU-e40ecd4c-d662-37cc-a069-2d669471410e,NVIDIA A30,99,2541,24576,162.27,56
2026-10-09T05:27:44.356076+00:00,0,GPU-459c992a-cb19-fec9-a6ff-f14309e0e86a,NVIDIA A30,99,2561,24576,148.38,61
2026-10-09T05:27:44.356076+00:00,1,GPU-e3de7dc8-620f-0d1f-8bd9-d047dad41fe1,NVIDIA A30,99,2541,24576,158.70,57
2026-10-09T05:27:44.356076+00:00,2,GPU-e40ecd4c-d662-37cc-a069-2d669471410e,NVIDIA A30,98,2541,24576,165.55,56
2026-10-09T05:27:54.456972+00:00,0,GPU-459c992a-cb19-fec9-a6ff-f14309e0e86a,NVIDIA A30,98,2561,24576,141.59,61
2026-10-09T05:27:54.456972+00:00,1,GPU-e3de7dc8-620f-0d1f-8bd9-d047dad41fe1,NVIDIA A30,99,2541,24576,165.90,57
2026-10-09T05:27:54.456972+00:00,2,GPU-e40ecd4c-d662-37cc-a069-2d669471410e,NVIDIA A30,100,2541,24576,172.78,56
2026-10-09T05:28:04.550565+00:00,0,GPU-459c992a-cb19-fec9-a6ff-f14309e0e86a,NVIDIA A30,100,2561,24576,166.20,61
2026-10-09T05:28:04.550565+00:00,1,GPU-e3de7dc8-620f-0d1f-8bd9-d047dad41fe1,NVIDIA A30,98,2541,24576,145.54,57
2026-10-09T05:28:04.550565+00:00,2,GPU-e40ecd4c-d662-37cc-a069-2d669471410e,NVIDIA A30,100,2541,24576,170.41,56
2026-10-09T05:28:14.653362+00:00,0,GPU-459c992a-cb19-fec9-a6ff-f14309e0e86a,NVIDIA A30,95,2561,24576,161.49,61
2026-10-09T05:28:14.653362+00:00,1,GPU-e3de7dc8-620f-0d1f-8bd9-d047dad41fe1,NVIDIA A30,100,2541,24576,164.30,57
2026-10-09T05:28:14.653362+00:00,2,GPU-e40ecd4c-d662-37cc-a069-2d669471410e,NVIDIA A30,98,2541,24576,157.48,56
2026-10-09T05:28:24.748326+00:00,0,GPU-459c992a-cb19-fec9-a6ff-f14309e0e86a,NVIDIA A30,100,2561,24576,182.87,61
2026-10-09T05:28:24.748326+00:00,1,GPU-e3de7dc8-620f-0d1f-8bd9-d047dad41fe1,NVIDIA A30,100,2541,24576,165.90,57
2026-10-09T05:28:24.748326+00:00,2,GPU-e40ecd4c-d662-37cc-a069-2d669471410e,NVIDIA A30,100,2541,24576,172.04,56
2026-10-09T05:28:34.844363+00:00,0,GPU-459c992a-cb19-fec9-a6ff-f14309e0e86a,NVIDIA A30,100,2561,24576,169.46,61
2026-10-09T05:28:34.844363+00:00,1,GPU-e3de7dc8-620f-0d1f-8bd9-d047dad41fe1,NVIDIA A30,100,2541,24576,164.18,57
2026-10-09T05:28:34.844363+00:00,2,GPU-e40ecd4c-d662-37cc-a069-2d669471410e,NVIDIA A30,98,2541,24576,129.74,56
2026-10-09T05:28:44.937154+00:00,0,GPU-459c992a-cb19-fec9-a6ff-f14309e0e86a,NVIDIA A30,100,2561,24576,169.65,61
2026-10-09T05:28:44.937154+00:00,1,GPU-e3de7dc8-620f-0d1f-8bd9-d047dad41fe1,NVIDIA A30,99,2541,24576,163.19,57
2026-10-09T05:28:44.937154+00:00,2,GPU-e40ecd4c-d662-37cc-a069-2d669471410e,NVIDIA A30,97,2541,24576,171.52,56
2026-10-09T05:28:55.039511+00:00,0,GPU-459c992a-cb19-fec9-a6ff-f14309e0e86a,NVIDIA A30,100,2561,24576,164.88,61
2026-10-09T05:28:55.039511+00:00,1,GPU-e3de7dc8-620f-0d1f-8bd9-d047dad41fe1,NVIDIA A30,99,2541,24576,165.77,57
2026-10-09T05:28:55.039511+00:00,2,GPU-e40ecd4c-d662-37cc-a069-2d669471410e,NVIDIA A30,99,2541,24576,165.63,56
2026-10-09T05:29:05.139442+00:00,0,GPU-459c992a-cb19-fec9-a6ff-f14309e0e86a,NVIDIA A30,97,2561,24576,173.46,61
2026-10-09T05:29:05.139442+00:00,1,GPU-e3de7dc8-620f-0d1f-8bd9-d047dad41fe1,NVIDIA A30,99,2541,24576,170.70,57
2026-10-09T05:29:05.139442+00:00,2,GPU-e40ecd4c-d662-37cc-a069-2d669471410e,NVIDIA A30,99,2541,24576,157.60,56
2026-10-09T05:29:15.239771+00:00,0,GPU-459c992a-cb19-fec9-a6ff-f14309e0e86a,NVIDIA A30,100,2561,24576,171.61,61
2026-10-09T05:29:15.239771+00:00,1,GPU-e3de7dc8-620f-0d1f-8bd9-d047dad41fe1,NVIDIA A30,100,2541,24576,154.50,57
2026-10-09T05:29:15.239771+00:00,2,GPU-e40ecd4c-d662-37cc-a069-2d669471410e,NVIDIA A30,99,2541,24576,164.96,56
2026-10-09T05:29:25.331517+00:00,0,GPU-459c992a-cb19-fec9-a6ff-f14309e0e86a,NVIDIA A30,98,2561,24576,164.36,61
2026-10-09T05:29:25.331517+00:00,1,GPU-e3de7dc8-620f-0d1f-8bd9-d047dad41fe1,NVIDIA A30,100,2541,24576,162.85,57
2026-10-09T05:29:25.331517+00:00,2,GPU-e40ecd4c-d662-37cc-a069-2d669471410e,NVIDIA A30,100,2541,24576,179.76,56
2026-10-09T05:29:35.420156+00:00,0,GPU-459c992a-cb19-fec9-a6ff-f14309e0e86a,NVIDIA A30,97,2561,24576,172.73,61
2026-10-09T05:29:35.420156+00:00,1,GPU-e3de7dc8-620f-0d1f-8bd9-d047dad41fe1,NVIDIA A30,100,2541,24576,172.33,57
2026-10-09T05:29:35.420156+00:00,2,GPU-e40ecd4c-d662-37cc-a069-2d669471410e,NVIDIA A30,96,2541,24576,160.55,56
2026-10-09T05:29:45.517369+00:00,0,GPU-459c992a-cb19-fec9-a6ff-f14309e0e86a,NVIDIA A30,100,2561,24576,166.46,61
2026-10-09T05:29:45.517369+00:00,1,GPU-e3de7dc8-620f-0d1f-8bd9-d047dad41fe1,NVIDIA A30,99,2541,24576,166.53,57
2026-10-09T05:29:45.517369+00:00,2,GPU-e40ecd4c-d662-37cc-a069-2d669471410e,NVIDIA A30,97,2541,24576,169.78,56
2026-10-09T05:29:55.611132+00:00,0,GPU-459c992a-cb19-fec9-a6ff-f14309e0e86a,NVIDIA A30,99,2561,24576,173.24,61
2026-10-09T05:29:55.611132+00:00,1,GPU-e3de7dc8-620f-0d1f-8bd9-d047dad41fe1,NVIDIA A30,99,2541,24576,173.25,57
2026-10-09T05:29:55.611132+00:00,2,GPU-e40ecd4c-d662-37cc-a069-2d669471410e,NVIDIA A30,99,2541,24576,148.56,56
2026-10-09T05:30:05.714829+00:00,0,GPU-459c992a-cb19-fec9-a6ff-f14309e0e86a,NVIDIA A30,100,2561,24576,168.97,61
2026-10-09T05:30:05.714829+00:00,1,GPU-e3de7dc8-620f-0d1f-8bd9-d047dad41fe1,NVIDIA A30,100,2541,24576,163.76,57
2026-10-09T05:30:05.714829+00:00,2,GPU-e40ecd4c-d662-37cc-a069-2d669471410e,NVIDIA A30,100,2541,24576,174.84,56
2026-10-09T05:30:15.812513+00:00,0,GPU-459c992a-cb19-fec9-a6ff-f14309e0e86a,NVIDIA A30,100,2561,24576,165.29,61
2026-10-09T05:30:15.812513+00:00,1,GPU-e3de7dc8-620f-0d1f-8bd9-d047dad41fe1,NVIDIA A30,100,2541,24576,169.04,57
2026-10-09T05:30:15.812513+00:00,2,GPU-e40ecd4c-d662-37cc-a069-2d669471410e,NVIDIA A30,99,2541,24576,161.96,56
2026-10-09T05:30:25.915986+00:00,0,GPU-459c992a-cb19-fec9-a6ff-f14309e0e86a,NVIDIA A30,97,2561,24576,164.02,61
2026-10-09T05:30:25.915986+00:00,1,GPU-e3de7dc8-620f-0d1f-8bd9-d047dad41fe1,NVIDIA A30,99,2541,24576,161.87,57
2026-10-09T05:30:25.915986+00:00,2,GPU-e40ecd4c-d662-37cc-a069-2d669471410e,NVIDIA A30,98,2541,24576,166.42,56
2026-10-09T05:30:36.015744+00:00,0,GPU-459c992a-cb19-fec9-a6ff-f14309e0e86a,NVIDIA A30,99,2561,24576,163.51,61
2026-10-09T05:30:36.015744+00:00,1,GPU-e3de7dc8-620f-0d1f-8bd9-d047dad41fe1,NVIDIA A30,99,2541,24576,161.58,57
2026-10-09T05:30:36.015744+00:00,2,GPU-e40ecd4c-d662-37cc-a069-2d669471410e,NVIDIA A30,98,2541,24576,161.15,56
2026-10-09T05:30:46.110735+00:00,0,GPU-459c992a-cb19-fec9-a6ff-f14309e0e86a,NVIDIA A30,100,2561,24576,147.21,61
2026-10-09T05:30:46.110735+00:00,1,GPU-e3de7dc8-620f-0d1f-8bd9-d047dad41fe1,NVIDIA A30,99,2541,24576,168.20,57
2026-10-09T05:30:46.110735+00:00,2,GPU-e40ecd4c-d662-37cc-a069-2d669471410e,NVIDIA A30,100,2541,24576,171.41,56
2026-10-09T05:30:56.203382+00:00,0,GPU-459c992a-cb19-fec9-a6ff-f14309e0e86a,NVIDIA A30,99,2561,24576,168.85,61
2026-10-09T05:30:56.203382+00:00,1,GPU-e3de7dc8-620f-0d1f-8bd9-d047dad41fe1,NVIDIA A30,97,2541,24576,164.86,57
2026-10-09T05:30:56.203382+00:00,2,GPU-e40ecd4c-d662-37cc-a069-2d669471410e,NVIDIA A30,97,2541,24576,138.66,56
2026-10-09T05:31:06.309981+00:00,0,GPU-459c992a-cb19-fec9-a6ff-f14309e0e86a,NVIDIA A30,97,2561,24576,171.61,61
2026-10-09T05:31:06.309981+00:00,1,GPU-e3de7dc8-620f-0d1f-8bd9-d047dad41fe1,NVIDIA A30,99,2541,24576,162.83,57
2026-10-09T05:31:06.309981+00:00,2,GPU-e40ecd4c-d662-37cc-a069-2d669471410e,NVIDIA A30,97,2541,24576,165.56,56
2026-10-09T05:31:16.408989+00:00,0,GPU-459c992a-cb19-fec9-a6ff-f14309e0e86a,NVIDIA A30,100,2561,24576,178.02,61
2026-10-09T05:31:16.408989+00:00,1,GPU-e3de7dc8-620f-0d1f-8bd9-d047dad41fe1,NVIDIA A30,99,2541,24576,150.89,57
2026-10-09T05:31:16.408989+00:00,2,GPU-e40ecd4c-d662-37cc-a069-2d669471410e,NVIDIA A30,100,2541,24576,154.27,56
2026-10-09T05:31:26.511827+00:00,0,GPU-459c992a-cb19-fec9-a6ff-f14309e0e86a,NVIDIA A30,97,2561,24576,164.67,61
2026-10-09T05:31:26.511827+00:00,1,GPU-e3de7dc8-620f-0d1f-8bd9-d047dad41fe1,NVIDIA A30,95,2541,24576,173.15,57
2026-10-09T05:31:26.511827+00:00,2,GPU-e40ecd4c-d662-37cc-a069-2d669471410e,NVIDIA A30,99,2541,24576,162.39,56
2026-10-09T05:31:36.610999+00:00,0,GPU-459c992a-cb19-fec9-a6ff-f14309e0e86a,NVIDIA A30,99,2561,24576,170.10,61
2026-10-09T05:31:36.610999+00:00,1,GPU-e3de7dc8-620f-0d1f-8bd9-d047dad41fe1,NVIDIA A30,95,2541,24576,153.78,57
2026-10-09T05:31:36.610999+00:00,2,GPU-e40ecd4c-d662-37cc-a069-2d669471410e,NVIDIA A30,96,2541,24576,172.43,56
2026-10-09T05:31:46.712556+00:00,0,GPU-459c992a-cb19-fec9-a6ff-f14309e0e86a,NVIDIA A30,99,2561,24576,160.33,61
2026-10-09T05:31:46.712556+00:00,1,GPU-e3de7dc8-620f-0d1f-8bd9-d047dad41fe1,NVIDIA A30,100,2541,24576,172.94,57
2026-10-09T05:31:46.712556+00:00,2,GPU-e40ecd4c-d662-37cc-a069-2d669471410e,NVIDIA A30,100,2541,24576,165.78,56
2026-10-09T05:31:56.811459+00:00,0,GPU-459c992a-cb19-fec9-a6ff-f14309e0e86a,NVIDIA A30,100,2561,24576,162.67,61
2026-10-09T05:31:56.811459+00:00,1,GPU-e3de7dc8-620f-0d1f-8bd9-d047dad41fe1,NVIDIA A30,100,2541,24576,167.36,57
2026-10-09T05:31:56.811459+00:00,2,GPU-e40ecd4c-d662-37cc-a069-2d669471410e,NVIDIA A30,99,2541,24576,158.61,56
2026-10-09T05:32:06.918862+00:00,0,GPU-459c992a-cb19-fec9-a6ff-f14309e0e86a,NVIDIA A30,100,2561,24576,155.36,61
2026-10-09T05:32:06.918862+00:00,1,GPU-e3de7dc8-620f-0d1f-8bd9-d047dad41fe1,NVIDIA A30,100,2541,24576,145.58,57
2026-10-09T05:32:06.918862+00:00,2,GPU-e40ecd4c-d662-37cc-a069-2d669471410e,NVIDIA A30,0,2543,24576,36.14,49
2026-10-09T05:32:17.009372+00:00,0,GPU-459c992a-cb19-fec9-a6ff-f14309e0e86a,NVIDIA A30,96,2561,24576,160.73,61
2026-10-09T05:32:17.009372+00:00,1,GPU-e3de7dc8-620f-0d1f-8bd9-d047dad41fe1,NVIDIA A30,0,4,24576,35.43,47
2026-10-09T05:32:17.009372+00:00,2,GPU-e40ecd4c-d662-37cc-a069-2d669471410e,NVIDIA A30,0,4,24576,32.12,45
2026-10-09T05:32:27.109777+00:00,0,GPU-459c992a-cb19-fec9-a6ff-f14309e0e86a,NVIDIA A30,0,2563,24576,71.88,56
2026-10-09T05:32:27.109777+00:00,1,GPU-e3de7dc8-620f-0d1f-8bd9-d047dad41fe1,NVIDIA A30,0,4,24576,31.77,43
2026-10-09T05:32:27.109777+00:00,2,GPU-e40ecd4c-d662-37cc-a069-2d669471410e,NVIDIA A30,0,333,24576,33.72,42
2026-10-09T05:32:37.215891+00:00,0,GPU-459c992a-cb19-fec9-a6ff-f14309e0e86a,NVIDIA A30,0,4,24576,38.58,51
2026-10-09T05:32:37.215891+00:00,1,GPU-e3de7dc8-620f-0d1f-8bd9-d047dad41fe1,NVIDIA A30,0,333,24576,33.96,41
2026-10-09T05:32:37.215891+00:00,2,GPU-e40ecd4c-d662-37cc-a069-2d669471410e,NVIDIA A30,0,1967,24576,33.12,40
2026-10-09T05:32:47.324864+00:00,0,GPU-459c992a-cb19-fec9-a6ff-f14309e0e86a,NVIDIA A30,0,313,24576,40.15,48
2026-10-09T05:32:47.324864+00:00,1,GPU-e3de7dc8-620f-0d1f-8bd9-d047dad41fe1,NVIDIA A30,0,1967,24576,33.46,39
2026-10-09T05:32:47.324864+00:00,2,GPU-e40ecd4c-d662-37cc-a069-2d669471410e,NVIDIA A30,0,2059,24576,32.92,38
2026-10-09T05:32:57.426590+00:00,0,GPU-459c992a-cb19-fec9-a6ff-f14309e0e86a,NVIDIA A30,0,1967,24576,39.16,46
2026-10-09T05:32:57.426590+00:00,1,GPU-e3de7dc8-620f-0d1f-8bd9-d047dad41fe1,NVIDIA A30,0,2067,24576,33.25,37
2026-10-09T05:32:57.426590+00:00,2,GPU-e40ecd4c-d662-37cc-a069-2d669471410e,NVIDIA A30,99,2247,24576,150.14,45
2026-10-09T05:33:07.532272+00:00,0,GPU-459c992a-cb19-fec9-a6ff-f14309e0e86a,NVIDIA A30,0,2059,24576,38.12,44
2026-10-09T05:33:07.532272+00:00,1,GPU-e3de7dc8-620f-0d1f-8bd9-d047dad41fe1,NVIDIA A30,98,2247,24576,170.22,48
2026-10-09T05:33:07.532272+00:00,2,GPU-e40ecd4c-d662-37cc-a069-2d669471410e,NVIDIA A30,99,2247,24576,165.22,48
2026-10-09T05:33:17.651652+00:00,0,GPU-459c992a-cb19-fec9-a6ff-f14309e0e86a,NVIDIA A30,99,2247,24576,160.62,52
2026-10-09T05:33:17.651652+00:00,1,GPU-e3de7dc8-620f-0d1f-8bd9-d047dad41fe1,NVIDIA A30,98,2247,24576,172.51,50
2026-10-09T05:33:17.651652+00:00,2,GPU-e40ecd4c-d662-37cc-a069-2d669471410e,NVIDIA A30,97,2247,24576,164.08,49
2026-10-09T05:33:27.773313+00:00,0,GPU-459c992a-cb19-fec9-a6ff-f14309e0e86a,NVIDIA A30,98,2247,24576,170.48,54
2026-10-09T05:33:27.773313+00:00,1,GPU-e3de7dc8-620f-0d1f-8bd9-d047dad41fe1,NVIDIA A30,98,2247,24576,161.01,51
2026-10-09T05:33:27.773313+00:00,2,GPU-e40ecd4c-d662-37cc-a069-2d669471410e,NVIDIA A30,0,2247,24576,33.99,43
2026-10-09T05:33:37.877554+00:00,0,GPU-459c992a-cb19-fec9-a6ff-f14309e0e86a,NVIDIA A30,99,2247,24576,166.50,55
2026-10-09T05:33:37.877554+00:00,1,GPU-e3de7dc8-620f-0d1f-8bd9-d047dad41fe1,NVIDIA A30,97,2247,24576,159.52,49
2026-10-09T05:33:37.877554+00:00,2,GPU-e40ecd4c-d662-37cc-a069-2d669471410e,NVIDIA A30,99,2247,24576,169.50,49
2026-10-09T05:33:48.017609+00:00,0,GPU-459c992a-cb19-fec9-a6ff-f14309e0e86a,NVIDIA A30,0,2247,24576,39.51,47
2026-10-09T05:33:48.017609+00:00,1,GPU-e3de7dc8-620f-0d1f-8bd9-d047dad41fe1,NVIDIA A30,99,2247,24576,164.01,51
2026-10-09T05:33:48.017609+00:00,2,GPU-e40ecd4c-d662-37cc-a069-2d669471410e,NVIDIA A30,98,2247,24576,167.30,51
2026-10-09T05:33:58.121974+00:00,0,GPU-459c992a-cb19-fec9-a6ff-f14309e0e86a,NVIDIA A30,98,2247,24576,164.94,55
2026-10-09T05:33:58.121974+00:00,1,GPU-e3de7dc8-620f-0d1f-8bd9-d047dad41fe1,NVIDIA A30,98,2247,24576,168.76,52
2026-10-09T05:33:58.121974+00:00,2,GPU-e40ecd4c-d662-37cc-a069-2d669471410e,NVIDIA A30,98,2247,24576,162.58,51
2026-10-09T05:34:08.234706+00:00,0,GPU-459c992a-cb19-fec9-a6ff-f14309e0e86a,NVIDIA A30,99,2247,24576,160.31,56
2026-10-09T05:34:08.234706+00:00,1,GPU-e3de7dc8-620f-0d1f-8bd9-d047dad41fe1,NVIDIA A30,99,2247,24576,159.58,53
2026-10-09T05:34:08.234706+00:00,2,GPU-e40ecd4c-d662-37cc-a069-2d669471410e,NVIDIA A30,98,2247,24576,150.79,52
2026-10-09T05:34:18.342977+00:00,0,GPU-459c992a-cb19-fec9-a6ff-f14309e0e86a,NVIDIA A30,99,2247,24576,166.27,56
2026-10-09T05:34:18.342977+00:00,1,GPU-e3de7dc8-620f-0d1f-8bd9-d047dad41fe1,NVIDIA A30,98,2247,24576,168.40,54
2026-10-09T05:34:18.342977+00:00,2,GPU-e40ecd4c-d662-37cc-a069-2d669471410e,NVIDIA A30,98,2247,24576,172.57,53
2026-10-09T05:34:28.446530+00:00,0,GPU-459c992a-cb19-fec9-a6ff-f14309e0e86a,NVIDIA A30,99,2247,24576,172.40,57
2026-10-09T05:34:28.446530+00:00,1,GPU-e3de7dc8-620f-0d1f-8bd9-d047dad41fe1,NVIDIA A30,99,2247,24576,163.06,54
2026-10-09T05:34:28.446530+00:00,2,GPU-e40ecd4c-d662-37cc-a069-2d669471410e,NVIDIA A30,99,2247,24576,169.54,53
2026-10-09T05:34:38.564577+00:00,0,GPU-459c992a-cb19-fec9-a6ff-f14309e0e86a,NVIDIA A30,98,2247,24576,146.32,58
2026-10-09T05:34:38.564577+00:00,1,GPU-e3de7dc8-620f-0d1f-8bd9-d047dad41fe1,NVIDIA A30,98,2247,24576,163.65,55
2026-10-09T05:34:38.564577+00:00,2,GPU-e40ecd4c-d662-37cc-a069-2d669471410e,NVIDIA A30,98,2247,24576,172.20,54
2026-10-09T05:34:48.677286+00:00,0,GPU-459c992a-cb19-fec9-a6ff-f14309e0e86a,NVIDIA A30,98,2247,24576,162.92,58
2026-10-09T05:34:48.677286+00:00,1,GPU-e3de7dc8-620f-0d1f-8bd9-d047dad41fe1,NVIDIA A30,98,2247,24576,166.84,55
2026-10-09T05:34:48.677286+00:00,2,GPU-e40ecd4c-d662-37cc-a069-2d669471410e,NVIDIA A30,98,2247,24576,170.45,54
2026-10-09T05:34:58.796964+00:00,0,GPU-459c992a-cb19-fec9-a6ff-f14309e0e86a,NVIDIA A30,98,2247,24576,152.47,58
2026-10-09T05:34:58.796964+00:00,1,GPU-e3de7dc8-620f-0d1f-8bd9-d047dad41fe1,NVIDIA A30,98,2247,24576,167.01,55
2026-10-09T05:34:58.796964+00:00,2,GPU-e40ecd4c-d662-37cc-a069-2d669471410e,NVIDIA A30,99,2247,24576,165.67,54
2026-10-09T05:35:08.921930+00:00,0,GPU-459c992a-cb19-fec9-a6ff-f14309e0e86a,NVIDIA A30,99,2247,24576,168.63,59
2026-10-09T05:35:08.921930+00:00,1,GPU-e3de7dc8-620f-0d1f-8bd9-d047dad41fe1,NVIDIA A30,98,2247,24576,150.85,56
2026-10-09T05:35:08.921930+00:00,2,GPU-e40ecd4c-d662-37cc-a069-2d669471410e,NVIDIA A30,98,2247,24576,150.38,55
2026-10-09T05:35:19.049359+00:00,0,GPU-459c992a-cb19-fec9-a6ff-f14309e0e86a,NVIDIA A30,98,2247,24576,163.27,59
2026-10-09T05:35:19.049359+00:00,1,GPU-e3de7dc8-620f-0d1f-8bd9-d047dad41fe1,NVIDIA A30,0,2247,24576,35.43,46
2026-10-09T05:35:19.049359+00:00,2,GPU-e40ecd4c-d662-37cc-a069-2d669471410e,NVIDIA A30,0,2247,24576,34.39,45
2026-10-09T05:35:29.170544+00:00,0,GPU-459c992a-cb19-fec9-a6ff-f14309e0e86a,NVIDIA A30,97,2247,24576,174.82,59
2026-10-09T05:35:29.170544+00:00,1,GPU-e3de7dc8-620f-0d1f-8bd9-d047dad41fe1,NVIDIA A30,0,4,24576,31.66,43
2026-10-09T05:35:29.170544+00:00,2,GPU-e40ecd4c-d662-37cc-a069-2d669471410e,NVIDIA A30,0,4,24576,31.23,42
2026-10-09T05:35:39.368830+00:00,0,GPU-459c992a-cb19-fec9-a6ff-f14309e0e86a,NVIDIA A30,0,4,24576,43.32,50
2026-10-09T05:35:39.368830+00:00,1,GPU-e3de7dc8-620f-0d1f-8bd9-d047dad41fe1,NVIDIA A30,0,333,24576,33.96,40
2026-10-09T05:35:39.368830+00:00,2,GPU-e40ecd4c-d662-37cc-a069-2d669471410e,NVIDIA A30,0,333,24576,33.12,40
2026-10-09T05:35:49.581538+00:00,0,GPU-459c992a-cb19-fec9-a6ff-f14309e0e86a,NVIDIA A30,0,4,24576,37.09,47
2026-10-09T05:35:49.581538+00:00,1,GPU-e3de7dc8-620f-0d1f-8bd9-d047dad41fe1,NVIDIA A30,0,1967,24576,33.27,38
2026-10-09T05:35:49.581538+00:00,2,GPU-e40ecd4c-d662-37cc-a069-2d669471410e,NVIDIA A30,1,2057,24576,32.82,38
2026-10-09T05:35:59.812737+00:00,0,GPU-459c992a-cb19-fec9-a6ff-f14309e0e86a,NVIDIA A30,0,333,24576,38.56,45
2026-10-09T05:35:59.812737+00:00,1,GPU-e3de7dc8-620f-0d1f-8bd9-d047dad41fe1,NVIDIA A30,0,4,24576,32.96,37
2026-10-09T05:35:59.812737+00:00,2,GPU-e40ecd4c-d662-37cc-a069-2d669471410e,NVIDIA A30,36,4,24576,33.91,37
2026-10-09T05:36:10.137369+00:00,0,GPU-459c992a-cb19-fec9-a6ff-f14309e0e86a,NVIDIA A30,0,2057,24576,37.86,43
2026-10-09T05:36:10.137369+00:00,1,GPU-e3de7dc8-620f-0d1f-8bd9-d047dad41fe1,NVIDIA A30,0,313,24576,32.28,35
2026-10-09T05:36:10.137369+00:00,2,GPU-e40ecd4c-d662-37cc-a069-2d669471410e,NVIDIA A30,0,4,24576,29.54,35
2026-10-09T05:36:20.349087+00:00,0,GPU-459c992a-cb19-fec9-a6ff-f14309e0e86a,NVIDIA A30,0,2067,24576,37.28,41
2026-10-09T05:36:20.349087+00:00,1,GPU-e3de7dc8-620f-0d1f-8bd9-d047dad41fe1,NVIDIA A30,0,333,24576,32.28,34
2026-10-09T05:36:20.349087+00:00,2,GPU-e40ecd4c-d662-37cc-a069-2d669471410e,NVIDIA A30,0,333,24576,31.93,34
2026-10-09T05:36:30.476788+00:00,0,GPU-459c992a-cb19-fec9-a6ff-f14309e0e86a,NVIDIA A30,96,2249,24576,141.86,51
2026-10-09T05:36:30.476788+00:00,1,GPU-e3de7dc8-620f-0d1f-8bd9-d047dad41fe1,NVIDIA A30,0,2059,24576,31.94,33
2026-10-09T05:36:30.476788+00:00,2,GPU-e40ecd4c-d662-37cc-a069-2d669471410e,NVIDIA A30,0,2057,24576,31.81,33
2026-10-09T05:36:40.676017+00:00,0,GPU-459c992a-cb19-fec9-a6ff-f14309e0e86a,NVIDIA A30,98,2249,24576,162.14,52
2026-10-09T05:36:40.676017+00:00,1,GPU-e3de7dc8-620f-0d1f-8bd9-d047dad41fe1,NVIDIA A30,0,2059,24576,31.85,32
2026-10-09T05:36:40.676017+00:00,2,GPU-e40ecd4c-d662-37cc-a069-2d669471410e,NVIDIA A30,0,2059,24576,31.82,33
2026-10-09T05:36:50.884659+00:00,0,GPU-459c992a-cb19-fec9-a6ff-f14309e0e86a,NVIDIA A30,97,2481,24576,172.99,54
2026-10-09T05:36:50.884659+00:00,1,GPU-e3de7dc8-620f-0d1f-8bd9-d047dad41fe1,NVIDIA A30,0,2059,24576,31.66,32
2026-10-09T05:36:50.884659+00:00,2,GPU-e40ecd4c-d662-37cc-a069-2d669471410e,NVIDIA A30,0,2059,24576,31.41,32
2026-10-09T05:37:01.069439+00:00,0,GPU-459c992a-cb19-fec9-a6ff-f14309e0e86a,NVIDIA A30,96,2249,24576,166.22,55
2026-10-09T05:37:01.069439+00:00,1,GPU-e3de7dc8-620f-0d1f-8bd9-d047dad41fe1,NVIDIA A30,0,2059,24576,31.65,31
2026-10-09T05:37:01.069439+00:00,2,GPU-e40ecd4c-d662-37cc-a069-2d669471410e,NVIDIA A30,0,2059,24576,31.41,32
2026-10-09T05:37:11.254027+00:00,0,GPU-459c992a-cb19-fec9-a6ff-f14309e0e86a,NVIDIA A30,96,2249,24576,159.09,56
2026-10-09T05:37:11.254027+00:00,1,GPU-e3de7dc8-620f-0d1f-8bd9-d047dad41fe1,NVIDIA A30,0,2059,24576,31.46,31
2026-10-09T05:37:11.254027+00:00,2,GPU-e40ecd4c-d662-37cc-a069-2d669471410e,NVIDIA A30,0,2059,24576,31.31,31
2026-10-09T05:37:21.444829+00:00,0,GPU-459c992a-cb19-fec9-a6ff-f14309e0e86a,NVIDIA A30,96,2249,24576,159.56,57
2026-10-09T05:37:21.444829+00:00,1,GPU-e3de7dc8-620f-0d1f-8bd9-d047dad41fe1,NVIDIA A30,0,2059,24576,31.46,30
2026-10-09T05:37:21.444829+00:00,2,GPU-e40ecd4c-d662-37cc-a069-2d669471410e,NVIDIA A30,0,2059,24576,31.22,31
2026-10-09T05:37:31.628843+00:00,0,GPU-459c992a-cb19-fec9-a6ff-f14309e0e86a,NVIDIA A30,98,2249,24576,169.97,57
2026-10-09T05:37:31.628843+00:00,1,GPU-e3de7dc8-620f-0d1f-8bd9-d047dad41fe1,NVIDIA A30,0,2059,24576,31.26,30
2026-10-09T05:37:31.628843+00:00,2,GPU-e40ecd4c-d662-37cc-a069-2d669471410e,NVIDIA A30,0,2059,24576,31.12,30
2026-10-09T05:37:41.827433+00:00,0,GPU-459c992a-cb19-fec9-a6ff-f14309e0e86a,NVIDIA A30,95,2249,24576,175.65,58
2026-10-09T05:37:41.827433+00:00,1,GPU-e3de7dc8-620f-0d1f-8bd9-d047dad41fe1,NVIDIA A30,0,2059,24576,31.36,29
2026-10-09T05:37:41.827433+00:00,2,GPU-e40ecd4c-d662-37cc-a069-2d669471410e,NVIDIA A30,0,2059,24576,31.21,30
2026-10-09T05:37:51.939526+00:00,0,GPU-459c992a-cb19-fec9-a6ff-f14309e0e86a,NVIDIA A30,95,2249,24576,163.03,58
2026-10-09T05:37:51.939526+00:00,1,GPU-e3de7dc8-620f-0d1f-8bd9-d047dad41fe1,NVIDIA A30,100,3375,24576,149.37,37
2026-10-09T05:37:51.939526+00:00,2,GPU-e40ecd4c-d662-37cc-a069-2d669471410e,NVIDIA A30,0,2059,24576,31.11,30
2026-10-09T05:38:02.030142+00:00,0,GPU-459c992a-cb19-fec9-a6ff-f14309e0e86a,NVIDIA A30,98,2249,24576,172.88,59
2026-10-09T05:38:02.030142+00:00,1,GPU-e3de7dc8-620f-0d1f-8bd9-d047dad41fe1,NVIDIA A30,94,3579,24576,143.53,41
2026-10-09T05:38:02.030142+00:00,2,GPU-e40ecd4c-d662-37cc-a069-2d669471410e,NVIDIA A30,93,3561,24576,170.16,39
2026-10-09T05:38:12.110744+00:00,0,GPU-459c992a-cb19-fec9-a6ff-f14309e0e86a,NVIDIA A30,0,2249,24576,40.79,49
2026-10-09T05:38:12.110744+00:00,1,GPU-e3de7dc8-620f-0d1f-8bd9-d047dad41fe1,NVIDIA A30,100,3619,24576,178.60,44
2026-10-09T05:38:12.110744+00:00,2,GPU-e40ecd4c-d662-37cc-a069-2d669471410e,NVIDIA A30,100,3601,24576,159.29,41
2026-10-09T05:38:22.202664+00:00,0,GPU-459c992a-cb19-fec9-a6ff-f14309e0e86a,NVIDIA A30,99,2249,24576,156.03,57
2026-10-09T05:38:22.202664+00:00,1,GPU-e3de7dc8-620f-0d1f-8bd9-d047dad41fe1,NVIDIA A30,92,3619,24576,147.26,45
2026-10-09T05:38:22.202664+00:00,2,GPU-e40ecd4c-d662-37cc-a069-2d669471410e,NVIDIA A30,93,3601,24576,163.45,44
2026-10-09T05:38:32.304520+00:00,0,GPU-459c992a-cb19-fec9-a6ff-f14309e0e86a,NVIDIA A30,99,2249,24576,163.36,57
2026-10-09T05:38:32.304520+00:00,1,GPU-e3de7dc8-620f-0d1f-8bd9-d047dad41fe1,NVIDIA A30,100,3621,24576,173.30,47
2026-10-09T05:38:32.304520+00:00,2,GPU-e40ecd4c-d662-37cc-a069-2d669471410e,NVIDIA A30,100,3601,24576,165.71,46
2026-10-09T05:38:42.399735+00:00,0,GPU-459c992a-cb19-fec9-a6ff-f14309e0e86a,NVIDIA A30,98,2249,24576,168.11,58
2026-10-09T05:38:42.399735+00:00,1,GPU-e3de7dc8-620f-0d1f-8bd9-d047dad41fe1,NVIDIA A30,100,3621,24576,173.04,48
2026-10-09T05:38:42.399735+00:00,2,GPU-e40ecd4c-d662-37cc-a069-2d669471410e,NVIDIA A30,100,3601,24576,173.46,47
2026-10-09T05:38:52.495224+00:00,0,GPU-459c992a-cb19-fec9-a6ff-f14309e0e86a,NVIDIA A30,98,2249,24576,159.15,58
2026-10-09T05:38:52.495224+00:00,1,GPU-e3de7dc8-620f-0d1f-8bd9-d047dad41fe1,NVIDIA A30,100,3621,24576,155.76,50
2026-10-09T05:38:52.495224+00:00,2,GPU-e40ecd4c-d662-37cc-a069-2d669471410e,NVIDIA A30,93,3621,24576,177.59,48
2026-10-09T05:39:02.594686+00:00,0,GPU-459c992a-cb19-fec9-a6ff-f14309e0e86a,NVIDIA A30,99,2249,24576,169.05,59
2026-10-09T05:39:02.594686+00:00,1,GPU-e3de7dc8-620f-0d1f-8bd9-d047dad41fe1,NVIDIA A30,98,3621,24576,98.42,50
2026-10-09T05:39:02.594686+00:00,2,GPU-e40ecd4c-d662-37cc-a069-2d669471410e,NVIDIA A30,100,3621,24576,151.27,49
2026-10-09T05:39:12.679088+00:00,0,GPU-459c992a-cb19-fec9-a6ff-f14309e0e86a,NVIDIA A30,99,2249,24576,161.29,59
2026-10-09T05:39:12.679088+00:00,1,GPU-e3de7dc8-620f-0d1f-8bd9-d047dad41fe1,NVIDIA A30,100,3621,24576,178.05,52
2026-10-09T05:39:12.679088+00:00,2,GPU-e40ecd4c-d662-37cc-a069-2d669471410e,NVIDIA A30,98,3621,24576,156.49,50
2026-10-09T05:39:22.765602+00:00,0,GPU-459c992a-cb19-fec9-a6ff-f14309e0e86a,NVIDIA A30,98,2249,24576,160.14,59
2026-10-09T05:39:22.765602+00:00,1,GPU-e3de7dc8-620f-0d1f-8bd9-d047dad41fe1,NVIDIA A30,97,3641,24576,171.10,52
2026-10-09T05:39:22.765602+00:00,2,GPU-e40ecd4c-d662-37cc-a069-2d669471410e,NVIDIA A30,97,3621,24576,166.16,50
2026-10-09T05:39:32.856016+00:00,0,GPU-459c992a-cb19-fec9-a6ff-f14309e0e86a,NVIDIA A30,98,2249,24576,166.45,59
2026-10-09T05:39:32.856016+00:00,1,GPU-e3de7dc8-620f-0d1f-8bd9-d047dad41fe1,NVIDIA A30,100,3641,24576,162.93,53
2026-10-09T05:39:32.856016+00:00,2,GPU-e40ecd4c-d662-37cc-a069-2d669471410e,NVIDIA A30,100,3621,24576,165.57,52
2026-10-09T05:39:42.945623+00:00,0,GPU-459c992a-cb19-fec9-a6ff-f14309e0e86a,NVIDIA A30,99,2249,24576,165.97,60
2026-10-09T05:39:42.945623+00:00,1,GPU-e3de7dc8-620f-0d1f-8bd9-d047dad41fe1,NVIDIA A30,98,3641,24576,167.07,53
2026-10-09T05:39:42.945623+00:00,2,GPU-e40ecd4c-d662-37cc-a069-2d669471410e,NVIDIA A30,95,3621,24576,164.81,52
2026-10-09T05:39:53.031926+00:00,0,GPU-459c992a-cb19-fec9-a6ff-f14309e0e86a,NVIDIA A30,99,2249,24576,164.15,60
2026-10-09T05:39:53.031926+00:00,1,GPU-e3de7dc8-620f-0d1f-8bd9-d047dad41fe1,NVIDIA A30,100,3641,24576,138.55,53
2026-10-09T05:39:53.031926+00:00,2,GPU-e40ecd4c-d662-37cc-a069-2d669471410e,NVIDIA A30,100,3621,24576,161.01,53
2026-10-09T05:40:03.115339+00:00,0,GPU-459c992a-cb19-fec9-a6ff-f14309e0e86a,NVIDIA A30,0,2249,24576,41.10,51
2026-10-09T05:40:03.115339+00:00,1,GPU-e3de7dc8-620f-0d1f-8bd9-d047dad41fe1,NVIDIA A30,97,3641,24576,171.09,55
2026-10-09T05:40:03.115339+00:00,2,GPU-e40ecd4c-d662-37cc-a069-2d669471410e,NVIDIA A30,100,3621,24576,156.83,53
2026-10-09T05:40:13.248961+00:00,0,GPU-459c992a-cb19-fec9-a6ff-f14309e0e86a,NVIDIA A30,99,2249,24576,149.85,58
2026-10-09T05:40:13.248961+00:00,1,GPU-e3de7dc8-620f-0d1f-8bd9-d047dad41fe1,NVIDIA A30,100,3641,24576,155.11,54
2026-10-09T05:40:13.248961+00:00,2,GPU-e40ecd4c-d662-37cc-a069-2d669471410e,NVIDIA A30,98,3621,24576,161.97,53
2026-10-09T05:40:23.333769+00:00,0,GPU-459c992a-cb19-fec9-a6ff-f14309e0e86a,NVIDIA A30,98,2249,24576,163.09,58
2026-10-09T05:40:23.333769+00:00,1,GPU-e3de7dc8-620f-0d1f-8bd9-d047dad41fe1,NVIDIA A30,98,3641,24576,158.76,55
2026-10-09T05:40:23.333769+00:00,2,GPU-e40ecd4c-d662-37cc-a069-2d669471410e,NVIDIA A30,100,3621,24576,182.36,53
2026-10-09T05:40:33.421077+00:00,0,GPU-459c992a-cb19-fec9-a6ff-f14309e0e86a,NVIDIA A30,99,2249,24576,150.93,59
2026-10-09T05:40:33.421077+00:00,1,GPU-e3de7dc8-620f-0d1f-8bd9-d047dad41fe1,NVIDIA A30,100,3641,24576,141.05,55
2026-10-09T05:40:33.421077+00:00,2,GPU-e40ecd4c-d662-37cc-a069-2d669471410e,NVIDIA A30,96,3621,24576,163.30,54
2026-10-09T05:40:43.521464+00:00,0,GPU-459c992a-cb19-fec9-a6ff-f14309e0e86a,NVIDIA A30,98,2249,24576,170.88,59
2026-10-09T05:40:43.521464+00:00,1,GPU-e3de7dc8-620f-0d1f-8bd9-d047dad41fe1,NVIDIA A30,100,3641,24576,157.57,55
2026-10-09T05:40:43.521464+00:00,2,GPU-e40ecd4c-d662-37cc-a069-2d669471410e,NVIDIA A30,100,3621,24576,168.66,54
2026-10-09T05:40:53.620181+00:00,0,GPU-459c992a-cb19-fec9-a6ff-f14309e0e86a,NVIDIA A30,98,2249,24576,166.54,59
2026-10-09T05:40:53.620181+00:00,1,GPU-e3de7dc8-620f-0d1f-8bd9-d047dad41fe1,NVIDIA A30,93,3641,24576,173.81,55
2026-10-09T05:40:53.620181+00:00,2,GPU-e40ecd4c-d662-37cc-a069-2d669471410e,NVIDIA A30,100,3621,24576,145.32,53
2026-10-09T05:41:03.723871+00:00,0,GPU-459c992a-cb19-fec9-a6ff-f14309e0e86a,NVIDIA A30,97,2249,24576,174.23,60
2026-10-09T05:41:03.723871+00:00,1,GPU-e3de7dc8-620f-0d1f-8bd9-d047dad41fe1,NVIDIA A30,100,3641,24576,177.71,56
2026-10-09T05:41:03.723871+00:00,2,GPU-e40ecd4c-d662-37cc-a069-2d669471410e,NVIDIA A30,100,3621,24576,158.79,54
2026-10-09T05:41:13.822686+00:00,0,GPU-459c992a-cb19-fec9-a6ff-f14309e0e86a,NVIDIA A30,99,2249,24576,158.07,60
2026-10-09T05:41:13.822686+00:00,1,GPU-e3de7dc8-620f-0d1f-8bd9-d047dad41fe1,NVIDIA A30,93,3641,24576,136.03,55
2026-10-09T05:41:13.822686+00:00,2,GPU-e40ecd4c-d662-37cc-a069-2d669471410e,NVIDIA A30,92,3621,24576,154.63,54
2026-10-09T05:41:23.947169+00:00,0,GPU-459c992a-cb19-fec9-a6ff-f14309e0e86a,NVIDIA A30,97,2249,24576,153.59,60
2026-10-09T05:41:23.947169+00:00,1,GPU-e3de7dc8-620f-0d1f-8bd9-d047dad41fe1,NVIDIA A30,100,3641,24576,155.95,56
2026-10-09T05:41:23.947169+00:00,2,GPU-e40ecd4c-d662-37cc-a069-2d669471410e,NVIDIA A30,100,3621,24576,174.66,55
2026-10-09T05:41:34.053151+00:00,0,GPU-459c992a-cb19-fec9-a6ff-f14309e0e86a,NVIDIA A30,99,2249,24576,165.91,60
2026-10-09T05:41:34.053151+00:00,1,GPU-e3de7dc8-620f-0d1f-8bd9-d047dad41fe1,NVIDIA A30,100,3641,24576,166.27,55
2026-10-09T05:41:34.053151+00:00,2,GPU-e40ecd4c-d662-37cc-a069-2d669471410e,NVIDIA A30,92,3621,24576,168.87,55
2026-10-09T05:41:44.167125+00:00,0,GPU-459c992a-cb19-fec9-a6ff-f14309e0e86a,NVIDIA A30,98,2249,24576,168.14,60
2026-10-09T05:41:44.167125+00:00,1,GPU-e3de7dc8-620f-0d1f-8bd9-d047dad41fe1,NVIDIA A30,100,3641,24576,157.76,55
2026-10-09T05:41:44.167125+00:00,2,GPU-e40ecd4c-d662-37cc-a069-2d669471410e,NVIDIA A30,100,3641,24576,156.33,55
2026-10-09T05:41:54.278974+00:00,0,GPU-459c992a-cb19-fec9-a6ff-f14309e0e86a,NVIDIA A30,37,1985,24576,48.88,52
2026-10-09T05:41:54.278974+00:00,1,GPU-e3de7dc8-620f-0d1f-8bd9-d047dad41fe1,NVIDIA A30,100,3641,24576,169.45,56
2026-10-09T05:41:54.278974+00:00,2,GPU-e40ecd4c-d662-37cc-a069-2d669471410e,NVIDIA A30,93,3641,24576,164.75,54
2026-10-09T05:42:04.375993+00:00,0,GPU-459c992a-cb19-fec9-a6ff-f14309e0e86a,NVIDIA A30,0,4,24576,39.13,50
2026-10-09T05:42:04.375993+00:00,1,GPU-e3de7dc8-620f-0d1f-8bd9-d047dad41fe1,NVIDIA A30,97,3641,24576,170.61,56
2026-10-09T05:42:04.375993+00:00,2,GPU-e40ecd4c-d662-37cc-a069-2d669471410e,NVIDIA A30,100,3641,24576,154.92,55
2026-10-09T05:42:14.472103+00:00,0,GPU-459c992a-cb19-fec9-a6ff-f14309e0e86a,NVIDIA A30,0,313,24576,39.82,47
2026-10-09T05:42:14.472103+00:00,1,GPU-e3de7dc8-620f-0d1f-8bd9-d047dad41fe1,NVIDIA A30,100,3641,24576,135.18,56
2026-10-09T05:42:14.472103+00:00,2,GPU-e40ecd4c-d662-37cc-a069-2d669471410e,NVIDIA A30,45,3641,24576,160.01,54
2026-10-09T05:42:24.551320+00:00,0,GPU-459c992a-cb19-fec9-a6ff-f14309e0e86a,NVIDIA A30,0,333,24576,38.82,45
2026-10-09T05:42:24.551320+00:00,1,GPU-e3de7dc8-620f-0d1f-8bd9-d047dad41fe1,NVIDIA A30,100,3641,24576,162.72,56
2026-10-09T05:42:24.551320+00:00,2,GPU-e40ecd4c-d662-37cc-a069-2d669471410e,NVIDIA A30,100,3641,24576,178.47,55
2026-10-09T05:42:34.633544+00:00,0,GPU-459c992a-cb19-fec9-a6ff-f14309e0e86a,NVIDIA A30,0,2059,24576,37.83,43
2026-10-09T05:42:34.633544+00:00,1,GPU-e3de7dc8-620f-0d1f-8bd9-d047dad41fe1,NVIDIA A30,100,3641,24576,144.65,56
2026-10-09T05:42:34.633544+00:00,2,GPU-e40ecd4c-d662-37cc-a069-2d669471410e,NVIDIA A30,95,3641,24576,169.35,55
2026-10-09T05:42:44.726101+00:00,0,GPU-459c992a-cb19-fec9-a6ff-f14309e0e86a,NVIDIA A30,0,2059,24576,37.24,42
2026-10-09T05:42:44.726101+00:00,1,GPU-e3de7dc8-620f-0d1f-8bd9-d047dad41fe1,NVIDIA A30,100,3641,24576,137.65,56
2026-10-09T05:42:44.726101+00:00,2,GPU-e40ecd4c-d662-37cc-a069-2d669471410e,NVIDIA A30,97,3641,24576,155.91,55
2026-10-09T05:42:54.810305+00:00,0,GPU-459c992a-cb19-fec9-a6ff-f14309e0e86a,NVIDIA A30,0,2059,24576,36.82,40
2026-10-09T05:42:54.810305+00:00,1,GPU-e3de7dc8-620f-0d1f-8bd9-d047dad41fe1,NVIDIA A30,100,3641,24576,127.23,56
2026-10-09T05:42:54.810305+00:00,2,GPU-e40ecd4c-d662-37cc-a069-2d669471410e,NVIDIA A30,93,3641,24576,147.43,55
2026-10-09T05:43:04.893776+00:00,0,GPU-459c992a-cb19-fec9-a6ff-f14309e0e86a,NVIDIA A30,0,2059,24576,36.55,39
2026-10-09T05:43:04.893776+00:00,1,GPU-e3de7dc8-620f-0d1f-8bd9-d047dad41fe1,NVIDIA A30,100,3641,24576,168.56,56
2026-10-09T05:43:04.893776+00:00,2,GPU-e40ecd4c-d662-37cc-a069-2d669471410e,NVIDIA A30,97,3641,24576,163.02,55
2026-10-09T05:43:14.991529+00:00,0,GPU-459c992a-cb19-fec9-a6ff-f14309e0e86a,NVIDIA A30,0,2059,24576,36.35,38
2026-10-09T05:43:14.991529+00:00,1,GPU-e3de7dc8-620f-0d1f-8bd9-d047dad41fe1,NVIDIA A30,97,3641,24576,162.80,57
2026-10-09T05:43:14.991529+00:00,2,GPU-e40ecd4c-d662-37cc-a069-2d669471410e,NVIDIA A30,100,3641,24576,152.65,55
2026-10-09T05:43:25.099558+00:00,0,GPU-459c992a-cb19-fec9-a6ff-f14309e0e86a,NVIDIA A30,0,2059,24576,36.05,38
2026-10-09T05:43:25.099558+00:00,1,GPU-e3de7dc8-620f-0d1f-8bd9-d047dad41fe1,NVIDIA A30,100,3641,24576,175.43,57
2026-10-09T05:43:25.099558+00:00,2,GPU-e40ecd4c-d662-37cc-a069-2d669471410e,NVIDIA A30,96,3641,24576,172.39,56
2026-10-09T05:43:35.183414+00:00,0,GPU-459c992a-cb19-fec9-a6ff-f14309e0e86a,NVIDIA A30,0,2059,24576,35.54,37
2026-10-09T05:43:35.183414+00:00,1,GPU-e3de7dc8-620f-0d1f-8bd9-d047dad41fe1,NVIDIA A30,100,3641,24576,165.82,57
2026-10-09T05:43:35.183414+00:00,2,GPU-e40ecd4c-d662-37cc-a069-2d669471410e,NVIDIA A30,100,3641,24576,166.05,55
2026-10-09T05:43:45.262062+00:00,0,GPU-459c992a-cb19-fec9-a6ff-f14309e0e86a,NVIDIA A30,0,2059,24576,36.64,36
2026-10-09T05:43:45.262062+00:00,1,GPU-e3de7dc8-620f-0d1f-8bd9-d047dad41fe1,NVIDIA A30,100,3641,24576,174.90,56
2026-10-09T05:43:45.262062+00:00,2,GPU-e40ecd4c-d662-37cc-a069-2d669471410e,NVIDIA A30,100,3641,24576,126.36,55
2026-10-09T05:43:55.343226+00:00,0,GPU-459c992a-cb19-fec9-a6ff-f14309e0e86a,NVIDIA A30,97,3559,24576,173.41,44
2026-10-09T05:43:55.343226+00:00,1,GPU-e3de7dc8-620f-0d1f-8bd9-d047dad41fe1,NVIDIA A30,100,3641,24576,177.99,57
2026-10-09T05:43:55.343226+00:00,2,GPU-e40ecd4c-d662-37cc-a069-2d669471410e,NVIDIA A30,100,3641,24576,133.49,55
2026-10-09T05:44:05.432196+00:00,0,GPU-459c992a-cb19-fec9-a6ff-f14309e0e86a,NVIDIA A30,100,3579,24576,176.76,47
2026-10-09T05:44:05.432196+00:00,1,GPU-e3de7dc8-620f-0d1f-8bd9-d047dad41fe1,NVIDIA A30,100,3641,24576,164.30,57
2026-10-09T05:44:05.432196+00:00,2,GPU-e40ecd4c-d662-37cc-a069-2d669471410e,NVIDIA A30,96,3641,24576,163.46,55
2026-10-09T05:44:15.522970+00:00,0,GPU-459c992a-cb19-fec9-a6ff-f14309e0e86a,NVIDIA A30,94,3579,24576,159.97,49
2026-10-09T05:44:15.522970+00:00,1,GPU-e3de7dc8-620f-0d1f-8bd9-d047dad41fe1,NVIDIA A30,100,3641,24576,162.68,56
2026-10-09T05:44:15.522970+00:00,2,GPU-e40ecd4c-d662-37cc-a069-2d669471410e,NVIDIA A30,100,3641,24576,175.12,56
2026-10-09T05:44:25.616371+00:00,0,GPU-459c992a-cb19-fec9-a6ff-f14309e0e86a,NVIDIA A30,100,3579,24576,165.70,51
2026-10-09T05:44:25.616371+00:00,1,GPU-e3de7dc8-620f-0d1f-8bd9-d047dad41fe1,NVIDIA A30,100,3641,24576,170.48,56
2026-10-09T05:44:25.616371+00:00,2,GPU-e40ecd4c-d662-37cc-a069-2d669471410e,NVIDIA A30,94,3641,24576,175.05,55
2026-10-09T05:44:35.709015+00:00,0,GPU-459c992a-cb19-fec9-a6ff-f14309e0e86a,NVIDIA A30,98,3579,24576,161.83,52
2026-10-09T05:44:35.709015+00:00,1,GPU-e3de7dc8-620f-0d1f-8bd9-d047dad41fe1,NVIDIA A30,91,3641,24576,174.87,56
2026-10-09T05:44:35.709015+00:00,2,GPU-e40ecd4c-d662-37cc-a069-2d669471410e,NVIDIA A30,100,3641,24576,183.46,56
2026-10-09T05:44:45.800103+00:00,0,GPU-459c992a-cb19-fec9-a6ff-f14309e0e86a,NVIDIA A30,100,3599,24576,165.32,53
2026-10-09T05:44:45.800103+00:00,1,GPU-e3de7dc8-620f-0d1f-8bd9-d047dad41fe1,NVIDIA A30,100,3641,24576,162.33,56
2026-10-09T05:44:45.800103+00:00,2,GPU-e40ecd4c-d662-37cc-a069-2d669471410e,NVIDIA A30,100,3641,24576,172.94,55
2026-10-09T05:44:55.886473+00:00,0,GPU-459c992a-cb19-fec9-a6ff-f14309e0e86a,NVIDIA A30,97,3599,24576,160.28,54
2026-10-09T05:44:55.886473+00:00,1,GPU-e3de7dc8-620f-0d1f-8bd9-d047dad41fe1,NVIDIA A30,97,3641,24576,171.84,57
2026-10-09T05:44:55.886473+00:00,2,GPU-e40ecd4c-d662-37cc-a069-2d669471410e,NVIDIA A30,100,3641,24576,161.05,55
2026-10-09T05:45:05.980431+00:00,0,GPU-459c992a-cb19-fec9-a6ff-f14309e0e86a,NVIDIA A30,94,3619,24576,153.29,55
2026-10-09T05:45:05.980431+00:00,1,GPU-e3de7dc8-620f-0d1f-8bd9-d047dad41fe1,NVIDIA A30,96,3641,24576,159.48,56
2026-10-09T05:45:05.980431+00:00,2,GPU-e40ecd4c-d662-37cc-a069-2d669471410e,NVIDIA A30,100,3641,24576,141.77,55
2026-10-09T05:45:16.059261+00:00,0,GPU-459c992a-cb19-fec9-a6ff-f14309e0e86a,NVIDIA A30,100,3619,24576,161.89,56
2026-10-09T05:45:16.059261+00:00,1,GPU-e3de7dc8-620f-0d1f-8bd9-d047dad41fe1,NVIDIA A30,98,3641,24576,185.22,57
2026-10-09T05:45:16.059261+00:00,2,GPU-e40ecd4c-d662-37cc-a069-2d669471410e,NVIDIA A30,96,3641,24576,164.29,56
2026-10-09T05:45:26.155236+00:00,0,GPU-459c992a-cb19-fec9-a6ff-f14309e0e86a,NVIDIA A30,98,3619,24576,165.36,57
2026-10-09T05:45:26.155236+00:00,1,GPU-e3de7dc8-620f-0d1f-8bd9-d047dad41fe1,NVIDIA A30,91,3641,24576,158.85,56
2026-10-09T05:45:26.155236+00:00,2,GPU-e40ecd4c-d662-37cc-a069-2d669471410e,NVIDIA A30,100,3641,24576,163.56,55
2026-10-09T05:45:36.243297+00:00,0,GPU-459c992a-cb19-fec9-a6ff-f14309e0e86a,NVIDIA A30,94,3621,24576,140.50,57
2026-10-09T05:45:36.243297+00:00,1,GPU-e3de7dc8-620f-0d1f-8bd9-d047dad41fe1,NVIDIA A30,97,3641,24576,158.93,57
2026-10-09T05:45:36.243297+00:00,2,GPU-e40ecd4c-d662-37cc-a069-2d669471410e,NVIDIA A30,100,3641,24576,167.01,56
2026-10-09T05:45:46.331130+00:00,0,GPU-459c992a-cb19-fec9-a6ff-f14309e0e86a,NVIDIA A30,100,3621,24576,171.14,57
2026-10-09T05:45:46.331130+00:00,1,GPU-e3de7dc8-620f-0d1f-8bd9-d047dad41fe1,NVIDIA A30,93,3641,24576,155.69,56
2026-10-09T05:45:46.331130+00:00,2,GPU-e40ecd4c-d662-37cc-a069-2d669471410e,NVIDIA A30,100,3641,24576,152.55,55
2026-10-09T05:45:56.412100+00:00,0,GPU-459c992a-cb19-fec9-a6ff-f14309e0e86a,NVIDIA A30,97,3621,24576,158.99,58
2026-10-09T05:45:56.412100+00:00,1,GPU-e3de7dc8-620f-0d1f-8bd9-d047dad41fe1,NVIDIA A30,98,3641,24576,156.43,56
2026-10-09T05:45:56.412100+00:00,2,GPU-e40ecd4c-d662-37cc-a069-2d669471410e,NVIDIA A30,100,3641,24576,166.69,55
2026-10-09T05:46:06.494353+00:00,0,GPU-459c992a-cb19-fec9-a6ff-f14309e0e86a,NVIDIA A30,100,3621,24576,148.08,58
2026-10-09T05:46:06.494353+00:00,1,GPU-e3de7dc8-620f-0d1f-8bd9-d047dad41fe1,NVIDIA A30,100,3641,24576,177.08,56
2026-10-09T05:46:06.494353+00:00,2,GPU-e40ecd4c-d662-37cc-a069-2d669471410e,NVIDIA A30,100,3641,24576,157.87,55
2026-10-09T05:46:16.577528+00:00,0,GPU-459c992a-cb19-fec9-a6ff-f14309e0e86a,NVIDIA A30,100,3621,24576,165.91,58
2026-10-09T05:46:16.577528+00:00,1,GPU-e3de7dc8-620f-0d1f-8bd9-d047dad41fe1,NVIDIA A30,98,3641,24576,162.23,57
2026-10-09T05:46:16.577528+00:00,2,GPU-e40ecd4c-d662-37cc-a069-2d669471410e,NVIDIA A30,100,3641,24576,167.19,56
2026-10-09T05:46:26.661261+00:00,0,GPU-459c992a-cb19-fec9-a6ff-f14309e0e86a,NVIDIA A30,100,3621,24576,106.50,59
2026-10-09T05:46:26.661261+00:00,1,GPU-e3de7dc8-620f-0d1f-8bd9-d047dad41fe1,NVIDIA A30,100,3641,24576,146.78,56
2026-10-09T05:46:26.661261+00:00,2,GPU-e40ecd4c-d662-37cc-a069-2d669471410e,NVIDIA A30,98,3641,24576,120.87,55
2026-10-09T05:46:36.756472+00:00,0,GPU-459c992a-cb19-fec9-a6ff-f14309e0e86a,NVIDIA A30,100,3621,24576,165.03,59
2026-10-09T05:46:36.756472+00:00,1,GPU-e3de7dc8-620f-0d1f-8bd9-d047dad41fe1,NVIDIA A30,100,3641,24576,160.74,56
2026-10-09T05:46:36.756472+00:00,2,GPU-e40ecd4c-d662-37cc-a069-2d669471410e,NVIDIA A30,100,3641,24576,152.55,55
2026-10-09T05:46:46.857614+00:00,0,GPU-459c992a-cb19-fec9-a6ff-f14309e0e86a,NVIDIA A30,100,3621,24576,150.25,59
2026-10-09T05:46:46.857614+00:00,1,GPU-e3de7dc8-620f-0d1f-8bd9-d047dad41fe1,NVIDIA A30,94,3641,24576,183.65,57
2026-10-09T05:46:46.857614+00:00,2,GPU-e40ecd4c-d662-37cc-a069-2d669471410e,NVIDIA A30,97,3641,24576,159.10,55
2026-10-09T05:46:56.965935+00:00,0,GPU-459c992a-cb19-fec9-a6ff-f14309e0e86a,NVIDIA A30,97,3621,24576,173.67,59
2026-10-09T05:46:56.965935+00:00,1,GPU-e3de7dc8-620f-0d1f-8bd9-d047dad41fe1,NVIDIA A30,100,3641,24576,166.35,56
2026-10-09T05:46:56.965935+00:00,2,GPU-e40ecd4c-d662-37cc-a069-2d669471410e,NVIDIA A30,100,3641,24576,158.54,55
2026-10-09T05:47:07.054383+00:00,0,GPU-459c992a-cb19-fec9-a6ff-f14309e0e86a,NVIDIA A30,96,3621,24576,170.78,59
2026-10-09T05:47:07.054383+00:00,1,GPU-e3de7dc8-620f-0d1f-8bd9-d047dad41fe1,NVIDIA A30,100,3641,24576,170.86,57
2026-10-09T05:47:07.054383+00:00,2,GPU-e40ecd4c-d662-37cc-a069-2d669471410e,NVIDIA A30,98,3641,24576,172.01,55
2026-10-09T05:47:17.160175+00:00,0,GPU-459c992a-cb19-fec9-a6ff-f14309e0e86a,NVIDIA A30,100,3641,24576,151.67,59
2026-10-09T05:47:17.160175+00:00,1,GPU-e3de7dc8-620f-0d1f-8bd9-d047dad41fe1,NVIDIA A30,100,3641,24576,157.95,57
2026-10-09T05:47:17.160175+00:00,2,GPU-e40ecd4c-d662-37cc-a069-2d669471410e,NVIDIA A30,100,3641,24576,155.00,55
2026-10-09T05:47:27.252082+00:00,0,GPU-459c992a-cb19-fec9-a6ff-f14309e0e86a,NVIDIA A30,100,3641,24576,138.03,60
2026-10-09T05:47:27.252082+00:00,1,GPU-e3de7dc8-620f-0d1f-8bd9-d047dad41fe1,NVIDIA A30,100,3641,24576,172.36,57
2026-10-09T05:47:27.252082+00:00,2,GPU-e40ecd4c-d662-37cc-a069-2d669471410e,NVIDIA A30,95,3641,24576,165.05,55
2026-10-09T05:47:37.361487+00:00,0,GPU-459c992a-cb19-fec9-a6ff-f14309e0e86a,NVIDIA A30,98,3641,24576,115.32,59
2026-10-09T05:47:37.361487+00:00,1,GPU-e3de7dc8-620f-0d1f-8bd9-d047dad41fe1,NVIDIA A30,99,3641,24576,177.73,57
2026-10-09T05:47:37.361487+00:00,2,GPU-e40ecd4c-d662-37cc-a069-2d669471410e,NVIDIA A30,100,3641,24576,152.65,55
2026-10-09T05:47:47.456609+00:00,0,GPU-459c992a-cb19-fec9-a6ff-f14309e0e86a,NVIDIA A30,100,3641,24576,160.52,60
2026-10-09T05:47:47.456609+00:00,1,GPU-e3de7dc8-620f-0d1f-8bd9-d047dad41fe1,NVIDIA A30,100,3641,24576,172.14,57
2026-10-09T05:47:47.456609+00:00,2,GPU-e40ecd4c-d662-37cc-a069-2d669471410e,NVIDIA A30,100,3641,24576,169.88,56
2026-10-09T05:47:57.564392+00:00,0,GPU-459c992a-cb19-fec9-a6ff-f14309e0e86a,NVIDIA A30,100,3641,24576,173.95,60
2026-10-09T05:47:57.564392+00:00,1,GPU-e3de7dc8-620f-0d1f-8bd9-d047dad41fe1,NVIDIA A30,92,3641,24576,166.03,56
2026-10-09T05:47:57.564392+00:00,2,GPU-e40ecd4c-d662-37cc-a069-2d669471410e,NVIDIA A30,100,3641,24576,169.25,56
2026-10-09T05:48:07.663034+00:00,0,GPU-459c992a-cb19-fec9-a6ff-f14309e0e86a,NVIDIA A30,100,3641,24576,162.77,60
2026-10-09T05:48:07.663034+00:00,1,GPU-e3de7dc8-620f-0d1f-8bd9-d047dad41fe1,NVIDIA A30,100,3641,24576,144.51,57
2026-10-09T05:48:07.663034+00:00,2,GPU-e40ecd4c-d662-37cc-a069-2d669471410e,NVIDIA A30,94,3641,24576,174.39,55
2026-10-09T05:48:17.761402+00:00,0,GPU-459c992a-cb19-fec9-a6ff-f14309e0e86a,NVIDIA A30,100,3641,24576,160.42,60
2026-10-09T05:48:17.761402+00:00,1,GPU-e3de7dc8-620f-0d1f-8bd9-d047dad41fe1,NVIDIA A30,95,3641,24576,164.53,56
2026-10-09T05:48:17.761402+00:00,2,GPU-e40ecd4c-d662-37cc-a069-2d669471410e,NVIDIA A30,100,3641,24576,146.50,56
2026-10-09T05:48:27.863186+00:00,0,GPU-459c992a-cb19-fec9-a6ff-f14309e0e86a,NVIDIA A30,100,3641,24576,161.05,60
2026-10-09T05:48:27.863186+00:00,1,GPU-e3de7dc8-620f-0d1f-8bd9-d047dad41fe1,NVIDIA A30,100,3641,24576,176.66,57
2026-10-09T05:48:27.863186+00:00,2,GPU-e40ecd4c-d662-37cc-a069-2d669471410e,NVIDIA A30,93,3641,24576,175.67,55
2026-10-09T05:48:37.968012+00:00,0,GPU-459c992a-cb19-fec9-a6ff-f14309e0e86a,NVIDIA A30,100,3641,24576,170.98,60
2026-10-09T05:48:37.968012+00:00,1,GPU-e3de7dc8-620f-0d1f-8bd9-d047dad41fe1,NVIDIA A30,98,3641,24576,155.25,57
2026-10-09T05:48:37.968012+00:00,2,GPU-e40ecd4c-d662-37cc-a069-2d669471410e,NVIDIA A30,100,3641,24576,113.58,56
2026-10-09T05:48:48.066109+00:00,0,GPU-459c992a-cb19-fec9-a6ff-f14309e0e86a,NVIDIA A30,100,3641,24576,141.36,60
2026-10-09T05:48:48.066109+00:00,1,GPU-e3de7dc8-620f-0d1f-8bd9-d047dad41fe1,NVIDIA A30,92,3641,24576,156.54,56
2026-10-09T05:48:48.066109+00:00,2,GPU-e40ecd4c-d662-37cc-a069-2d669471410e,NVIDIA A30,99,3641,24576,163.41,55
2026-10-09T05:48:58.169554+00:00,0,GPU-459c992a-cb19-fec9-a6ff-f14309e0e86a,NVIDIA A30,100,3641,24576,161.05,60
2026-10-09T05:48:58.169554+00:00,1,GPU-e3de7dc8-620f-0d1f-8bd9-d047dad41fe1,NVIDIA A30,100,3641,24576,166.43,57
2026-10-09T05:48:58.169554+00:00,2,GPU-e40ecd4c-d662-37cc-a069-2d669471410e,NVIDIA A30,98,3641,24576,157.75,56
2026-10-09T05:49:08.275546+00:00,0,GPU-459c992a-cb19-fec9-a6ff-f14309e0e86a,NVIDIA A30,98,3641,24576,158.57,60
2026-10-09T05:49:08.275546+00:00,1,GPU-e3de7dc8-620f-0d1f-8bd9-d047dad41fe1,NVIDIA A30,92,3641,24576,174.41,57
2026-10-09T05:49:08.275546+00:00,2,GPU-e40ecd4c-d662-37cc-a069-2d669471410e,NVIDIA A30,100,3641,24576,160.61,56
2026-10-09T05:49:18.374244+00:00,0,GPU-459c992a-cb19-fec9-a6ff-f14309e0e86a,NVIDIA A30,93,3641,24576,160.62,60
2026-10-09T05:49:18.374244+00:00,1,GPU-e3de7dc8-620f-0d1f-8bd9-d047dad41fe1,NVIDIA A30,100,3641,24576,157.52,57
2026-10-09T05:49:18.374244+00:00,2,GPU-e40ecd4c-d662-37cc-a069-2d669471410e,NVIDIA A30,100,3641,24576,165.54,56
2026-10-09T05:49:28.472908+00:00,0,GPU-459c992a-cb19-fec9-a6ff-f14309e0e86a,NVIDIA A30,92,3641,24576,164.74,60
2026-10-09T05:49:28.472908+00:00,1,GPU-e3de7dc8-620f-0d1f-8bd9-d047dad41fe1,NVIDIA A30,100,3641,24576,157.68,56
2026-10-09T05:49:28.472908+00:00,2,GPU-e40ecd4c-d662-37cc-a069-2d669471410e,NVIDIA A30,92,3641,24576,180.68,56
2026-10-09T05:49:38.576316+00:00,0,GPU-459c992a-cb19-fec9-a6ff-f14309e0e86a,NVIDIA A30,97,3641,24576,159.24,60
2026-10-09T05:49:38.576316+00:00,1,GPU-e3de7dc8-620f-0d1f-8bd9-d047dad41fe1,NVIDIA A30,100,3641,24576,149.66,57
2026-10-09T05:49:38.576316+00:00,2,GPU-e40ecd4c-d662-37cc-a069-2d669471410e,NVIDIA A30,100,3641,24576,172.86,56
2026-10-09T05:49:48.670921+00:00,0,GPU-459c992a-cb19-fec9-a6ff-f14309e0e86a,NVIDIA A30,96,3641,24576,177.71,60
2026-10-09T05:49:48.670921+00:00,1,GPU-e3de7dc8-620f-0d1f-8bd9-d047dad41fe1,NVIDIA A30,100,3641,24576,58.00,54
2026-10-09T05:49:48.670921+00:00,2,GPU-e40ecd4c-d662-37cc-a069-2d669471410e,NVIDIA A30,100,3641,24576,157.97,55
2026-10-09T05:49:58.764810+00:00,0,GPU-459c992a-cb19-fec9-a6ff-f14309e0e86a,NVIDIA A30,100,3641,24576,176.36,60
2026-10-09T05:49:58.764810+00:00,1,GPU-e3de7dc8-620f-0d1f-8bd9-d047dad41fe1,NVIDIA A30,100,3641,24576,167.38,57
2026-10-09T05:49:58.764810+00:00,2,GPU-e40ecd4c-d662-37cc-a069-2d669471410e,NVIDIA A30,93,3641,24576,161.10,55
2026-10-09T05:50:08.868617+00:00,0,GPU-459c992a-cb19-fec9-a6ff-f14309e0e86a,NVIDIA A30,100,3641,24576,138.08,60
2026-10-09T05:50:08.868617+00:00,1,GPU-e3de7dc8-620f-0d1f-8bd9-d047dad41fe1,NVIDIA A30,100,3641,24576,149.11,56
2026-10-09T05:50:08.868617+00:00,2,GPU-e40ecd4c-d662-37cc-a069-2d669471410e,NVIDIA A30,100,3641,24576,188.99,56
2026-10-09T05:50:18.960116+00:00,0,GPU-459c992a-cb19-fec9-a6ff-f14309e0e86a,NVIDIA A30,97,3641,24576,187.08,60
2026-10-09T05:50:18.960116+00:00,1,GPU-e3de7dc8-620f-0d1f-8bd9-d047dad41fe1,NVIDIA A30,100,3641,24576,177.08,57
2026-10-09T05:50:18.960116+00:00,2,GPU-e40ecd4c-d662-37cc-a069-2d669471410e,NVIDIA A30,100,3641,24576,150.88,56
2026-10-09T05:50:29.048913+00:00,0,GPU-459c992a-cb19-fec9-a6ff-f14309e0e86a,NVIDIA A30,100,3641,24576,184.22,60
2026-10-09T05:50:29.048913+00:00,1,GPU-e3de7dc8-620f-0d1f-8bd9-d047dad41fe1,NVIDIA A30,97,3641,24576,162.28,57
2026-10-09T05:50:29.048913+00:00,2,GPU-e40ecd4c-d662-37cc-a069-2d669471410e,NVIDIA A30,100,3641,24576,171.28,56
2026-10-09T05:50:39.148315+00:00,0,GPU-459c992a-cb19-fec9-a6ff-f14309e0e86a,NVIDIA A30,100,3641,24576,152.46,60
2026-10-09T05:50:39.148315+00:00,1,GPU-e3de7dc8-620f-0d1f-8bd9-d047dad41fe1,NVIDIA A30,92,3641,24576,159.78,56
2026-10-09T05:50:39.148315+00:00,2,GPU-e40ecd4c-d662-37cc-a069-2d669471410e,NVIDIA A30,100,3641,24576,158.29,55
2026-10-09T05:50:49.253695+00:00,0,GPU-459c992a-cb19-fec9-a6ff-f14309e0e86a,NVIDIA A30,97,3641,24576,165.86,60
2026-10-09T05:50:49.253695+00:00,1,GPU-e3de7dc8-620f-0d1f-8bd9-d047dad41fe1,NVIDIA A30,100,3641,24576,170.95,57
2026-10-09T05:50:49.253695+00:00,2,GPU-e40ecd4c-d662-37cc-a069-2d669471410e,NVIDIA A30,100,3641,24576,155.50,56
2026-10-09T05:50:59.351199+00:00,0,GPU-459c992a-cb19-fec9-a6ff-f14309e0e86a,NVIDIA A30,91,3641,24576,164.74,60
2026-10-09T05:50:59.351199+00:00,1,GPU-e3de7dc8-620f-0d1f-8bd9-d047dad41fe1,NVIDIA A30,100,3641,24576,162.13,56
2026-10-09T05:50:59.351199+00:00,2,GPU-e40ecd4c-d662-37cc-a069-2d669471410e,NVIDIA A30,100,3641,24576,170.56,56
2026-10-09T05:51:09.449681+00:00,0,GPU-459c992a-cb19-fec9-a6ff-f14309e0e86a,NVIDIA A30,100,3641,24576,164.34,60
2026-10-09T05:51:09.449681+00:00,1,GPU-e3de7dc8-620f-0d1f-8bd9-d047dad41fe1,NVIDIA A30,100,3641,24576,170.16,57
2026-10-09T05:51:09.449681+00:00,2,GPU-e40ecd4c-d662-37cc-a069-2d669471410e,NVIDIA A30,98,3641,24576,159.68,56
2026-10-09T05:51:19.542269+00:00,0,GPU-459c992a-cb19-fec9-a6ff-f14309e0e86a,NVIDIA A30,100,3641,24576,169.86,60
2026-10-09T05:51:19.542269+00:00,1,GPU-e3de7dc8-620f-0d1f-8bd9-d047dad41fe1,NVIDIA A30,100,3641,24576,169.40,57
2026-10-09T05:51:19.542269+00:00,2,GPU-e40ecd4c-d662-37cc-a069-2d669471410e,NVIDIA A30,100,3641,24576,160.01,55
2026-10-09T05:51:29.639357+00:00,0,GPU-459c992a-cb19-fec9-a6ff-f14309e0e86a,NVIDIA A30,100,3641,24576,124.09,60
2026-10-09T05:51:29.639357+00:00,1,GPU-e3de7dc8-620f-0d1f-8bd9-d047dad41fe1,NVIDIA A30,100,3641,24576,152.31,57
2026-10-09T05:51:29.639357+00:00,2,GPU-e40ecd4c-d662-37cc-a069-2d669471410e,NVIDIA A30,100,3641,24576,160.62,56
2026-10-09T05:51:39.729505+00:00,0,GPU-459c992a-cb19-fec9-a6ff-f14309e0e86a,NVIDIA A30,100,3641,24576,176.92,60
2026-10-09T05:51:39.729505+00:00,1,GPU-e3de7dc8-620f-0d1f-8bd9-d047dad41fe1,NVIDIA A30,93,3641,24576,169.48,57
2026-10-09T05:51:39.729505+00:00,2,GPU-e40ecd4c-d662-37cc-a069-2d669471410e,NVIDIA A30,100,3641,24576,156.73,56
2026-10-09T05:51:49.815323+00:00,0,GPU-459c992a-cb19-fec9-a6ff-f14309e0e86a,NVIDIA A30,100,3641,24576,160.81,60
2026-10-09T05:51:49.815323+00:00,1,GPU-e3de7dc8-620f-0d1f-8bd9-d047dad41fe1,NVIDIA A30,100,3641,24576,159.72,57
2026-10-09T05:51:49.815323+00:00,2,GPU-e40ecd4c-d662-37cc-a069-2d669471410e,NVIDIA A30,92,3641,24576,153.39,55
2026-10-09T05:51:59.898251+00:00,0,GPU-459c992a-cb19-fec9-a6ff-f14309e0e86a,NVIDIA A30,100,3641,24576,147.77,60
2026-10-09T05:51:59.898251+00:00,1,GPU-e3de7dc8-620f-0d1f-8bd9-d047dad41fe1,NVIDIA A30,94,3641,24576,110.09,56
2026-10-09T05:51:59.898251+00:00,2,GPU-e40ecd4c-d662-37cc-a069-2d669471410e,NVIDIA A30,100,3641,24576,163.71,56
2026-10-09T05:52:09.990264+00:00,0,GPU-459c992a-cb19-fec9-a6ff-f14309e0e86a,NVIDIA A30,100,3641,24576,171.40,60
2026-10-09T05:52:09.990264+00:00,1,GPU-e3de7dc8-620f-0d1f-8bd9-d047dad41fe1,NVIDIA A30,100,3641,24576,155.06,56
2026-10-09T05:52:09.990264+00:00,2,GPU-e40ecd4c-d662-37cc-a069-2d669471410e,NVIDIA A30,100,3641,24576,144.32,56
2026-10-09T05:52:20.083034+00:00,0,GPU-459c992a-cb19-fec9-a6ff-f14309e0e86a,NVIDIA A30,99,3641,24576,166.32,60
2026-10-09T05:52:20.083034+00:00,1,GPU-e3de7dc8-620f-0d1f-8bd9-d047dad41fe1,NVIDIA A30,98,3641,24576,171.38,57
2026-10-09T05:52:20.083034+00:00,2,GPU-e40ecd4c-d662-37cc-a069-2d669471410e,NVIDIA A30,100,3641,24576,161.17,56
2026-10-09T05:52:30.166922+00:00,0,GPU-459c992a-cb19-fec9-a6ff-f14309e0e86a,NVIDIA A30,100,3641,24576,149.40,60
2026-10-09T05:52:30.166922+00:00,1,GPU-e3de7dc8-620f-0d1f-8bd9-d047dad41fe1,NVIDIA A30,100,3641,24576,175.12,57
2026-10-09T05:52:30.166922+00:00,2,GPU-e40ecd4c-d662-37cc-a069-2d669471410e,NVIDIA A30,100,3641,24576,162.73,56
2026-10-09T05:52:40.259642+00:00,0,GPU-459c992a-cb19-fec9-a6ff-f14309e0e86a,NVIDIA A30,100,3641,24576,144.03,60
2026-10-09T05:52:40.259642+00:00,1,GPU-e3de7dc8-620f-0d1f-8bd9-d047dad41fe1,NVIDIA A30,100,3641,24576,163.05,57
2026-10-09T05:52:40.259642+00:00,2,GPU-e40ecd4c-d662-37cc-a069-2d669471410e,NVIDIA A30,96,3641,24576,172.00,56
2026-10-09T05:52:50.350459+00:00,0,GPU-459c992a-cb19-fec9-a6ff-f14309e0e86a,NVIDIA A30,97,3641,24576,166.65,61
2026-10-09T05:52:50.350459+00:00,1,GPU-e3de7dc8-620f-0d1f-8bd9-d047dad41fe1,NVIDIA A30,93,3641,24576,170.12,57
2026-10-09T05:52:50.350459+00:00,2,GPU-e40ecd4c-d662-37cc-a069-2d669471410e,NVIDIA A30,100,3641,24576,169.36,56
2026-10-09T05:53:00.442667+00:00,0,GPU-459c992a-cb19-fec9-a6ff-f14309e0e86a,NVIDIA A30,98,3641,24576,163.62,60
2026-10-09T05:53:00.442667+00:00,1,GPU-e3de7dc8-620f-0d1f-8bd9-d047dad41fe1,NVIDIA A30,100,3641,24576,165.86,57
2026-10-09T05:53:00.442667+00:00,2,GPU-e40ecd4c-d662-37cc-a069-2d669471410e,NVIDIA A30,98,3641,24576,97.90,55
2026-10-09T05:53:10.525215+00:00,0,GPU-459c992a-cb19-fec9-a6ff-f14309e0e86a,NVIDIA A30,100,3641,24576,162.49,60
2026-10-09T05:53:10.525215+00:00,1,GPU-e3de7dc8-620f-0d1f-8bd9-d047dad41fe1,NVIDIA A30,100,3641,24576,164.96,56
2026-10-09T05:53:10.525215+00:00,2,GPU-e40ecd4c-d662-37cc-a069-2d669471410e,NVIDIA A30,100,3641,24576,171.03,56
2026-10-09T05:53:20.612030+00:00,0,GPU-459c992a-cb19-fec9-a6ff-f14309e0e86a,NVIDIA A30,100,3641,24576,136.55,60
2026-10-09T05:53:20.612030+00:00,1,GPU-e3de7dc8-620f-0d1f-8bd9-d047dad41fe1,NVIDIA A30,98,3641,24576,138.71,57
2026-10-09T05:53:20.612030+00:00,2,GPU-e40ecd4c-d662-37cc-a069-2d669471410e,NVIDIA A30,94,3641,24576,153.13,56
2026-10-09T05:53:30.707319+00:00,0,GPU-459c992a-cb19-fec9-a6ff-f14309e0e86a,NVIDIA A30,94,3641,24576,173.87,60
2026-10-09T05:53:30.707319+00:00,1,GPU-e3de7dc8-620f-0d1f-8bd9-d047dad41fe1,NVIDIA A30,98,3641,24576,175.75,57
2026-10-09T05:53:30.707319+00:00,2,GPU-e40ecd4c-d662-37cc-a069-2d669471410e,NVIDIA A30,100,3641,24576,143.25,56
2026-10-09T05:53:40.796944+00:00,0,GPU-459c992a-cb19-fec9-a6ff-f14309e0e86a,NVIDIA A30,94,3641,24576,162.48,60
2026-10-09T05:53:40.796944+00:00,1,GPU-e3de7dc8-620f-0d1f-8bd9-d047dad41fe1,NVIDIA A30,94,3641,24576,163.22,56
2026-10-09T05:53:40.796944+00:00,2,GPU-e40ecd4c-d662-37cc-a069-2d669471410e,NVIDIA A30,93,3641,24576,169.23,56
2026-10-09T05:53:50.887526+00:00,0,GPU-459c992a-cb19-fec9-a6ff-f14309e0e86a,NVIDIA A30,100,3641,24576,163.07,60
2026-10-09T05:53:50.887526+00:00,1,GPU-e3de7dc8-620f-0d1f-8bd9-d047dad41fe1,NVIDIA A30,100,3641,24576,157.36,56
2026-10-09T05:53:50.887526+00:00,2,GPU-e40ecd4c-d662-37cc-a069-2d669471410e,NVIDIA A30,94,3641,24576,152.51,55
2026-10-09T05:54:00.973907+00:00,0,GPU-459c992a-cb19-fec9-a6ff-f14309e0e86a,NVIDIA A30,100,3641,24576,171.16,61
2026-10-09T05:54:00.973907+00:00,1,GPU-e3de7dc8-620f-0d1f-8bd9-d047dad41fe1,NVIDIA A30,100,3641,24576,149.96,57
2026-10-09T05:54:00.973907+00:00,2,GPU-e40ecd4c-d662-37cc-a069-2d669471410e,NVIDIA A30,100,3641,24576,173.45,55
2026-10-09T05:54:11.070475+00:00,0,GPU-459c992a-cb19-fec9-a6ff-f14309e0e86a,NVIDIA A30,100,3641,24576,134.23,60
2026-10-09T05:54:11.070475+00:00,1,GPU-e3de7dc8-620f-0d1f-8bd9-d047dad41fe1,NVIDIA A30,100,3641,24576,170.41,57
2026-10-09T05:54:11.070475+00:00,2,GPU-e40ecd4c-d662-37cc-a069-2d669471410e,NVIDIA A30,94,3641,24576,176.93,55
2026-10-09T05:54:21.162819+00:00,0,GPU-459c992a-cb19-fec9-a6ff-f14309e0e86a,NVIDIA A30,100,3641,24576,135.38,60
2026-10-09T05:54:21.162819+00:00,1,GPU-e3de7dc8-620f-0d1f-8bd9-d047dad41fe1,NVIDIA A30,100,3641,24576,175.30,57
2026-10-09T05:54:21.162819+00:00,2,GPU-e40ecd4c-d662-37cc-a069-2d669471410e,NVIDIA A30,100,3641,24576,165.91,56
2026-10-09T05:54:31.260169+00:00,0,GPU-459c992a-cb19-fec9-a6ff-f14309e0e86a,NVIDIA A30,100,3641,24576,148.82,60
2026-10-09T05:54:31.260169+00:00,1,GPU-e3de7dc8-620f-0d1f-8bd9-d047dad41fe1,NVIDIA A30,100,3641,24576,167.10,56
2026-10-09T05:54:31.260169+00:00,2,GPU-e40ecd4c-d662-37cc-a069-2d669471410e,NVIDIA A30,100,3641,24576,160.71,56
2026-10-09T05:54:41.366458+00:00,0,GPU-459c992a-cb19-fec9-a6ff-f14309e0e86a,NVIDIA A30,99,3641,24576,165.80,61
2026-10-09T05:54:41.366458+00:00,1,GPU-e3de7dc8-620f-0d1f-8bd9-d047dad41fe1,NVIDIA A30,94,3641,24576,180.24,57
2026-10-09T05:54:41.366458+00:00,2,GPU-e40ecd4c-d662-37cc-a069-2d669471410e,NVIDIA A30,97,3641,24576,166.90,56
2026-10-09T05:54:51.463427+00:00,0,GPU-459c992a-cb19-fec9-a6ff-f14309e0e86a,NVIDIA A30,100,3641,24576,175.50,61
2026-10-09T05:54:51.463427+00:00,1,GPU-e3de7dc8-620f-0d1f-8bd9-d047dad41fe1,NVIDIA A30,100,3641,24576,146.12,57
2026-10-09T05:54:51.463427+00:00,2,GPU-e40ecd4c-d662-37cc-a069-2d669471410e,NVIDIA A30,100,3641,24576,177.25,56
2026-10-09T05:55:01.544019+00:00,0,GPU-459c992a-cb19-fec9-a6ff-f14309e0e86a,NVIDIA A30,100,3641,24576,175.13,60
2026-10-09T05:55:01.544019+00:00,1,GPU-e3de7dc8-620f-0d1f-8bd9-d047dad41fe1,NVIDIA A30,91,3641,24576,150.50,56
2026-10-09T05:55:01.544019+00:00,2,GPU-e40ecd4c-d662-37cc-a069-2d669471410e,NVIDIA A30,98,3641,24576,163.25,56
2026-10-09T05:55:11.626642+00:00,0,GPU-459c992a-cb19-fec9-a6ff-f14309e0e86a,NVIDIA A30,100,3641,24576,156.21,60
2026-10-09T05:55:11.626642+00:00,1,GPU-e3de7dc8-620f-0d1f-8bd9-d047dad41fe1,NVIDIA A30,100,3641,24576,155.21,56
2026-10-09T05:55:11.626642+00:00,2,GPU-e40ecd4c-d662-37cc-a069-2d669471410e,NVIDIA A30,100,3641,24576,170.19,56
2026-10-09T05:55:21.723160+00:00,0,GPU-459c992a-cb19-fec9-a6ff-f14309e0e86a,NVIDIA A30,100,3641,24576,158.11,61
2026-10-09T05:55:21.723160+00:00,1,GPU-e3de7dc8-620f-0d1f-8bd9-d047dad41fe1,NVIDIA A30,100,3641,24576,167.22,57
2026-10-09T05:55:21.723160+00:00,2,GPU-e40ecd4c-d662-37cc-a069-2d669471410e,NVIDIA A30,98,3641,24576,166.58,56
2026-10-09T05:55:31.814239+00:00,0,GPU-459c992a-cb19-fec9-a6ff-f14309e0e86a,NVIDIA A30,94,3641,24576,170.49,60
2026-10-09T05:55:31.814239+00:00,1,GPU-e3de7dc8-620f-0d1f-8bd9-d047dad41fe1,NVIDIA A30,94,3641,24576,158.75,57
2026-10-09T05:55:31.814239+00:00,2,GPU-e40ecd4c-d662-37cc-a069-2d669471410e,NVIDIA A30,100,3641,24576,164.93,56
2026-10-09T05:55:41.907633+00:00,0,GPU-459c992a-cb19-fec9-a6ff-f14309e0e86a,NVIDIA A30,100,3641,24576,161.85,60
2026-10-09T05:55:41.907633+00:00,1,GPU-e3de7dc8-620f-0d1f-8bd9-d047dad41fe1,NVIDIA A30,100,3641,24576,166.06,56
2026-10-09T05:55:41.907633+00:00,2,GPU-e40ecd4c-d662-37cc-a069-2d669471410e,NVIDIA A30,98,3641,24576,166.66,55
2026-10-09T05:55:51.993998+00:00,0,GPU-459c992a-cb19-fec9-a6ff-f14309e0e86a,NVIDIA A30,100,3641,24576,174.16,61
2026-10-09T05:55:51.993998+00:00,1,GPU-e3de7dc8-620f-0d1f-8bd9-d047dad41fe1,NVIDIA A30,100,3641,24576,156.59,56
2026-10-09T05:55:51.993998+00:00,2,GPU-e40ecd4c-d662-37cc-a069-2d669471410e,NVIDIA A30,100,3641,24576,158.62,55
2026-10-09T05:56:02.087554+00:00,0,GPU-459c992a-cb19-fec9-a6ff-f14309e0e86a,NVIDIA A30,94,3641,24576,168.03,60
2026-10-09T05:56:02.087554+00:00,1,GPU-e3de7dc8-620f-0d1f-8bd9-d047dad41fe1,NVIDIA A30,100,3641,24576,180.30,56
2026-10-09T05:56:02.087554+00:00,2,GPU-e40ecd4c-d662-37cc-a069-2d669471410e,NVIDIA A30,100,3641,24576,121.78,56
2026-10-09T05:56:12.173960+00:00,0,GPU-459c992a-cb19-fec9-a6ff-f14309e0e86a,NVIDIA A30,100,3641,24576,159.44,60
2026-10-09T05:56:12.173960+00:00,1,GPU-e3de7dc8-620f-0d1f-8bd9-d047dad41fe1,NVIDIA A30,98,3641,24576,165.98,57
2026-10-09T05:56:12.173960+00:00,2,GPU-e40ecd4c-d662-37cc-a069-2d669471410e,NVIDIA A30,100,3641,24576,181.85,56
2026-10-09T05:56:22.253524+00:00,0,GPU-459c992a-cb19-fec9-a6ff-f14309e0e86a,NVIDIA A30,94,3641,24576,140.55,60
2026-10-09T05:56:22.253524+00:00,1,GPU-e3de7dc8-620f-0d1f-8bd9-d047dad41fe1,NVIDIA A30,94,3641,24576,162.27,57
2026-10-09T05:56:22.253524+00:00,2,GPU-e40ecd4c-d662-37cc-a069-2d669471410e,NVIDIA A30,93,3641,24576,169.60,56
2026-10-09T05:56:32.339281+00:00,0,GPU-459c992a-cb19-fec9-a6ff-f14309e0e86a,NVIDIA A30,100,3641,24576,151.32,60
2026-10-09T05:56:32.339281+00:00,1,GPU-e3de7dc8-620f-0d1f-8bd9-d047dad41fe1,NVIDIA A30,100,3641,24576,139.14,56
2026-10-09T05:56:32.339281+00:00,2,GPU-e40ecd4c-d662-37cc-a069-2d669471410e,NVIDIA A30,100,3641,24576,145.12,55
2026-10-09T05:56:42.440046+00:00,0,GPU-459c992a-cb19-fec9-a6ff-f14309e0e86a,NVIDIA A30,100,3641,24576,171.89,61
2026-10-09T05:56:42.440046+00:00,1,GPU-e3de7dc8-620f-0d1f-8bd9-d047dad41fe1,NVIDIA A30,92,3641,24576,141.32,56
2026-10-09T05:56:42.440046+00:00,2,GPU-e40ecd4c-d662-37cc-a069-2d669471410e,NVIDIA A30,92,3641,24576,151.12,56
2026-10-09T05:56:52.540512+00:00,0,GPU-459c992a-cb19-fec9-a6ff-f14309e0e86a,NVIDIA A30,93,3641,24576,173.62,60
2026-10-09T05:56:52.540512+00:00,1,GPU-e3de7dc8-620f-0d1f-8bd9-d047dad41fe1,NVIDIA A30,100,3641,24576,182.55,57
2026-10-09T05:56:52.540512+00:00,2,GPU-e40ecd4c-d662-37cc-a069-2d669471410e,NVIDIA A30,100,3641,24576,171.22,56
2026-10-09T05:57:02.638678+00:00,0,GPU-459c992a-cb19-fec9-a6ff-f14309e0e86a,NVIDIA A30,93,3641,24576,153.83,60
2026-10-09T05:57:02.638678+00:00,1,GPU-e3de7dc8-620f-0d1f-8bd9-d047dad41fe1,NVIDIA A30,99,3641,24576,164.73,56
2026-10-09T05:57:02.638678+00:00,2,GPU-e40ecd4c-d662-37cc-a069-2d669471410e,NVIDIA A30,99,3641,24576,163.25,55
2026-10-09T05:57:12.744049+00:00,0,GPU-459c992a-cb19-fec9-a6ff-f14309e0e86a,NVIDIA A30,100,3641,24576,191.01,61
2026-10-09T05:57:12.744049+00:00,1,GPU-e3de7dc8-620f-0d1f-8bd9-d047dad41fe1,NVIDIA A30,100,3641,24576,169.83,57
2026-10-09T05:57:12.744049+00:00,2,GPU-e40ecd4c-d662-37cc-a069-2d669471410e,NVIDIA A30,100,3641,24576,164.28,55
2026-10-09T05:57:22.839663+00:00,0,GPU-459c992a-cb19-fec9-a6ff-f14309e0e86a,NVIDIA A30,98,3641,24576,165.66,61
2026-10-09T05:57:22.839663+00:00,1,GPU-e3de7dc8-620f-0d1f-8bd9-d047dad41fe1,NVIDIA A30,98,3641,24576,170.87,57
2026-10-09T05:57:22.839663+00:00,2,GPU-e40ecd4c-d662-37cc-a069-2d669471410e,NVIDIA A30,94,3641,24576,174.44,56
2026-10-09T05:57:32.932409+00:00,0,GPU-459c992a-cb19-fec9-a6ff-f14309e0e86a,NVIDIA A30,98,3641,24576,170.32,60
2026-10-09T05:57:32.932409+00:00,1,GPU-e3de7dc8-620f-0d1f-8bd9-d047dad41fe1,NVIDIA A30,100,3641,24576,183.33,57
2026-10-09T05:57:32.932409+00:00,2,GPU-e40ecd4c-d662-37cc-a069-2d669471410e,NVIDIA A30,100,3641,24576,174.49,56
2026-10-09T05:57:43.033701+00:00,0,GPU-459c992a-cb19-fec9-a6ff-f14309e0e86a,NVIDIA A30,100,3641,24576,154.43,60
2026-10-09T05:57:43.033701+00:00,1,GPU-e3de7dc8-620f-0d1f-8bd9-d047dad41fe1,NVIDIA A30,100,3641,24576,174.57,56
2026-10-09T05:57:43.033701+00:00,2,GPU-e40ecd4c-d662-37cc-a069-2d669471410e,NVIDIA A30,100,3641,24576,174.52,55
2026-10-09T05:57:53.133451+00:00,0,GPU-459c992a-cb19-fec9-a6ff-f14309e0e86a,NVIDIA A30,100,3641,24576,158.21,60
2026-10-09T05:57:53.133451+00:00,1,GPU-e3de7dc8-620f-0d1f-8bd9-d047dad41fe1,NVIDIA A30,100,3641,24576,155.80,56
2026-10-09T05:57:53.133451+00:00,2,GPU-e40ecd4c-d662-37cc-a069-2d669471410e,NVIDIA A30,94,3641,24576,171.02,56
2026-10-09T05:58:03.246868+00:00,0,GPU-459c992a-cb19-fec9-a6ff-f14309e0e86a,NVIDIA A30,96,3641,24576,164.72,61
2026-10-09T05:58:03.246868+00:00,1,GPU-e3de7dc8-620f-0d1f-8bd9-d047dad41fe1,NVIDIA A30,93,3641,24576,161.10,57
2026-10-09T05:58:03.246868+00:00,2,GPU-e40ecd4c-d662-37cc-a069-2d669471410e,NVIDIA A30,100,3641,24576,169.70,56
2026-10-09T05:58:13.335384+00:00,0,GPU-459c992a-cb19-fec9-a6ff-f14309e0e86a,NVIDIA A30,92,3641,24576,175.30,60
2026-10-09T05:58:13.335384+00:00,1,GPU-e3de7dc8-620f-0d1f-8bd9-d047dad41fe1,NVIDIA A30,100,3641,24576,148.15,56
2026-10-09T05:58:13.335384+00:00,2,GPU-e40ecd4c-d662-37cc-a069-2d669471410e,NVIDIA A30,93,3641,24576,161.87,56
2026-10-09T05:58:23.441110+00:00,0,GPU-459c992a-cb19-fec9-a6ff-f14309e0e86a,NVIDIA A30,100,3641,24576,167.13,60
2026-10-09T05:58:23.441110+00:00,1,GPU-e3de7dc8-620f-0d1f-8bd9-d047dad41fe1,NVIDIA A30,100,3641,24576,167.96,57
2026-10-09T05:58:23.441110+00:00,2,GPU-e40ecd4c-d662-37cc-a069-2d669471410e,NVIDIA A30,98,3641,24576,168.75,56
2026-10-09T05:58:33.536784+00:00,0,GPU-459c992a-cb19-fec9-a6ff-f14309e0e86a,NVIDIA A30,100,3641,24576,172.91,60
2026-10-09T05:58:33.536784+00:00,1,GPU-e3de7dc8-620f-0d1f-8bd9-d047dad41fe1,NVIDIA A30,100,3641,24576,175.15,56
2026-10-09T05:58:33.536784+00:00,2,GPU-e40ecd4c-d662-37cc-a069-2d669471410e,NVIDIA A30,91,3641,24576,141.82,56
2026-10-09T05:58:43.639541+00:00,0,GPU-459c992a-cb19-fec9-a6ff-f14309e0e86a,NVIDIA A30,98,3641,24576,158.40,60
2026-10-09T05:58:43.639541+00:00,1,GPU-e3de7dc8-620f-0d1f-8bd9-d047dad41fe1,NVIDIA A30,100,3641,24576,169.58,57
2026-10-09T05:58:43.639541+00:00,2,GPU-e40ecd4c-d662-37cc-a069-2d669471410e,NVIDIA A30,100,3641,24576,128.06,56
2026-10-09T05:58:53.749392+00:00,0,GPU-459c992a-cb19-fec9-a6ff-f14309e0e86a,NVIDIA A30,100,3641,24576,160.41,60
2026-10-09T05:58:53.749392+00:00,1,GPU-e3de7dc8-620f-0d1f-8bd9-d047dad41fe1,NVIDIA A30,93,3641,24576,171.34,57
2026-10-09T05:58:53.749392+00:00,2,GPU-e40ecd4c-d662-37cc-a069-2d669471410e,NVIDIA A30,100,3641,24576,145.31,56
2026-10-09T05:59:03.842268+00:00,0,GPU-459c992a-cb19-fec9-a6ff-f14309e0e86a,NVIDIA A30,100,3641,24576,172.68,60
2026-10-09T05:59:03.842268+00:00,1,GPU-e3de7dc8-620f-0d1f-8bd9-d047dad41fe1,NVIDIA A30,100,3641,24576,171.43,57
2026-10-09T05:59:03.842268+00:00,2,GPU-e40ecd4c-d662-37cc-a069-2d669471410e,NVIDIA A30,100,3641,24576,169.22,56
2026-10-09T05:59:13.948646+00:00,0,GPU-459c992a-cb19-fec9-a6ff-f14309e0e86a,NVIDIA A30,100,3641,24576,172.59,60
2026-10-09T05:59:13.948646+00:00,1,GPU-e3de7dc8-620f-0d1f-8bd9-d047dad41fe1,NVIDIA A30,97,3641,24576,121.26,56
2026-10-09T05:59:13.948646+00:00,2,GPU-e40ecd4c-d662-37cc-a069-2d669471410e,NVIDIA A30,92,3641,24576,167.14,56
2026-10-09T05:59:24.050047+00:00,0,GPU-459c992a-cb19-fec9-a6ff-f14309e0e86a,NVIDIA A30,95,3641,24576,166.85,61
2026-10-09T05:59:24.050047+00:00,1,GPU-e3de7dc8-620f-0d1f-8bd9-d047dad41fe1,NVIDIA A30,100,3641,24576,156.68,56
2026-10-09T05:59:24.050047+00:00,2,GPU-e40ecd4c-d662-37cc-a069-2d669471410e,NVIDIA A30,96,3641,24576,165.87,56
2026-10-09T05:59:34.147850+00:00,0,GPU-459c992a-cb19-fec9-a6ff-f14309e0e86a,NVIDIA A30,100,3641,24576,172.59,60
2026-10-09T05:59:34.147850+00:00,1,GPU-e3de7dc8-620f-0d1f-8bd9-d047dad41fe1,NVIDIA A30,98,3641,24576,163.84,57
2026-10-09T05:59:34.147850+00:00,2,GPU-e40ecd4c-d662-37cc-a069-2d669471410e,NVIDIA A30,100,3641,24576,163.16,56
2026-10-09T05:59:44.250180+00:00,0,GPU-459c992a-cb19-fec9-a6ff-f14309e0e86a,NVIDIA A30,100,3641,24576,151.67,60
2026-10-09T05:59:44.250180+00:00,1,GPU-e3de7dc8-620f-0d1f-8bd9-d047dad41fe1,NVIDIA A30,93,3641,24576,176.41,57
2026-10-09T05:59:44.250180+00:00,2,GPU-e40ecd4c-d662-37cc-a069-2d669471410e,NVIDIA A30,97,3641,24576,172.12,56
2026-10-09T05:59:54.343523+00:00,0,GPU-459c992a-cb19-fec9-a6ff-f14309e0e86a,NVIDIA A30,100,3641,24576,167.49,60
2026-10-09T05:59:54.343523+00:00,1,GPU-e3de7dc8-620f-0d1f-8bd9-d047dad41fe1,NVIDIA A30,100,3641,24576,146.67,57
2026-10-09T05:59:54.343523+00:00,2,GPU-e40ecd4c-d662-37cc-a069-2d669471410e,NVIDIA A30,100,3641,24576,145.81,55
2026-10-09T06:00:04.454330+00:00,0,GPU-459c992a-cb19-fec9-a6ff-f14309e0e86a,NVIDIA A30,98,3641,24576,155.85,61
2026-10-09T06:00:04.454330+00:00,1,GPU-e3de7dc8-620f-0d1f-8bd9-d047dad41fe1,NVIDIA A30,95,3641,24576,175.08,57
2026-10-09T06:00:04.454330+00:00,2,GPU-e40ecd4c-d662-37cc-a069-2d669471410e,NVIDIA A30,92,3641,24576,167.47,56
2026-10-09T06:00:14.551257+00:00,0,GPU-459c992a-cb19-fec9-a6ff-f14309e0e86a,NVIDIA A30,100,3641,24576,141.69,60
2026-10-09T06:00:14.551257+00:00,1,GPU-e3de7dc8-620f-0d1f-8bd9-d047dad41fe1,NVIDIA A30,100,3641,24576,157.43,57
2026-10-09T06:00:14.551257+00:00,2,GPU-e40ecd4c-d662-37cc-a069-2d669471410e,NVIDIA A30,100,3641,24576,179.95,55
2026-10-09T06:00:24.655048+00:00,0,GPU-459c992a-cb19-fec9-a6ff-f14309e0e86a,NVIDIA A30,98,3641,24576,164.45,60
2026-10-09T06:00:24.655048+00:00,1,GPU-e3de7dc8-620f-0d1f-8bd9-d047dad41fe1,NVIDIA A30,97,3641,24576,161.34,57
2026-10-09T06:00:24.655048+00:00,2,GPU-e40ecd4c-d662-37cc-a069-2d669471410e,NVIDIA A30,93,3641,24576,177.09,56
2026-10-09T06:00:34.754353+00:00,0,GPU-459c992a-cb19-fec9-a6ff-f14309e0e86a,NVIDIA A30,100,3641,24576,184.55,60
2026-10-09T06:00:34.754353+00:00,1,GPU-e3de7dc8-620f-0d1f-8bd9-d047dad41fe1,NVIDIA A30,92,3641,24576,162.95,56
2026-10-09T06:00:34.754353+00:00,2,GPU-e40ecd4c-d662-37cc-a069-2d669471410e,NVIDIA A30,100,3641,24576,173.13,55
2026-10-09T06:00:44.855146+00:00,0,GPU-459c992a-cb19-fec9-a6ff-f14309e0e86a,NVIDIA A30,100,3641,24576,172.46,60
2026-10-09T06:00:44.855146+00:00,1,GPU-e3de7dc8-620f-0d1f-8bd9-d047dad41fe1,NVIDIA A30,100,3641,24576,168.37,57
2026-10-09T06:00:44.855146+00:00,2,GPU-e40ecd4c-d662-37cc-a069-2d669471410e,NVIDIA A30,89,3641,24576,165.13,55
2026-10-09T06:00:54.952841+00:00,0,GPU-459c992a-cb19-fec9-a6ff-f14309e0e86a,NVIDIA A30,100,3641,24576,180.43,60
2026-10-09T06:00:54.952841+00:00,1,GPU-e3de7dc8-620f-0d1f-8bd9-d047dad41fe1,NVIDIA A30,100,3641,24576,172.75,57
2026-10-09T06:00:54.952841+00:00,2,GPU-e40ecd4c-d662-37cc-a069-2d669471410e,NVIDIA A30,100,3641,24576,167.52,56
2026-10-09T06:01:05.058888+00:00,0,GPU-459c992a-cb19-fec9-a6ff-f14309e0e86a,NVIDIA A30,97,3641,24576,161.99,60
2026-10-09T06:01:05.058888+00:00,1,GPU-e3de7dc8-620f-0d1f-8bd9-d047dad41fe1,NVIDIA A30,100,3641,24576,167.95,57
2026-10-09T06:01:05.058888+00:00,2,GPU-e40ecd4c-d662-37cc-a069-2d669471410e,NVIDIA A30,93,3641,24576,167.00,56
2026-10-09T06:01:15.156871+00:00,0,GPU-459c992a-cb19-fec9-a6ff-f14309e0e86a,NVIDIA A30,95,3641,24576,157.95,60
2026-10-09T06:01:15.156871+00:00,1,GPU-e3de7dc8-620f-0d1f-8bd9-d047dad41fe1,NVIDIA A30,93,3641,24576,173.43,57
2026-10-09T06:01:15.156871+00:00,2,GPU-e40ecd4c-d662-37cc-a069-2d669471410e,NVIDIA A30,100,3641,24576,166.30,56
2026-10-09T06:01:25.260845+00:00,0,GPU-459c992a-cb19-fec9-a6ff-f14309e0e86a,NVIDIA A30,100,3641,24576,168.49,60
2026-10-09T06:01:25.260845+00:00,1,GPU-e3de7dc8-620f-0d1f-8bd9-d047dad41fe1,NVIDIA A30,100,3641,24576,162.39,57
2026-10-09T06:01:25.260845+00:00,2,GPU-e40ecd4c-d662-37cc-a069-2d669471410e,NVIDIA A30,100,3641,24576,140.51,56
2026-10-09T06:01:35.365517+00:00,0,GPU-459c992a-cb19-fec9-a6ff-f14309e0e86a,NVIDIA A30,100,3641,24576,147.73,60
2026-10-09T06:01:35.365517+00:00,1,GPU-e3de7dc8-620f-0d1f-8bd9-d047dad41fe1,NVIDIA A30,97,3641,24576,160.27,57
2026-10-09T06:01:35.365517+00:00,2,GPU-e40ecd4c-d662-37cc-a069-2d669471410e,NVIDIA A30,100,3661,24576,175.50,56
2026-10-09T06:01:45.456174+00:00,0,GPU-459c992a-cb19-fec9-a6ff-f14309e0e86a,NVIDIA A30,100,3641,24576,180.07,60
2026-10-09T06:01:45.456174+00:00,1,GPU-e3de7dc8-620f-0d1f-8bd9-d047dad41fe1,NVIDIA A30,93,3641,24576,167.17,57
2026-10-09T06:01:45.456174+00:00,2,GPU-e40ecd4c-d662-37cc-a069-2d669471410e,NVIDIA A30,97,3661,24576,156.54,56
2026-10-09T06:01:55.543533+00:00,0,GPU-459c992a-cb19-fec9-a6ff-f14309e0e86a,NVIDIA A30,92,3641,24576,174.48,60
2026-10-09T06:01:55.543533+00:00,1,GPU-e3de7dc8-620f-0d1f-8bd9-d047dad41fe1,NVIDIA A30,100,3641,24576,175.01,57
2026-10-09T06:01:55.543533+00:00,2,GPU-e40ecd4c-d662-37cc-a069-2d669471410e,NVIDIA A30,100,3661,24576,152.01,56
2026-10-09T06:02:05.681681+00:00,0,GPU-459c992a-cb19-fec9-a6ff-f14309e0e86a,NVIDIA A30,100,3641,24576,167.44,60
2026-10-09T06:02:05.681681+00:00,1,GPU-e3de7dc8-620f-0d1f-8bd9-d047dad41fe1,NVIDIA A30,100,3641,24576,167.38,56
2026-10-09T06:02:05.681681+00:00,2,GPU-e40ecd4c-d662-37cc-a069-2d669471410e,NVIDIA A30,94,3661,24576,159.14,56
2026-10-09T06:02:15.764906+00:00,0,GPU-459c992a-cb19-fec9-a6ff-f14309e0e86a,NVIDIA A30,100,3641,24576,172.93,60
2026-10-09T06:02:15.764906+00:00,1,GPU-e3de7dc8-620f-0d1f-8bd9-d047dad41fe1,NVIDIA A30,93,3641,24576,163.51,56
2026-10-09T06:02:15.764906+00:00,2,GPU-e40ecd4c-d662-37cc-a069-2d669471410e,NVIDIA A30,100,3661,24576,170.68,56
2026-10-09T06:02:25.855107+00:00,0,GPU-459c992a-cb19-fec9-a6ff-f14309e0e86a,NVIDIA A30,100,3641,24576,169.45,60
2026-10-09T06:02:25.855107+00:00,1,GPU-e3de7dc8-620f-0d1f-8bd9-d047dad41fe1,NVIDIA A30,100,3641,24576,177.69,57
2026-10-09T06:02:25.855107+00:00,2,GPU-e40ecd4c-d662-37cc-a069-2d669471410e,NVIDIA A30,94,3661,24576,165.17,56
2026-10-09T06:02:35.936417+00:00,0,GPU-459c992a-cb19-fec9-a6ff-f14309e0e86a,NVIDIA A30,96,3641,24576,167.75,61
2026-10-09T06:02:35.936417+00:00,1,GPU-e3de7dc8-620f-0d1f-8bd9-d047dad41fe1,NVIDIA A30,100,3641,24576,172.61,57
2026-10-09T06:02:35.936417+00:00,2,GPU-e40ecd4c-d662-37cc-a069-2d669471410e,NVIDIA A30,100,3661,24576,153.93,56
2026-10-09T06:02:46.029564+00:00,0,GPU-459c992a-cb19-fec9-a6ff-f14309e0e86a,NVIDIA A30,100,3641,24576,183.23,61
2026-10-09T06:02:46.029564+00:00,1,GPU-e3de7dc8-620f-0d1f-8bd9-d047dad41fe1,NVIDIA A30,100,3641,24576,165.36,57
2026-10-09T06:02:46.029564+00:00,2,GPU-e40ecd4c-d662-37cc-a069-2d669471410e,NVIDIA A30,100,3661,24576,153.82,55
2026-10-09T06:02:56.117028+00:00,0,GPU-459c992a-cb19-fec9-a6ff-f14309e0e86a,NVIDIA A30,100,3641,24576,172.18,60
2026-10-09T06:02:56.117028+00:00,1,GPU-e3de7dc8-620f-0d1f-8bd9-d047dad41fe1,NVIDIA A30,100,3641,24576,171.48,57
2026-10-09T06:02:56.117028+00:00,2,GPU-e40ecd4c-d662-37cc-a069-2d669471410e,NVIDIA A30,97,3661,24576,165.87,56
2026-10-09T06:03:06.202206+00:00,0,GPU-459c992a-cb19-fec9-a6ff-f14309e0e86a,NVIDIA A30,100,3641,24576,99.51,60
2026-10-09T06:03:06.202206+00:00,1,GPU-e3de7dc8-620f-0d1f-8bd9-d047dad41fe1,NVIDIA A30,94,3641,24576,159.22,57
2026-10-09T06:03:06.202206+00:00,2,GPU-e40ecd4c-d662-37cc-a069-2d669471410e,NVIDIA A30,100,3661,24576,164.80,55
2026-10-09T06:03:16.284622+00:00,0,GPU-459c992a-cb19-fec9-a6ff-f14309e0e86a,NVIDIA A30,94,3641,24576,170.62,60
2026-10-09T06:03:16.284622+00:00,1,GPU-e3de7dc8-620f-0d1f-8bd9-d047dad41fe1,NVIDIA A30,100,3641,24576,164.41,57
2026-10-09T06:03:16.284622+00:00,2,GPU-e40ecd4c-d662-37cc-a069-2d669471410e,NVIDIA A30,98,3661,24576,167.41,56
2026-10-09T06:03:26.376908+00:00,0,GPU-459c992a-cb19-fec9-a6ff-f14309e0e86a,NVIDIA A30,100,3641,24576,174.85,60
2026-10-09T06:03:26.376908+00:00,1,GPU-e3de7dc8-620f-0d1f-8bd9-d047dad41fe1,NVIDIA A30,93,3641,24576,166.79,56
2026-10-09T06:03:26.376908+00:00,2,GPU-e40ecd4c-d662-37cc-a069-2d669471410e,NVIDIA A30,100,3661,24576,163.47,55
2026-10-09T06:03:36.465458+00:00,0,GPU-459c992a-cb19-fec9-a6ff-f14309e0e86a,NVIDIA A30,100,3641,24576,176.68,60
2026-10-09T06:03:36.465458+00:00,1,GPU-e3de7dc8-620f-0d1f-8bd9-d047dad41fe1,NVIDIA A30,100,3641,24576,137.26,57
2026-10-09T06:03:36.465458+00:00,2,GPU-e40ecd4c-d662-37cc-a069-2d669471410e,NVIDIA A30,100,3661,24576,173.66,56
2026-10-09T06:03:46.562759+00:00,0,GPU-459c992a-cb19-fec9-a6ff-f14309e0e86a,NVIDIA A30,95,3641,24576,165.16,61
2026-10-09T06:03:46.562759+00:00,1,GPU-e3de7dc8-620f-0d1f-8bd9-d047dad41fe1,NVIDIA A30,100,3641,24576,160.07,57
2026-10-09T06:03:46.562759+00:00,2,GPU-e40ecd4c-d662-37cc-a069-2d669471410e,NVIDIA A30,100,3661,24576,168.55,56
2026-10-09T06:03:56.652626+00:00,0,GPU-459c992a-cb19-fec9-a6ff-f14309e0e86a,NVIDIA A30,100,3641,24576,165.91,60
2026-10-09T06:03:56.652626+00:00,1,GPU-e3de7dc8-620f-0d1f-8bd9-d047dad41fe1,NVIDIA A30,93,3641,24576,169.63,57
2026-10-09T06:03:56.652626+00:00,2,GPU-e40ecd4c-d662-37cc-a069-2d669471410e,NVIDIA A30,100,3661,24576,103.35,56
2026-10-09T06:04:06.742920+00:00,0,GPU-459c992a-cb19-fec9-a6ff-f14309e0e86a,NVIDIA A30,100,3641,24576,166.11,61
2026-10-09T06:04:06.742920+00:00,1,GPU-e3de7dc8-620f-0d1f-8bd9-d047dad41fe1,NVIDIA A30,100,3641,24576,175.81,57
2026-10-09T06:04:06.742920+00:00,2,GPU-e40ecd4c-d662-37cc-a069-2d669471410e,NVIDIA A30,100,3661,24576,162.12,55
2026-10-09T06:04:16.838180+00:00,0,GPU-459c992a-cb19-fec9-a6ff-f14309e0e86a,NVIDIA A30,92,3641,24576,142.71,60
2026-10-09T06:04:16.838180+00:00,1,GPU-e3de7dc8-620f-0d1f-8bd9-d047dad41fe1,NVIDIA A30,100,3641,24576,129.19,56
2026-10-09T06:04:16.838180+00:00,2,GPU-e40ecd4c-d662-37cc-a069-2d669471410e,NVIDIA A30,94,3661,24576,171.49,55
2026-10-09T06:04:26.939643+00:00,0,GPU-459c992a-cb19-fec9-a6ff-f14309e0e86a,NVIDIA A30,100,3641,24576,169.87,60
2026-10-09T06:04:26.939643+00:00,1,GPU-e3de7dc8-620f-0d1f-8bd9-d047dad41fe1,NVIDIA A30,100,3641,24576,164.23,57
2026-10-09T06:04:26.939643+00:00,2,GPU-e40ecd4c-d662-37cc-a069-2d669471410e,NVIDIA A30,100,3661,24576,171.21,56
2026-10-09T06:04:37.039005+00:00,0,GPU-459c992a-cb19-fec9-a6ff-f14309e0e86a,NVIDIA A30,100,3641,24576,168.60,60
2026-10-09T06:04:37.039005+00:00,1,GPU-e3de7dc8-620f-0d1f-8bd9-d047dad41fe1,NVIDIA A30,98,3641,24576,168.69,57
2026-10-09T06:04:37.039005+00:00,2,GPU-e40ecd4c-d662-37cc-a069-2d669471410e,NVIDIA A30,94,3661,24576,153.68,56
2026-10-09T06:04:47.126955+00:00,0,GPU-459c992a-cb19-fec9-a6ff-f14309e0e86a,NVIDIA A30,98,3641,24576,163.26,61
2026-10-09T06:04:47.126955+00:00,1,GPU-e3de7dc8-620f-0d1f-8bd9-d047dad41fe1,NVIDIA A30,93,3641,24576,159.49,57
2026-10-09T06:04:47.126955+00:00,2,GPU-e40ecd4c-d662-37cc-a069-2d669471410e,NVIDIA A30,100,3661,24576,161.07,56
2026-10-09T06:04:57.208338+00:00,0,GPU-459c992a-cb19-fec9-a6ff-f14309e0e86a,NVIDIA A30,100,3641,24576,158.85,60
2026-10-09T06:04:57.208338+00:00,1,GPU-e3de7dc8-620f-0d1f-8bd9-d047dad41fe1,NVIDIA A30,100,3641,24576,168.85,56
2026-10-09T06:04:57.208338+00:00,2,GPU-e40ecd4c-d662-37cc-a069-2d669471410e,NVIDIA A30,100,3661,24576,161.34,56
2026-10-09T06:05:07.298406+00:00,0,GPU-459c992a-cb19-fec9-a6ff-f14309e0e86a,NVIDIA A30,100,3641,24576,174.30,60
2026-10-09T06:05:07.298406+00:00,1,GPU-e3de7dc8-620f-0d1f-8bd9-d047dad41fe1,NVIDIA A30,100,3641,24576,168.29,57
2026-10-09T06:05:07.298406+00:00,2,GPU-e40ecd4c-d662-37cc-a069-2d669471410e,NVIDIA A30,98,3661,24576,170.44,56
2026-10-09T06:05:17.389899+00:00,0,GPU-459c992a-cb19-fec9-a6ff-f14309e0e86a,NVIDIA A30,100,3641,24576,162.39,60
2026-10-09T06:05:17.389899+00:00,1,GPU-e3de7dc8-620f-0d1f-8bd9-d047dad41fe1,NVIDIA A30,100,3641,24576,164.92,57
2026-10-09T06:05:17.389899+00:00,2,GPU-e40ecd4c-d662-37cc-a069-2d669471410e,NVIDIA A30,93,3661,24576,155.85,56
2026-10-09T06:05:27.492169+00:00,0,GPU-459c992a-cb19-fec9-a6ff-f14309e0e86a,NVIDIA A30,97,3641,24576,168.19,61
2026-10-09T06:05:27.492169+00:00,1,GPU-e3de7dc8-620f-0d1f-8bd9-d047dad41fe1,NVIDIA A30,100,3641,24576,182.37,57
2026-10-09T06:05:27.492169+00:00,2,GPU-e40ecd4c-d662-37cc-a069-2d669471410e,NVIDIA A30,97,3661,24576,166.84,56
2026-10-09T06:05:37.582624+00:00,0,GPU-459c992a-cb19-fec9-a6ff-f14309e0e86a,NVIDIA A30,100,3641,24576,159.49,61
2026-10-09T06:05:37.582624+00:00,1,GPU-e3de7dc8-620f-0d1f-8bd9-d047dad41fe1,NVIDIA A30,100,3641,24576,170.97,57
2026-10-09T06:05:37.582624+00:00,2,GPU-e40ecd4c-d662-37cc-a069-2d669471410e,NVIDIA A30,22,3661,24576,58.89,54
2026-10-09T06:05:47.684428+00:00,0,GPU-459c992a-cb19-fec9-a6ff-f14309e0e86a,NVIDIA A30,100,3641,24576,162.79,60
2026-10-09T06:05:47.684428+00:00,1,GPU-e3de7dc8-620f-0d1f-8bd9-d047dad41fe1,NVIDIA A30,94,3641,24576,171.86,57
2026-10-09T06:05:47.684428+00:00,2,GPU-e40ecd4c-d662-37cc-a069-2d669471410e,NVIDIA A30,100,3661,24576,144.97,56
2026-10-09T06:05:57.774487+00:00,0,GPU-459c992a-cb19-fec9-a6ff-f14309e0e86a,NVIDIA A30,100,3641,24576,161.30,60
2026-10-09T06:05:57.774487+00:00,1,GPU-e3de7dc8-620f-0d1f-8bd9-d047dad41fe1,NVIDIA A30,100,3641,24576,170.87,57
2026-10-09T06:05:57.774487+00:00,2,GPU-e40ecd4c-d662-37cc-a069-2d669471410e,NVIDIA A30,100,3661,24576,170.47,56
2026-10-09T06:06:07.864048+00:00,0,GPU-459c992a-cb19-fec9-a6ff-f14309e0e86a,NVIDIA A30,100,3641,24576,165.58,60
2026-10-09T06:06:07.864048+00:00,1,GPU-e3de7dc8-620f-0d1f-8bd9-d047dad41fe1,NVIDIA A30,100,3641,24576,159.92,57
2026-10-09T06:06:07.864048+00:00,2,GPU-e40ecd4c-d662-37cc-a069-2d669471410e,NVIDIA A30,100,3661,24576,152.26,55
2026-10-09T06:06:17.953551+00:00,0,GPU-459c992a-cb19-fec9-a6ff-f14309e0e86a,NVIDIA A30,94,3641,24576,172.20,61
2026-10-09T06:06:17.953551+00:00,1,GPU-e3de7dc8-620f-0d1f-8bd9-d047dad41fe1,NVIDIA A30,100,3641,24576,179.81,57
2026-10-09T06:06:17.953551+00:00,2,GPU-e40ecd4c-d662-37cc-a069-2d669471410e,NVIDIA A30,96,3661,24576,163.25,56
2026-10-09T06:06:28.068549+00:00,0,GPU-459c992a-cb19-fec9-a6ff-f14309e0e86a,NVIDIA A30,100,3641,24576,151.91,60
2026-10-09T06:06:28.068549+00:00,1,GPU-e3de7dc8-620f-0d1f-8bd9-d047dad41fe1,NVIDIA A30,98,3641,24576,166.34,56
2026-10-09T06:06:28.068549+00:00,2,GPU-e40ecd4c-d662-37cc-a069-2d669471410e,NVIDIA A30,100,3661,24576,174.35,56
2026-10-09T06:06:38.166574+00:00,0,GPU-459c992a-cb19-fec9-a6ff-f14309e0e86a,NVIDIA A30,100,3641,24576,170.25,61
2026-10-09T06:06:38.166574+00:00,1,GPU-e3de7dc8-620f-0d1f-8bd9-d047dad41fe1,NVIDIA A30,93,3641,24576,170.41,56
2026-10-09T06:06:38.166574+00:00,2,GPU-e40ecd4c-d662-37cc-a069-2d669471410e,NVIDIA A30,99,3661,24576,106.31,55
2026-10-09T06:06:48.259995+00:00,0,GPU-459c992a-cb19-fec9-a6ff-f14309e0e86a,NVIDIA A30,100,3641,24576,185.47,61
2026-10-09T06:06:48.259995+00:00,1,GPU-e3de7dc8-620f-0d1f-8bd9-d047dad41fe1,NVIDIA A30,100,3641,24576,141.39,56
2026-10-09T06:06:48.259995+00:00,2,GPU-e40ecd4c-d662-37cc-a069-2d669471410e,NVIDIA A30,100,3661,24576,177.84,56
2026-10-09T06:06:58.347531+00:00,0,GPU-459c992a-cb19-fec9-a6ff-f14309e0e86a,NVIDIA A30,100,3641,24576,181.27,60
2026-10-09T06:06:58.347531+00:00,1,GPU-e3de7dc8-620f-0d1f-8bd9-d047dad41fe1,NVIDIA A30,100,3641,24576,157.56,57
2026-10-09T06:06:58.347531+00:00,2,GPU-e40ecd4c-d662-37cc-a069-2d669471410e,NVIDIA A30,97,3661,24576,168.26,55
2026-10-09T06:07:08.445412+00:00,0,GPU-459c992a-cb19-fec9-a6ff-f14309e0e86a,NVIDIA A30,100,3641,24576,156.84,60
2026-10-09T06:07:08.445412+00:00,1,GPU-e3de7dc8-620f-0d1f-8bd9-d047dad41fe1,NVIDIA A30,100,3641,24576,152.09,56
2026-10-09T06:07:08.445412+00:00,2,GPU-e40ecd4c-d662-37cc-a069-2d669471410e,NVIDIA A30,100,3661,24576,143.05,55
2026-10-09T06:07:18.551934+00:00,0,GPU-459c992a-cb19-fec9-a6ff-f14309e0e86a,NVIDIA A30,100,3641,24576,138.43,61
2026-10-09T06:07:18.551934+00:00,1,GPU-e3de7dc8-620f-0d1f-8bd9-d047dad41fe1,NVIDIA A30,98,3641,24576,165.69,57
2026-10-09T06:07:18.551934+00:00,2,GPU-e40ecd4c-d662-37cc-a069-2d669471410e,NVIDIA A30,93,3661,24576,187.28,56
2026-10-09T06:07:28.653053+00:00,0,GPU-459c992a-cb19-fec9-a6ff-f14309e0e86a,NVIDIA A30,100,3641,24576,166.65,60
2026-10-09T06:07:28.653053+00:00,1,GPU-e3de7dc8-620f-0d1f-8bd9-d047dad41fe1,NVIDIA A30,100,3641,24576,164.98,56
2026-10-09T06:07:28.653053+00:00,2,GPU-e40ecd4c-d662-37cc-a069-2d669471410e,NVIDIA A30,100,3661,24576,146.49,55
2026-10-09T06:07:38.738457+00:00,0,GPU-459c992a-cb19-fec9-a6ff-f14309e0e86a,NVIDIA A30,100,3641,24576,159.56,60
2026-10-09T06:07:38.738457+00:00,1,GPU-e3de7dc8-620f-0d1f-8bd9-d047dad41fe1,NVIDIA A30,97,3641,24576,158.50,57
2026-10-09T06:07:38.738457+00:00,2,GPU-e40ecd4c-d662-37cc-a069-2d669471410e,NVIDIA A30,96,3661,24576,167.63,56
2026-10-09T06:07:48.821153+00:00,0,GPU-459c992a-cb19-fec9-a6ff-f14309e0e86a,NVIDIA A30,100,3641,24576,171.60,60
2026-10-09T06:07:48.821153+00:00,1,GPU-e3de7dc8-620f-0d1f-8bd9-d047dad41fe1,NVIDIA A30,100,3641,24576,163.94,56
2026-10-09T06:07:48.821153+00:00,2,GPU-e40ecd4c-d662-37cc-a069-2d669471410e,NVIDIA A30,100,3661,24576,159.43,55
2026-10-09T06:07:58.916469+00:00,0,GPU-459c992a-cb19-fec9-a6ff-f14309e0e86a,NVIDIA A30,100,3641,24576,154.17,60
2026-10-09T06:07:58.916469+00:00,1,GPU-e3de7dc8-620f-0d1f-8bd9-d047dad41fe1,NVIDIA A30,100,3641,24576,179.70,57
2026-10-09T06:07:58.916469+00:00,2,GPU-e40ecd4c-d662-37cc-a069-2d669471410e,NVIDIA A30,92,3661,24576,154.92,56
2026-10-09T06:08:09.001488+00:00,0,GPU-459c992a-cb19-fec9-a6ff-f14309e0e86a,NVIDIA A30,100,3641,24576,165.33,60
2026-10-09T06:08:09.001488+00:00,1,GPU-e3de7dc8-620f-0d1f-8bd9-d047dad41fe1,NVIDIA A30,98,3641,24576,162.03,56
2026-10-09T06:08:09.001488+00:00,2,GPU-e40ecd4c-d662-37cc-a069-2d669471410e,NVIDIA A30,100,3661,24576,157.94,55
2026-10-09T06:08:19.086060+00:00,0,GPU-459c992a-cb19-fec9-a6ff-f14309e0e86a,NVIDIA A30,100,3641,24576,161.65,59
2026-10-09T06:08:19.086060+00:00,1,GPU-e3de7dc8-620f-0d1f-8bd9-d047dad41fe1,NVIDIA A30,100,3641,24576,166.63,57
2026-10-09T06:08:19.086060+00:00,2,GPU-e40ecd4c-d662-37cc-a069-2d669471410e,NVIDIA A30,94,3661,24576,167.20,55
2026-10-09T06:08:29.171849+00:00,0,GPU-459c992a-cb19-fec9-a6ff-f14309e0e86a,NVIDIA A30,100,3641,24576,178.17,60
2026-10-09T06:08:29.171849+00:00,1,GPU-e3de7dc8-620f-0d1f-8bd9-d047dad41fe1,NVIDIA A30,100,3641,24576,155.50,57
2026-10-09T06:08:29.171849+00:00,2,GPU-e40ecd4c-d662-37cc-a069-2d669471410e,NVIDIA A30,100,3661,24576,147.77,56
2026-10-09T06:08:39.259861+00:00,0,GPU-459c992a-cb19-fec9-a6ff-f14309e0e86a,NVIDIA A30,97,3641,24576,164.07,61
2026-10-09T06:08:39.259861+00:00,1,GPU-e3de7dc8-620f-0d1f-8bd9-d047dad41fe1,NVIDIA A30,96,3641,24576,164.29,57
2026-10-09T06:08:39.259861+00:00,2,GPU-e40ecd4c-d662-37cc-a069-2d669471410e,NVIDIA A30,94,3661,24576,141.90,56
2026-10-09T06:08:49.347786+00:00,0,GPU-459c992a-cb19-fec9-a6ff-f14309e0e86a,NVIDIA A30,94,3641,24576,158.11,60
2026-10-09T06:08:49.347786+00:00,1,GPU-e3de7dc8-620f-0d1f-8bd9-d047dad41fe1,NVIDIA A30,100,3641,24576,156.09,57
2026-10-09T06:08:49.347786+00:00,2,GPU-e40ecd4c-d662-37cc-a069-2d669471410e,NVIDIA A30,100,3661,24576,170.01,55
2026-10-09T06:08:59.429875+00:00,0,GPU-459c992a-cb19-fec9-a6ff-f14309e0e86a,NVIDIA A30,100,3641,24576,173.84,60
2026-10-09T06:08:59.429875+00:00,1,GPU-e3de7dc8-620f-0d1f-8bd9-d047dad41fe1,NVIDIA A30,100,3641,24576,170.65,57
2026-10-09T06:08:59.429875+00:00,2,GPU-e40ecd4c-d662-37cc-a069-2d669471410e,NVIDIA A30,93,3661,24576,163.06,56
2026-10-09T06:09:09.520670+00:00,0,GPU-459c992a-cb19-fec9-a6ff-f14309e0e86a,NVIDIA A30,98,3641,24576,169.58,61
2026-10-09T06:09:09.520670+00:00,1,GPU-e3de7dc8-620f-0d1f-8bd9-d047dad41fe1,NVIDIA A30,93,3641,24576,180.79,57
2026-10-09T06:09:09.520670+00:00,2,GPU-e40ecd4c-d662-37cc-a069-2d669471410e,NVIDIA A30,100,3661,24576,172.35,56
2026-10-09T06:09:19.608032+00:00,0,GPU-459c992a-cb19-fec9-a6ff-f14309e0e86a,NVIDIA A30,100,3641,24576,177.69,60
2026-10-09T06:09:19.608032+00:00,1,GPU-e3de7dc8-620f-0d1f-8bd9-d047dad41fe1,NVIDIA A30,100,3641,24576,175.74,57
2026-10-09T06:09:19.608032+00:00,2,GPU-e40ecd4c-d662-37cc-a069-2d669471410e,NVIDIA A30,100,3661,24576,166.88,55
2026-10-09T06:09:29.693287+00:00,0,GPU-459c992a-cb19-fec9-a6ff-f14309e0e86a,NVIDIA A30,100,3641,24576,146.46,60
2026-10-09T06:09:29.693287+00:00,1,GPU-e3de7dc8-620f-0d1f-8bd9-d047dad41fe1,NVIDIA A30,93,3641,24576,98.25,56
2026-10-09T06:09:29.693287+00:00,2,GPU-e40ecd4c-d662-37cc-a069-2d669471410e,NVIDIA A30,100,3661,24576,142.65,55
2026-10-09T06:09:39.780221+00:00,0,GPU-459c992a-cb19-fec9-a6ff-f14309e0e86a,NVIDIA A30,100,3641,24576,149.85,60
2026-10-09T06:09:39.780221+00:00,1,GPU-e3de7dc8-620f-0d1f-8bd9-d047dad41fe1,NVIDIA A30,100,3641,24576,163.99,56
2026-10-09T06:09:39.780221+00:00,2,GPU-e40ecd4c-d662-37cc-a069-2d669471410e,NVIDIA A30,92,3661,24576,169.29,55
2026-10-09T06:09:49.868340+00:00,0,GPU-459c992a-cb19-fec9-a6ff-f14309e0e86a,NVIDIA A30,96,3641,24576,161.48,60
2026-10-09T06:09:49.868340+00:00,1,GPU-e3de7dc8-620f-0d1f-8bd9-d047dad41fe1,NVIDIA A30,99,3641,24576,168.16,57
2026-10-09T06:09:49.868340+00:00,2,GPU-e40ecd4c-d662-37cc-a069-2d669471410e,NVIDIA A30,100,3661,24576,157.22,56
2026-10-09T06:09:59.955008+00:00,0,GPU-459c992a-cb19-fec9-a6ff-f14309e0e86a,NVIDIA A30,100,3641,24576,164.90,60
2026-10-09T06:09:59.955008+00:00,1,GPU-e3de7dc8-620f-0d1f-8bd9-d047dad41fe1,NVIDIA A30,100,3641,24576,162.36,57
2026-10-09T06:09:59.955008+00:00,2,GPU-e40ecd4c-d662-37cc-a069-2d669471410e,NVIDIA A30,94,3661,24576,167.67,56
2026-10-09T06:10:10.043129+00:00,0,GPU-459c992a-cb19-fec9-a6ff-f14309e0e86a,NVIDIA A30,100,3641,24576,143.15,60
2026-10-09T06:10:10.043129+00:00,1,GPU-e3de7dc8-620f-0d1f-8bd9-d047dad41fe1,NVIDIA A30,100,3641,24576,150.00,57
2026-10-09T06:10:10.043129+00:00,2,GPU-e40ecd4c-d662-37cc-a069-2d669471410e,NVIDIA A30,100,3661,24576,174.96,56
2026-10-09T06:10:20.137319+00:00,0,GPU-459c992a-cb19-fec9-a6ff-f14309e0e86a,NVIDIA A30,98,3641,24576,172.04,61
2026-10-09T06:10:20.137319+00:00,1,GPU-e3de7dc8-620f-0d1f-8bd9-d047dad41fe1,NVIDIA A30,100,3641,24576,163.05,56
2026-10-09T06:10:20.137319+00:00,2,GPU-e40ecd4c-d662-37cc-a069-2d669471410e,NVIDIA A30,94,3661,24576,157.76,55
2026-10-09T06:10:30.233312+00:00,0,GPU-459c992a-cb19-fec9-a6ff-f14309e0e86a,NVIDIA A30,100,3641,24576,166.75,60
2026-10-09T06:10:30.233312+00:00,1,GPU-e3de7dc8-620f-0d1f-8bd9-d047dad41fe1,NVIDIA A30,94,3641,24576,145.88,57
2026-10-09T06:10:30.233312+00:00,2,GPU-e40ecd4c-d662-37cc-a069-2d669471410e,NVIDIA A30,100,3661,24576,162.87,56
2026-10-09T06:10:40.326406+00:00,0,GPU-459c992a-cb19-fec9-a6ff-f14309e0e86a,NVIDIA A30,100,3641,24576,172.58,61
2026-10-09T06:10:40.326406+00:00,1,GPU-e3de7dc8-620f-0d1f-8bd9-d047dad41fe1,NVIDIA A30,100,3641,24576,141.20,57
2026-10-09T06:10:40.326406+00:00,2,GPU-e40ecd4c-d662-37cc-a069-2d669471410e,NVIDIA A30,100,3661,24576,176.79,55
2026-10-09T06:10:50.414754+00:00,0,GPU-459c992a-cb19-fec9-a6ff-f14309e0e86a,NVIDIA A30,100,3641,24576,176.42,60
2026-10-09T06:10:50.414754+00:00,1,GPU-e3de7dc8-620f-0d1f-8bd9-d047dad41fe1,NVIDIA A30,98,3641,24576,94.04,56
2026-10-09T06:10:50.414754+00:00,2,GPU-e40ecd4c-d662-37cc-a069-2d669471410e,NVIDIA A30,100,3661,24576,166.81,56
2026-10-09T06:11:00.503996+00:00,0,GPU-459c992a-cb19-fec9-a6ff-f14309e0e86a,NVIDIA A30,97,3641,24576,163.61,61
2026-10-09T06:11:00.503996+00:00,1,GPU-e3de7dc8-620f-0d1f-8bd9-d047dad41fe1,NVIDIA A30,100,3641,24576,169.05,57
2026-10-09T06:11:00.503996+00:00,2,GPU-e40ecd4c-d662-37cc-a069-2d669471410e,NVIDIA A30,100,3661,24576,167.15,55
2026-10-09T06:11:10.591946+00:00,0,GPU-459c992a-cb19-fec9-a6ff-f14309e0e86a,NVIDIA A30,95,3641,24576,147.52,60
2026-10-09T06:11:10.591946+00:00,1,GPU-e3de7dc8-620f-0d1f-8bd9-d047dad41fe1,NVIDIA A30,97,3641,24576,160.69,57
2026-10-09T06:11:10.591946+00:00,2,GPU-e40ecd4c-d662-37cc-a069-2d669471410e,NVIDIA A30,99,3661,24576,173.48,56
2026-10-09T06:11:20.676571+00:00,0,GPU-459c992a-cb19-fec9-a6ff-f14309e0e86a,NVIDIA A30,100,3641,24576,174.81,61
2026-10-09T06:11:20.676571+00:00,1,GPU-e3de7dc8-620f-0d1f-8bd9-d047dad41fe1,NVIDIA A30,100,3641,24576,177.50,57
2026-10-09T06:11:20.676571+00:00,2,GPU-e40ecd4c-d662-37cc-a069-2d669471410e,NVIDIA A30,100,3661,24576,160.55,55
2026-10-09T06:11:30.767820+00:00,0,GPU-459c992a-cb19-fec9-a6ff-f14309e0e86a,NVIDIA A30,100,3641,24576,168.71,61
2026-10-09T06:11:30.767820+00:00,1,GPU-e3de7dc8-620f-0d1f-8bd9-d047dad41fe1,NVIDIA A30,100,3641,24576,182.72,57
2026-10-09T06:11:30.767820+00:00,2,GPU-e40ecd4c-d662-37cc-a069-2d669471410e,NVIDIA A30,100,3661,24576,148.87,55
2026-10-09T06:11:40.854035+00:00,0,GPU-459c992a-cb19-fec9-a6ff-f14309e0e86a,NVIDIA A30,94,3641,24576,184.24,60
2026-10-09T06:11:40.854035+00:00,1,GPU-e3de7dc8-620f-0d1f-8bd9-d047dad41fe1,NVIDIA A30,94,3641,24576,172.37,57
2026-10-09T06:11:40.854035+00:00,2,GPU-e40ecd4c-d662-37cc-a069-2d669471410e,NVIDIA A30,100,3661,24576,150.33,56
2026-10-09T06:11:50.944443+00:00,0,GPU-459c992a-cb19-fec9-a6ff-f14309e0e86a,NVIDIA A30,100,3641,24576,174.54,61
2026-10-09T06:11:50.944443+00:00,1,GPU-e3de7dc8-620f-0d1f-8bd9-d047dad41fe1,NVIDIA A30,100,3641,24576,167.13,56
2026-10-09T06:11:50.944443+00:00,2,GPU-e40ecd4c-d662-37cc-a069-2d669471410e,NVIDIA A30,100,3661,24576,112.05,55
2026-10-09T06:12:01.037523+00:00,0,GPU-459c992a-cb19-fec9-a6ff-f14309e0e86a,NVIDIA A30,100,3641,24576,171.70,60
2026-10-09T06:12:01.037523+00:00,1,GPU-e3de7dc8-620f-0d1f-8bd9-d047dad41fe1,NVIDIA A30,97,3641,24576,95.32,57
2026-10-09T06:12:01.037523+00:00,2,GPU-e40ecd4c-d662-37cc-a069-2d669471410e,NVIDIA A30,100,3661,24576,161.11,56
2026-10-09T06:12:11.143182+00:00,0,GPU-459c992a-cb19-fec9-a6ff-f14309e0e86a,NVIDIA A30,100,3641,24576,161.60,61
2026-10-09T06:12:11.143182+00:00,1,GPU-e3de7dc8-620f-0d1f-8bd9-d047dad41fe1,NVIDIA A30,100,3641,24576,166.30,56
2026-10-09T06:12:11.143182+00:00,2,GPU-e40ecd4c-d662-37cc-a069-2d669471410e,NVIDIA A30,94,3661,24576,162.00,55
2026-10-09T06:12:21.230139+00:00,0,GPU-459c992a-cb19-fec9-a6ff-f14309e0e86a,NVIDIA A30,94,3641,24576,159.14,61
2026-10-09T06:12:21.230139+00:00,1,GPU-e3de7dc8-620f-0d1f-8bd9-d047dad41fe1,NVIDIA A30,100,3641,24576,160.95,57
2026-10-09T06:12:21.230139+00:00,2,GPU-e40ecd4c-d662-37cc-a069-2d669471410e,NVIDIA A30,100,3661,24576,178.31,56
2026-10-09T06:12:31.319290+00:00,0,GPU-459c992a-cb19-fec9-a6ff-f14309e0e86a,NVIDIA A30,97,3641,24576,170.46,60
2026-10-09T06:12:31.319290+00:00,1,GPU-e3de7dc8-620f-0d1f-8bd9-d047dad41fe1,NVIDIA A30,100,3641,24576,174.85,57
2026-10-09T06:12:31.319290+00:00,2,GPU-e40ecd4c-d662-37cc-a069-2d669471410e,NVIDIA A30,100,3661,24576,151.56,55
2026-10-09T06:12:41.405802+00:00,0,GPU-459c992a-cb19-fec9-a6ff-f14309e0e86a,NVIDIA A30,95,3641,24576,164.35,60
2026-10-09T06:12:41.405802+00:00,1,GPU-e3de7dc8-620f-0d1f-8bd9-d047dad41fe1,NVIDIA A30,100,3641,24576,162.09,56
2026-10-09T06:12:41.405802+00:00,2,GPU-e40ecd4c-d662-37cc-a069-2d669471410e,NVIDIA A30,100,3661,24576,167.43,56
2026-10-09T06:12:51.495356+00:00,0,GPU-459c992a-cb19-fec9-a6ff-f14309e0e86a,NVIDIA A30,100,3641,24576,163.86,60
2026-10-09T06:12:51.495356+00:00,1,GPU-e3de7dc8-620f-0d1f-8bd9-d047dad41fe1,NVIDIA A30,100,3641,24576,168.42,57
2026-10-09T06:12:51.495356+00:00,2,GPU-e40ecd4c-d662-37cc-a069-2d669471410e,NVIDIA A30,100,3661,24576,141.32,55
2026-10-09T06:13:01.586758+00:00,0,GPU-459c992a-cb19-fec9-a6ff-f14309e0e86a,NVIDIA A30,100,3641,24576,159.33,60
2026-10-09T06:13:01.586758+00:00,1,GPU-e3de7dc8-620f-0d1f-8bd9-d047dad41fe1,NVIDIA A30,100,3641,24576,168.16,57
2026-10-09T06:13:01.586758+00:00,2,GPU-e40ecd4c-d662-37cc-a069-2d669471410e,NVIDIA A30,98,3661,24576,167.92,56
2026-10-09T06:13:11.670044+00:00,0,GPU-459c992a-cb19-fec9-a6ff-f14309e0e86a,NVIDIA A30,100,3641,24576,160.97,60
2026-10-09T06:13:11.670044+00:00,1,GPU-e3de7dc8-620f-0d1f-8bd9-d047dad41fe1,NVIDIA A30,100,3641,24576,93.83,56
2026-10-09T06:13:11.670044+00:00,2,GPU-e40ecd4c-d662-37cc-a069-2d669471410e,NVIDIA A30,100,3661,24576,177.33,56
2026-10-09T06:13:21.764894+00:00,0,GPU-459c992a-cb19-fec9-a6ff-f14309e0e86a,NVIDIA A30,92,3641,24576,150.45,60
2026-10-09T06:13:21.764894+00:00,1,GPU-e3de7dc8-620f-0d1f-8bd9-d047dad41fe1,NVIDIA A30,100,3641,24576,130.77,56
2026-10-09T06:13:21.764894+00:00,2,GPU-e40ecd4c-d662-37cc-a069-2d669471410e,NVIDIA A30,94,3661,24576,158.25,56
2026-10-09T06:13:31.855853+00:00,0,GPU-459c992a-cb19-fec9-a6ff-f14309e0e86a,NVIDIA A30,100,3641,24576,166.25,60
2026-10-09T06:13:31.855853+00:00,1,GPU-e3de7dc8-620f-0d1f-8bd9-d047dad41fe1,NVIDIA A30,100,3641,24576,168.16,57
2026-10-09T06:13:31.855853+00:00,2,GPU-e40ecd4c-d662-37cc-a069-2d669471410e,NVIDIA A30,100,3661,24576,164.63,55
2026-10-09T06:13:41.941629+00:00,0,GPU-459c992a-cb19-fec9-a6ff-f14309e0e86a,NVIDIA A30,100,3641,24576,172.89,60
2026-10-09T06:13:41.941629+00:00,1,GPU-e3de7dc8-620f-0d1f-8bd9-d047dad41fe1,NVIDIA A30,94,3641,24576,156.09,56
2026-10-09T06:13:41.941629+00:00,2,GPU-e40ecd4c-d662-37cc-a069-2d669471410e,NVIDIA A30,100,3661,24576,162.23,55
2026-10-09T06:13:52.035419+00:00,0,GPU-459c992a-cb19-fec9-a6ff-f14309e0e86a,NVIDIA A30,100,3641,24576,163.36,61
2026-10-09T06:13:52.035419+00:00,1,GPU-e3de7dc8-620f-0d1f-8bd9-d047dad41fe1,NVIDIA A30,97,3641,24576,168.51,56
2026-10-09T06:13:52.035419+00:00,2,GPU-e40ecd4c-d662-37cc-a069-2d669471410e,NVIDIA A30,93,3661,24576,158.98,55
2026-10-09T06:14:02.133413+00:00,0,GPU-459c992a-cb19-fec9-a6ff-f14309e0e86a,NVIDIA A30,100,3641,24576,153.93,60
2026-10-09T06:14:02.133413+00:00,1,GPU-e3de7dc8-620f-0d1f-8bd9-d047dad41fe1,NVIDIA A30,100,3641,24576,142.58,57
2026-10-09T06:14:02.133413+00:00,2,GPU-e40ecd4c-d662-37cc-a069-2d669471410e,NVIDIA A30,100,3661,24576,158.05,55
2026-10-09T06:14:12.228571+00:00,0,GPU-459c992a-cb19-fec9-a6ff-f14309e0e86a,NVIDIA A30,93,3641,24576,159.19,60
2026-10-09T06:14:12.228571+00:00,1,GPU-e3de7dc8-620f-0d1f-8bd9-d047dad41fe1,NVIDIA A30,99,3641,24576,160.70,57
2026-10-09T06:14:12.228571+00:00,2,GPU-e40ecd4c-d662-37cc-a069-2d669471410e,NVIDIA A30,94,3661,24576,160.01,56
2026-10-09T06:14:22.333990+00:00,0,GPU-459c992a-cb19-fec9-a6ff-f14309e0e86a,NVIDIA A30,100,3641,24576,163.32,60
2026-10-09T06:14:22.333990+00:00,1,GPU-e3de7dc8-620f-0d1f-8bd9-d047dad41fe1,NVIDIA A30,93,3641,24576,166.83,56
2026-10-09T06:14:22.333990+00:00,2,GPU-e40ecd4c-d662-37cc-a069-2d669471410e,NVIDIA A30,100,3661,24576,158.50,56
2026-10-09T06:14:32.421441+00:00,0,GPU-459c992a-cb19-fec9-a6ff-f14309e0e86a,NVIDIA A30,98,3641,24576,174.55,61
2026-10-09T06:14:32.421441+00:00,1,GPU-e3de7dc8-620f-0d1f-8bd9-d047dad41fe1,NVIDIA A30,100,3641,24576,137.66,57
2026-10-09T06:14:32.421441+00:00,2,GPU-e40ecd4c-d662-37cc-a069-2d669471410e,NVIDIA A30,100,3661,24576,171.12,56
2026-10-09T06:14:42.523754+00:00,0,GPU-459c992a-cb19-fec9-a6ff-f14309e0e86a,NVIDIA A30,100,3641,24576,161.38,60
2026-10-09T06:14:42.523754+00:00,1,GPU-e3de7dc8-620f-0d1f-8bd9-d047dad41fe1,NVIDIA A30,95,3641,24576,158.05,56
2026-10-09T06:14:42.523754+00:00,2,GPU-e40ecd4c-d662-37cc-a069-2d669471410e,NVIDIA A30,96,3661,24576,162.13,56
2026-10-09T06:14:52.626032+00:00,0,GPU-459c992a-cb19-fec9-a6ff-f14309e0e86a,NVIDIA A30,100,3641,24576,159.68,60
2026-10-09T06:14:52.626032+00:00,1,GPU-e3de7dc8-620f-0d1f-8bd9-d047dad41fe1,NVIDIA A30,100,3641,24576,175.39,57
2026-10-09T06:14:52.626032+00:00,2,GPU-e40ecd4c-d662-37cc-a069-2d669471410e,NVIDIA A30,100,3661,24576,150.32,56
2026-10-09T06:15:02.737170+00:00,0,GPU-459c992a-cb19-fec9-a6ff-f14309e0e86a,NVIDIA A30,100,3641,24576,148.92,60
2026-10-09T06:15:02.737170+00:00,1,GPU-e3de7dc8-620f-0d1f-8bd9-d047dad41fe1,NVIDIA A30,100,3641,24576,164.09,56
2026-10-09T06:15:02.737170+00:00,2,GPU-e40ecd4c-d662-37cc-a069-2d669471410e,NVIDIA A30,100,3661,24576,168.36,56
2026-10-09T06:15:12.829566+00:00,0,GPU-459c992a-cb19-fec9-a6ff-f14309e0e86a,NVIDIA A30,100,3641,24576,166.32,60
2026-10-09T06:15:12.829566+00:00,1,GPU-e3de7dc8-620f-0d1f-8bd9-d047dad41fe1,NVIDIA A30,100,3641,24576,180.40,57
2026-10-09T06:15:12.829566+00:00,2,GPU-e40ecd4c-d662-37cc-a069-2d669471410e,NVIDIA A30,100,3661,24576,162.34,56
2026-10-09T06:15:22.914872+00:00,0,GPU-459c992a-cb19-fec9-a6ff-f14309e0e86a,NVIDIA A30,100,3641,24576,148.92,60
2026-10-09T06:15:22.914872+00:00,1,GPU-e3de7dc8-620f-0d1f-8bd9-d047dad41fe1,NVIDIA A30,97,3641,24576,168.10,57
2026-10-09T06:15:22.914872+00:00,2,GPU-e40ecd4c-d662-37cc-a069-2d669471410e,NVIDIA A30,100,3661,24576,161.64,56
2026-10-09T06:15:33.010288+00:00,0,GPU-459c992a-cb19-fec9-a6ff-f14309e0e86a,NVIDIA A30,94,3641,24576,165.57,60
2026-10-09T06:15:33.010288+00:00,1,GPU-e3de7dc8-620f-0d1f-8bd9-d047dad41fe1,NVIDIA A30,100,3641,24576,174.60,57
2026-10-09T06:15:33.010288+00:00,2,GPU-e40ecd4c-d662-37cc-a069-2d669471410e,NVIDIA A30,100,3661,24576,161.67,56
2026-10-09T06:15:43.096382+00:00,0,GPU-459c992a-cb19-fec9-a6ff-f14309e0e86a,NVIDIA A30,100,3641,24576,171.85,60
2026-10-09T06:15:43.096382+00:00,1,GPU-e3de7dc8-620f-0d1f-8bd9-d047dad41fe1,NVIDIA A30,98,3641,24576,171.99,57
2026-10-09T06:15:43.096382+00:00,2,GPU-e40ecd4c-d662-37cc-a069-2d669471410e,NVIDIA A30,94,3661,24576,176.02,56
2026-10-09T06:15:53.186711+00:00,0,GPU-459c992a-cb19-fec9-a6ff-f14309e0e86a,NVIDIA A30,100,3641,24576,162.55,61
2026-10-09T06:15:53.186711+00:00,1,GPU-e3de7dc8-620f-0d1f-8bd9-d047dad41fe1,NVIDIA A30,100,3641,24576,167.91,57
2026-10-09T06:15:53.186711+00:00,2,GPU-e40ecd4c-d662-37cc-a069-2d669471410e,NVIDIA A30,100,3661,24576,166.67,55
2026-10-09T06:16:03.305645+00:00,0,GPU-459c992a-cb19-fec9-a6ff-f14309e0e86a,NVIDIA A30,92,3641,24576,169.60,60
2026-10-09T06:16:03.305645+00:00,1,GPU-e3de7dc8-620f-0d1f-8bd9-d047dad41fe1,NVIDIA A30,100,3641,24576,166.09,56
2026-10-09T06:16:03.305645+00:00,2,GPU-e40ecd4c-d662-37cc-a069-2d669471410e,NVIDIA A30,100,3661,24576,178.36,56
2026-10-09T06:16:13.401956+00:00,0,GPU-459c992a-cb19-fec9-a6ff-f14309e0e86a,NVIDIA A30,100,3641,24576,160.97,60
2026-10-09T06:16:13.401956+00:00,1,GPU-e3de7dc8-620f-0d1f-8bd9-d047dad41fe1,NVIDIA A30,100,3641,24576,167.09,57
2026-10-09T06:16:13.401956+00:00,2,GPU-e40ecd4c-d662-37cc-a069-2d669471410e,NVIDIA A30,100,3661,24576,141.17,56
2026-10-09T06:16:23.489731+00:00,0,GPU-459c992a-cb19-fec9-a6ff-f14309e0e86a,NVIDIA A30,100,3641,24576,162.34,60
2026-10-09T06:16:23.489731+00:00,1,GPU-e3de7dc8-620f-0d1f-8bd9-d047dad41fe1,NVIDIA A30,100,3641,24576,157.90,56
2026-10-09T06:16:23.489731+00:00,2,GPU-e40ecd4c-d662-37cc-a069-2d669471410e,NVIDIA A30,96,3661,24576,154.23,56
2026-10-09T06:16:33.589180+00:00,0,GPU-459c992a-cb19-fec9-a6ff-f14309e0e86a,NVIDIA A30,100,3641,24576,167.73,60
2026-10-09T06:16:33.589180+00:00,1,GPU-e3de7dc8-620f-0d1f-8bd9-d047dad41fe1,NVIDIA A30,100,3641,24576,172.92,56
2026-10-09T06:16:33.589180+00:00,2,GPU-e40ecd4c-d662-37cc-a069-2d669471410e,NVIDIA A30,100,3661,24576,159.83,56
2026-10-09T06:16:43.687818+00:00,0,GPU-459c992a-cb19-fec9-a6ff-f14309e0e86a,NVIDIA A30,100,3641,24576,158.37,60
2026-10-09T06:16:43.687818+00:00,1,GPU-e3de7dc8-620f-0d1f-8bd9-d047dad41fe1,NVIDIA A30,93,3641,24576,184.39,57
2026-10-09T06:16:43.687818+00:00,2,GPU-e40ecd4c-d662-37cc-a069-2d669471410e,NVIDIA A30,92,3661,24576,171.10,55
2026-10-09T06:16:53.781181+00:00,0,GPU-459c992a-cb19-fec9-a6ff-f14309e0e86a,NVIDIA A30,97,3641,24576,170.56,60
2026-10-09T06:16:53.781181+00:00,1,GPU-e3de7dc8-620f-0d1f-8bd9-d047dad41fe1,NVIDIA A30,100,3641,24576,139.58,57
2026-10-09T06:16:53.781181+00:00,2,GPU-e40ecd4c-d662-37cc-a069-2d669471410e,NVIDIA A30,100,3661,24576,172.47,56
2026-10-09T06:17:03.870070+00:00,0,GPU-459c992a-cb19-fec9-a6ff-f14309e0e86a,NVIDIA A30,100,3641,24576,165.34,60
2026-10-09T06:17:03.870070+00:00,1,GPU-e3de7dc8-620f-0d1f-8bd9-d047dad41fe1,NVIDIA A30,97,3641,24576,160.38,57
2026-10-09T06:17:03.870070+00:00,2,GPU-e40ecd4c-d662-37cc-a069-2d669471410e,NVIDIA A30,98,3661,24576,168.74,55
2026-10-09T06:17:13.975217+00:00,0,GPU-459c992a-cb19-fec9-a6ff-f14309e0e86a,NVIDIA A30,100,3641,24576,160.55,60
2026-10-09T06:17:13.975217+00:00,1,GPU-e3de7dc8-620f-0d1f-8bd9-d047dad41fe1,NVIDIA A30,100,3641,24576,167.09,57
2026-10-09T06:17:13.975217+00:00,2,GPU-e40ecd4c-d662-37cc-a069-2d669471410e,NVIDIA A30,100,3661,24576,171.01,55
2026-10-09T06:17:24.065994+00:00,0,GPU-459c992a-cb19-fec9-a6ff-f14309e0e86a,NVIDIA A30,100,3641,24576,181.33,60
2026-10-09T06:17:24.065994+00:00,1,GPU-e3de7dc8-620f-0d1f-8bd9-d047dad41fe1,NVIDIA A30,100,3641,24576,177.10,57
2026-10-09T06:17:24.065994+00:00,2,GPU-e40ecd4c-d662-37cc-a069-2d669471410e,NVIDIA A30,95,3661,24576,159.35,55
2026-10-09T06:17:34.157210+00:00,0,GPU-459c992a-cb19-fec9-a6ff-f14309e0e86a,NVIDIA A30,91,3641,24576,104.32,60
2026-10-09T06:17:34.157210+00:00,1,GPU-e3de7dc8-620f-0d1f-8bd9-d047dad41fe1,NVIDIA A30,92,3641,24576,175.56,57
2026-10-09T06:17:34.157210+00:00,2,GPU-e40ecd4c-d662-37cc-a069-2d669471410e,NVIDIA A30,0,4,24576,41.00,48
2026-10-09T06:17:44.252802+00:00,0,GPU-459c992a-cb19-fec9-a6ff-f14309e0e86a,NVIDIA A30,90,3641,24576,174.85,60
2026-10-09T06:17:44.252802+00:00,1,GPU-e3de7dc8-620f-0d1f-8bd9-d047dad41fe1,NVIDIA A30,100,3641,24576,163.18,57
2026-10-09T06:17:44.252802+00:00,2,GPU-e40ecd4c-d662-37cc-a069-2d669471410e,NVIDIA A30,0,4,24576,31.90,44
2026-10-09T06:17:54.348356+00:00,0,GPU-459c992a-cb19-fec9-a6ff-f14309e0e86a,NVIDIA A30,100,3661,24576,171.39,60
2026-10-09T06:17:54.348356+00:00,1,GPU-e3de7dc8-620f-0d1f-8bd9-d047dad41fe1,NVIDIA A30,0,3643,24576,35.72,49
2026-10-09T06:17:54.348356+00:00,2,GPU-e40ecd4c-d662-37cc-a069-2d669471410e,NVIDIA A30,0,333,24576,33.60,42
2026-10-09T06:18:04.437629+00:00,0,GPU-459c992a-cb19-fec9-a6ff-f14309e0e86a,NVIDIA A30,100,3661,24576,139.00,60
2026-10-09T06:18:04.437629+00:00,1,GPU-e3de7dc8-620f-0d1f-8bd9-d047dad41fe1,NVIDIA A30,0,4,24576,32.15,44
2026-10-09T06:18:04.437629+00:00,2,GPU-e40ecd4c-d662-37cc-a069-2d669471410e,NVIDIA A30,0,1967,24576,33.00,40
2026-10-09T06:18:14.531040+00:00,0,GPU-459c992a-cb19-fec9-a6ff-f14309e0e86a,NVIDIA A30,94,3661,24576,164.52,61
2026-10-09T06:18:14.531040+00:00,1,GPU-e3de7dc8-620f-0d1f-8bd9-d047dad41fe1,NVIDIA A30,0,313,24576,34.33,42
2026-10-09T06:18:14.531040+00:00,2,GPU-e40ecd4c-d662-37cc-a069-2d669471410e,NVIDIA A30,0,2059,24576,32.81,38
2026-10-09T06:18:24.634841+00:00,0,GPU-459c992a-cb19-fec9-a6ff-f14309e0e86a,NVIDIA A30,91,3661,24576,167.11,60
2026-10-09T06:18:24.634841+00:00,1,GPU-e3de7dc8-620f-0d1f-8bd9-d047dad41fe1,NVIDIA A30,0,1967,24576,33.72,39
2026-10-09T06:18:24.634841+00:00,2,GPU-e40ecd4c-d662-37cc-a069-2d669471410e,NVIDIA A30,100,2633,24576,161.10,43
2026-10-09T06:18:34.736489+00:00,0,GPU-459c992a-cb19-fec9-a6ff-f14309e0e86a,NVIDIA A30,100,3661,24576,161.99,60
2026-10-09T06:18:34.736489+00:00,1,GPU-e3de7dc8-620f-0d1f-8bd9-d047dad41fe1,NVIDIA A30,0,2059,24576,32.94,38
2026-10-09T06:18:34.736489+00:00,2,GPU-e40ecd4c-d662-37cc-a069-2d669471410e,NVIDIA A30,100,2633,24576,167.93,46
2026-10-09T06:18:44.834833+00:00,0,GPU-459c992a-cb19-fec9-a6ff-f14309e0e86a,NVIDIA A30,100,3661,24576,162.68,60
2026-10-09T06:18:44.834833+00:00,1,GPU-e3de7dc8-620f-0d1f-8bd9-d047dad41fe1,NVIDIA A30,0,2059,24576,32.54,36
2026-10-09T06:18:44.834833+00:00,2,GPU-e40ecd4c-d662-37cc-a069-2d669471410e,NVIDIA A30,98,2633,24576,170.40,48
2026-10-09T06:18:54.935286+00:00,0,GPU-459c992a-cb19-fec9-a6ff-f14309e0e86a,NVIDIA A30,100,3661,24576,175.67,61
2026-10-09T06:18:54.935286+00:00,1,GPU-e3de7dc8-620f-0d1f-8bd9-d047dad41fe1,NVIDIA A30,100,2633,24576,167.81,46
2026-10-09T06:18:54.935286+00:00,2,GPU-e40ecd4c-d662-37cc-a069-2d669471410e,NVIDIA A30,99,2653,24576,157.43,49
2026-10-09T06:19:05.039260+00:00,0,GPU-459c992a-cb19-fec9-a6ff-f14309e0e86a,NVIDIA A30,98,3661,24576,94.38,60
2026-10-09T06:19:05.039260+00:00,1,GPU-e3de7dc8-620f-0d1f-8bd9-d047dad41fe1,NVIDIA A30,98,2633,24576,158.61,48
2026-10-09T06:19:05.039260+00:00,2,GPU-e40ecd4c-d662-37cc-a069-2d669471410e,NVIDIA A30,100,2653,24576,169.43,51
2026-10-09T06:19:15.145342+00:00,0,GPU-459c992a-cb19-fec9-a6ff-f14309e0e86a,NVIDIA A30,100,3661,24576,157.51,60
2026-10-09T06:19:15.145342+00:00,1,GPU-e3de7dc8-620f-0d1f-8bd9-d047dad41fe1,NVIDIA A30,98,2633,24576,164.87,50
2026-10-09T06:19:15.145342+00:00,2,GPU-e40ecd4c-d662-37cc-a069-2d669471410e,NVIDIA A30,99,2653,24576,162.80,51
2026-10-09T06:19:25.251566+00:00,0,GPU-459c992a-cb19-fec9-a6ff-f14309e0e86a,NVIDIA A30,100,3661,24576,143.80,60
2026-10-09T06:19:25.251566+00:00,1,GPU-e3de7dc8-620f-0d1f-8bd9-d047dad41fe1,NVIDIA A30,97,2653,24576,169.22,51
2026-10-09T06:19:25.251566+00:00,2,GPU-e40ecd4c-d662-37cc-a069-2d669471410e,NVIDIA A30,100,2653,24576,165.44,52
2026-10-09T06:19:35.369665+00:00,0,GPU-459c992a-cb19-fec9-a6ff-f14309e0e86a,NVIDIA A30,100,3661,24576,160.70,60
2026-10-09T06:19:35.369665+00:00,1,GPU-e3de7dc8-620f-0d1f-8bd9-d047dad41fe1,NVIDIA A30,98,2653,24576,163.41,52
2026-10-09T06:19:35.369665+00:00,2,GPU-e40ecd4c-d662-37cc-a069-2d669471410e,NVIDIA A30,99,2653,24576,166.74,53
2026-10-09T06:19:45.458914+00:00,0,GPU-459c992a-cb19-fec9-a6ff-f14309e0e86a,NVIDIA A30,96,3661,24576,164.49,60
2026-10-09T06:19:45.458914+00:00,1,GPU-e3de7dc8-620f-0d1f-8bd9-d047dad41fe1,NVIDIA A30,99,2653,24576,173.35,53
2026-10-09T06:19:45.458914+00:00,2,GPU-e40ecd4c-d662-37cc-a069-2d669471410e,NVIDIA A30,0,2653,24576,34.28,44
2026-10-09T06:19:55.557386+00:00,0,GPU-459c992a-cb19-fec9-a6ff-f14309e0e86a,NVIDIA A30,100,3661,24576,171.52,60
2026-10-09T06:19:55.557386+00:00,1,GPU-e3de7dc8-620f-0d1f-8bd9-d047dad41fe1,NVIDIA A30,99,2653,24576,162.53,53
2026-10-09T06:19:55.557386+00:00,2,GPU-e40ecd4c-d662-37cc-a069-2d669471410e,NVIDIA A30,0,2653,24576,33.38,41
2026-10-09T06:20:05.658251+00:00,0,GPU-459c992a-cb19-fec9-a6ff-f14309e0e86a,NVIDIA A30,100,3661,24576,167.87,60
2026-10-09T06:20:05.658251+00:00,1,GPU-e3de7dc8-620f-0d1f-8bd9-d047dad41fe1,NVIDIA A30,0,2653,24576,35.21,46
2026-10-09T06:20:05.658251+00:00,2,GPU-e40ecd4c-d662-37cc-a069-2d669471410e,NVIDIA A30,0,2653,24576,33.21,39
2026-10-09T06:20:15.739879+00:00,0,GPU-459c992a-cb19-fec9-a6ff-f14309e0e86a,NVIDIA A30,99,3661,24576,164.60,61
2026-10-09T06:20:15.739879+00:00,1,GPU-e3de7dc8-620f-0d1f-8bd9-d047dad41fe1,NVIDIA A30,0,2653,24576,34.42,42
2026-10-09T06:20:15.739879+00:00,2,GPU-e40ecd4c-d662-37cc-a069-2d669471410e,NVIDIA A30,100,2653,24576,171.00,48
2026-10-09T06:20:25.830845+00:00,0,GPU-459c992a-cb19-fec9-a6ff-f14309e0e86a,NVIDIA A30,94,3661,24576,174.90,60
2026-10-09T06:20:25.830845+00:00,1,GPU-e3de7dc8-620f-0d1f-8bd9-d047dad41fe1,NVIDIA A30,0,2653,24576,33.73,39
2026-10-09T06:20:25.830845+00:00,2,GPU-e40ecd4c-d662-37cc-a069-2d669471410e,NVIDIA A30,99,2653,24576,162.53,49
2026-10-09T06:20:35.921824+00:00,0,GPU-459c992a-cb19-fec9-a6ff-f14309e0e86a,NVIDIA A30,97,3661,24576,162.79,60
2026-10-09T06:20:35.921824+00:00,1,GPU-e3de7dc8-620f-0d1f-8bd9-d047dad41fe1,NVIDIA A30,100,2653,24576,158.74,47
2026-10-09T06:20:35.921824+00:00,2,GPU-e40ecd4c-d662-37cc-a069-2d669471410e,NVIDIA A30,98,2653,24576,168.31,50
2026-10-09T06:20:46.009637+00:00,0,GPU-459c992a-cb19-fec9-a6ff-f14309e0e86a,NVIDIA A30,92,3661,24576,162.68,60
2026-10-09T06:20:46.009637+00:00,1,GPU-e3de7dc8-620f-0d1f-8bd9-d047dad41fe1,NVIDIA A30,99,2653,24576,164.05,49
2026-10-09T06:20:46.009637+00:00,2,GPU-e40ecd4c-d662-37cc-a069-2d669471410e,NVIDIA A30,99,2653,24576,165.28,51
2026-10-09T06:20:56.110912+00:00,0,GPU-459c992a-cb19-fec9-a6ff-f14309e0e86a,NVIDIA A30,100,3661,24576,164.40,60
2026-10-09T06:20:56.110912+00:00,1,GPU-e3de7dc8-620f-0d1f-8bd9-d047dad41fe1,NVIDIA A30,100,2653,24576,158.68,51
2026-10-09T06:20:56.110912+00:00,2,GPU-e40ecd4c-d662-37cc-a069-2d669471410e,NVIDIA A30,98,2653,24576,144.19,52
2026-10-09T06:21:06.225180+00:00,0,GPU-459c992a-cb19-fec9-a6ff-f14309e0e86a,NVIDIA A30,100,3661,24576,155.82,60
2026-10-09T06:21:06.225180+00:00,1,GPU-e3de7dc8-620f-0d1f-8bd9-d047dad41fe1,NVIDIA A30,100,2653,24576,158.45,52
2026-10-09T06:21:06.225180+00:00,2,GPU-e40ecd4c-d662-37cc-a069-2d669471410e,NVIDIA A30,98,2653,24576,163.91,53
2026-10-09T06:21:16.318141+00:00,0,GPU-459c992a-cb19-fec9-a6ff-f14309e0e86a,NVIDIA A30,96,3661,24576,170.04,60
2026-10-09T06:21:16.318141+00:00,1,GPU-e3de7dc8-620f-0d1f-8bd9-d047dad41fe1,NVIDIA A30,98,2653,24576,163.91,53
2026-10-09T06:21:16.318141+00:00,2,GPU-e40ecd4c-d662-37cc-a069-2d669471410e,NVIDIA A30,100,2653,24576,158.46,53
2026-10-09T06:21:26.413527+00:00,0,GPU-459c992a-cb19-fec9-a6ff-f14309e0e86a,NVIDIA A30,94,3661,24576,164.65,60
2026-10-09T06:21:26.413527+00:00,1,GPU-e3de7dc8-620f-0d1f-8bd9-d047dad41fe1,NVIDIA A30,99,2653,24576,163.86,53
2026-10-09T06:21:26.413527+00:00,2,GPU-e40ecd4c-d662-37cc-a069-2d669471410e,NVIDIA A30,100,2653,24576,165.42,54
2026-10-09T06:21:36.509044+00:00,0,GPU-459c992a-cb19-fec9-a6ff-f14309e0e86a,NVIDIA A30,100,3661,24576,162.54,60
2026-10-09T06:21:36.509044+00:00,1,GPU-e3de7dc8-620f-0d1f-8bd9-d047dad41fe1,NVIDIA A30,98,2653,24576,166.34,54
2026-10-09T06:21:36.509044+00:00,2,GPU-e40ecd4c-d662-37cc-a069-2d669471410e,NVIDIA A30,98,2653,24576,160.90,54
2026-10-09T06:21:46.612284+00:00,0,GPU-459c992a-cb19-fec9-a6ff-f14309e0e86a,NVIDIA A30,100,3661,24576,175.67,60
2026-10-09T06:21:46.612284+00:00,1,GPU-e3de7dc8-620f-0d1f-8bd9-d047dad41fe1,NVIDIA A30,100,2653,24576,164.97,55
2026-10-09T06:21:46.612284+00:00,2,GPU-e40ecd4c-d662-37cc-a069-2d669471410e,NVIDIA A30,99,2653,24576,168.65,54
2026-10-09T06:21:56.700037+00:00,0,GPU-459c992a-cb19-fec9-a6ff-f14309e0e86a,NVIDIA A30,98,3661,24576,159.78,61
2026-10-09T06:21:56.700037+00:00,1,GPU-e3de7dc8-620f-0d1f-8bd9-d047dad41fe1,NVIDIA A30,100,2653,24576,169.98,55
2026-10-09T06:21:56.700037+00:00,2,GPU-e40ecd4c-d662-37cc-a069-2d669471410e,NVIDIA A30,99,2653,24576,158.29,54
2026-10-09T06:22:06.805557+00:00,0,GPU-459c992a-cb19-fec9-a6ff-f14309e0e86a,NVIDIA A30,92,3661,24576,171.02,60
2026-10-09T06:22:06.805557+00:00,1,GPU-e3de7dc8-620f-0d1f-8bd9-d047dad41fe1,NVIDIA A30,100,2653,24576,163.46,55
2026-10-09T06:22:06.805557+00:00,2,GPU-e40ecd4c-d662-37cc-a069-2d669471410e,NVIDIA A30,100,2653,24576,164.93,55
2026-10-09T06:22:16.896418+00:00,0,GPU-459c992a-cb19-fec9-a6ff-f14309e0e86a,NVIDIA A30,100,3661,24576,178.09,60
2026-10-09T06:22:16.896418+00:00,1,GPU-e3de7dc8-620f-0d1f-8bd9-d047dad41fe1,NVIDIA A30,99,2653,24576,161.26,56
2026-10-09T06:22:16.896418+00:00,2,GPU-e40ecd4c-d662-37cc-a069-2d669471410e,NVIDIA A30,99,2653,24576,165.64,55
2026-10-09T06:22:26.988769+00:00,0,GPU-459c992a-cb19-fec9-a6ff-f14309e0e86a,NVIDIA A30,100,3661,24576,174.20,60
2026-10-09T06:22:26.988769+00:00,1,GPU-e3de7dc8-620f-0d1f-8bd9-d047dad41fe1,NVIDIA A30,99,2653,24576,160.96,56
2026-10-09T06:22:26.988769+00:00,2,GPU-e40ecd4c-d662-37cc-a069-2d669471410e,NVIDIA A30,99,2653,24576,161.07,55
2026-10-09T06:22:37.070278+00:00,0,GPU-459c992a-cb19-fec9-a6ff-f14309e0e86a,NVIDIA A30,97,3661,24576,163.08,61
2026-10-09T06:22:37.070278+00:00,1,GPU-e3de7dc8-620f-0d1f-8bd9-d047dad41fe1,NVIDIA A30,100,2653,24576,168.10,56
2026-10-09T06:22:37.070278+00:00,2,GPU-e40ecd4c-d662-37cc-a069-2d669471410e,NVIDIA A30,100,2653,24576,159.03,55
2026-10-09T06:22:47.156045+00:00,0,GPU-459c992a-cb19-fec9-a6ff-f14309e0e86a,NVIDIA A30,94,3661,24576,154.41,60
2026-10-09T06:22:47.156045+00:00,1,GPU-e3de7dc8-620f-0d1f-8bd9-d047dad41fe1,NVIDIA A30,100,2653,24576,165.66,56
2026-10-09T06:22:47.156045+00:00,2,GPU-e40ecd4c-d662-37cc-a069-2d669471410e,NVIDIA A30,100,2653,24576,172.54,55
2026-10-09T06:22:57.241929+00:00,0,GPU-459c992a-cb19-fec9-a6ff-f14309e0e86a,NVIDIA A30,100,3661,24576,165.33,60
2026-10-09T06:22:57.241929+00:00,1,GPU-e3de7dc8-620f-0d1f-8bd9-d047dad41fe1,NVIDIA A30,99,2653,24576,137.87,56
2026-10-09T06:22:57.241929+00:00,2,GPU-e40ecd4c-d662-37cc-a069-2d669471410e,NVIDIA A30,99,2653,24576,132.02,56
2026-10-09T06:23:07.334729+00:00,0,GPU-459c992a-cb19-fec9-a6ff-f14309e0e86a,NVIDIA A30,100,3661,24576,164.36,61
2026-10-09T06:23:07.334729+00:00,1,GPU-e3de7dc8-620f-0d1f-8bd9-d047dad41fe1,NVIDIA A30,99,2653,24576,166.53,57
2026-10-09T06:23:07.334729+00:00,2,GPU-e40ecd4c-d662-37cc-a069-2d669471410e,NVIDIA A30,99,2653,24576,170.96,56
2026-10-09T06:23:17.433761+00:00,0,GPU-459c992a-cb19-fec9-a6ff-f14309e0e86a,NVIDIA A30,98,3661,24576,164.43,61
2026-10-09T06:23:17.433761+00:00,1,GPU-e3de7dc8-620f-0d1f-8bd9-d047dad41fe1,NVIDIA A30,99,2653,24576,163.74,57
2026-10-09T06:23:17.433761+00:00,2,GPU-e40ecd4c-d662-37cc-a069-2d669471410e,NVIDIA A30,99,2653,24576,164.15,56
2026-10-09T06:23:27.537529+00:00,0,GPU-459c992a-cb19-fec9-a6ff-f14309e0e86a,NVIDIA A30,94,3661,24576,168.96,60
2026-10-09T06:23:27.537529+00:00,1,GPU-e3de7dc8-620f-0d1f-8bd9-d047dad41fe1,NVIDIA A30,99,2653,24576,157.55,57
2026-10-09T06:23:27.537529+00:00,2,GPU-e40ecd4c-d662-37cc-a069-2d669471410e,NVIDIA A30,99,2653,24576,159.59,56
2026-10-09T06:23:37.625043+00:00,0,GPU-459c992a-cb19-fec9-a6ff-f14309e0e86a,NVIDIA A30,100,3661,24576,168.16,60
2026-10-09T06:23:37.625043+00:00,1,GPU-e3de7dc8-620f-0d1f-8bd9-d047dad41fe1,NVIDIA A30,100,2653,24576,168.05,57
2026-10-09T06:23:37.625043+00:00,2,GPU-e40ecd4c-d662-37cc-a069-2d669471410e,NVIDIA A30,99,2653,24576,162.05,56
2026-10-09T06:23:47.708304+00:00,0,GPU-459c992a-cb19-fec9-a6ff-f14309e0e86a,NVIDIA A30,100,3661,24576,163.06,60
2026-10-09T06:23:47.708304+00:00,1,GPU-e3de7dc8-620f-0d1f-8bd9-d047dad41fe1,NVIDIA A30,99,2653,24576,159.24,57
2026-10-09T06:23:47.708304+00:00,2,GPU-e40ecd4c-d662-37cc-a069-2d669471410e,NVIDIA A30,100,2653,24576,158.29,56
2026-10-09T06:23:57.807540+00:00,0,GPU-459c992a-cb19-fec9-a6ff-f14309e0e86a,NVIDIA A30,94,3661,24576,162.39,61
2026-10-09T06:23:57.807540+00:00,1,GPU-e3de7dc8-620f-0d1f-8bd9-d047dad41fe1,NVIDIA A30,100,2653,24576,163.41,57
2026-10-09T06:23:57.807540+00:00,2,GPU-e40ecd4c-d662-37cc-a069-2d669471410e,NVIDIA A30,0,2653,24576,36.16,49
2026-10-09T06:24:07.902020+00:00,0,GPU-459c992a-cb19-fec9-a6ff-f14309e0e86a,NVIDIA A30,91,3661,24576,156.14,60
2026-10-09T06:24:07.902020+00:00,1,GPU-e3de7dc8-620f-0d1f-8bd9-d047dad41fe1,NVIDIA A30,99,2653,24576,162.13,57
2026-10-09T06:24:07.902020+00:00,2,GPU-e40ecd4c-d662-37cc-a069-2d669471410e,NVIDIA A30,0,4,24576,32.10,45
2026-10-09T06:24:17.992614+00:00,0,GPU-459c992a-cb19-fec9-a6ff-f14309e0e86a,NVIDIA A30,100,3661,24576,169.59,60
2026-10-09T06:24:17.992614+00:00,1,GPU-e3de7dc8-620f-0d1f-8bd9-d047dad41fe1,NVIDIA A30,98,2653,24576,165.77,57
2026-10-09T06:24:17.992614+00:00,2,GPU-e40ecd4c-d662-37cc-a069-2d669471410e,NVIDIA A30,0,313,24576,33.69,42
2026-10-09T06:24:28.103393+00:00,0,GPU-459c992a-cb19-fec9-a6ff-f14309e0e86a,NVIDIA A30,100,3661,24576,176.14,60
2026-10-09T06:24:28.103393+00:00,1,GPU-e3de7dc8-620f-0d1f-8bd9-d047dad41fe1,NVIDIA A30,0,2653,24576,35.72,48
2026-10-09T06:24:28.103393+00:00,2,GPU-e40ecd4c-d662-37cc-a069-2d669471410e,NVIDIA A30,3,1967,24576,33.10,40
2026-10-09T06:24:38.207737+00:00,0,GPU-459c992a-cb19-fec9-a6ff-f14309e0e86a,NVIDIA A30,98,3661,24576,159.83,61
2026-10-09T06:24:38.207737+00:00,1,GPU-e3de7dc8-620f-0d1f-8bd9-d047dad41fe1,NVIDIA A30,0,4,24576,32.15,44
2026-10-09T06:24:38.207737+00:00,2,GPU-e40ecd4c-d662-37cc-a069-2d669471410e,NVIDIA A30,0,2097,24576,32.90,38
2026-10-09T06:24:48.306317+00:00,0,GPU-459c992a-cb19-fec9-a6ff-f14309e0e86a,NVIDIA A30,0,4,24576,39.07,51
2026-10-09T06:24:48.306317+00:00,1,GPU-e3de7dc8-620f-0d1f-8bd9-d047dad41fe1,NVIDIA A30,0,313,24576,34.26,41
2026-10-09T06:24:48.306317+00:00,2,GPU-e40ecd4c-d662-37cc-a069-2d669471410e,NVIDIA A30,0,4,24576,30.05,37
2026-10-09T06:24:58.434118+00:00,0,GPU-459c992a-cb19-fec9-a6ff-f14309e0e86a,NVIDIA A30,0,313,24576,40.36,48
2026-10-09T06:24:58.434118+00:00,1,GPU-e3de7dc8-620f-0d1f-8bd9-d047dad41fe1,NVIDIA A30,0,333,24576,34.06,39
2026-10-09T06:24:58.434118+00:00,2,GPU-e40ecd4c-d662-37cc-a069-2d669471410e,NVIDIA A30,0,4,24576,29.65,35
2026-10-09T06:25:08.560271+00:00,0,GPU-459c992a-cb19-fec9-a6ff-f14309e0e86a,NVIDIA A30,0,1967,24576,39.17,46
2026-10-09T06:25:08.560271+00:00,1,GPU-e3de7dc8-620f-0d1f-8bd9-d047dad41fe1,NVIDIA A30,0,2057,24576,33.07,37
2026-10-09T06:25:08.560271+00:00,2,GPU-e40ecd4c-d662-37cc-a069-2d669471410e,NVIDIA A30,0,4,24576,29.35,34
2026-10-09T06:25:18.672138+00:00,0,GPU-459c992a-cb19-fec9-a6ff-f14309e0e86a,NVIDIA A30,0,2059,24576,38.17,44
2026-10-09T06:25:18.672138+00:00,1,GPU-e3de7dc8-620f-0d1f-8bd9-d047dad41fe1,NVIDIA A30,0,4,24576,32.77,36
2026-10-09T06:25:18.672138+00:00,2,GPU-e40ecd4c-d662-37cc-a069-2d669471410e,NVIDIA A30,0,4,24576,29.35,33
2026-10-09T06:25:28.785635+00:00,0,GPU-459c992a-cb19-fec9-a6ff-f14309e0e86a,NVIDIA A30,0,2059,24576,37.59,42
2026-10-09T06:25:28.785635+00:00,1,GPU-e3de7dc8-620f-0d1f-8bd9-d047dad41fe1,NVIDIA A30,0,4,24576,29.71,35
2026-10-09T06:25:28.785635+00:00,2,GPU-e40ecd4c-d662-37cc-a069-2d669471410e,NVIDIA A30,0,4,24576,28.96,33
