utc,index,uuid,name,utilization.gpu,memory.used,memory.total,power.draw,temperature.gpu
2026-10-04T20:59:46.870743+00:00,0,GPU-459c992a-cb19-fec9-a6ff-f14309e0e86a,NVIDIA A30,0,1,24576,35.77,36
2026-10-04T20:59:46.870743+00:00,1,GPU-e3de7dc8-620f-0d1f-8bd9-d047dad41fe1,NVIDIA A30,2,1,24576,32.48,32
2026-10-04T20:59:46.870743+00:00,2,GPU-e40ecd4c-d662-37cc-a069-2d669471410e,NVIDIA A30,2,1,24576,32.22,33
2026-10-04T20:59:57.053797+00:00,0,GPU-459c992a-cb19-fec9-a6ff-f14309e0e86a,NVIDIA A30,36,2073,24576,59.41,36
2026-10-04T20:59:57.053797+00:00,1,GPU-e3de7dc8-620f-0d1f-8bd9-d047dad41fe1,NVIDIA A30,0,8427,24576,46.31,32
2026-10-04T20:59:57.053797+00:00,2,GPU-e40ecd4c-d662-37cc-a069-2d669471410e,NVIDIA A30,49,7557,24576,59.21,33
2026-10-04T21:00:02.153823+00:00,0,GPU-459c992a-cb19-fec9-a6ff-f14309e0e86a,NVIDIA A30,57,2083,24576,92.05,39
2026-10-04T21:00:02.153823+00:00,1,GPU-e3de7dc8-620f-0d1f-8bd9-d047dad41fe1,NVIDIA A30,98,8741,24576,176.36,42
2026-10-04T21:00:02.153823+00:00,2,GPU-e40ecd4c-d662-37cc-a069-2d669471410e,NVIDIA A30,98,15459,24576,180.48,40
2026-10-04T21:00:07.268224+00:00,0,GPU-459c992a-cb19-fec9-a6ff-f14309e0e86a,NVIDIA A30,47,2105,24576,94.92,39
2026-10-04T21:00:07.268224+00:00,1,GPU-e3de7dc8-620f-0d1f-8bd9-d047dad41fe1,NVIDIA A30,98,8881,24576,147.84,43
2026-10-04T21:00:07.268224+00:00,2,GPU-e40ecd4c-d662-37cc-a069-2d669471410e,NVIDIA A30,98,15459,24576,158.29,41
2026-10-04T21:00:12.372610+00:00,0,GPU-459c992a-cb19-fec9-a6ff-f14309e0e86a,NVIDIA A30,44,2105,24576,89.70,40
2026-10-04T21:00:12.372610+00:00,1,GPU-e3de7dc8-620f-0d1f-8bd9-d047dad41fe1,NVIDIA A30,98,8881,24576,170.77,45
2026-10-04T21:00:12.372610+00:00,2,GPU-e40ecd4c-d662-37cc-a069-2d669471410e,NVIDIA A30,100,15459,24576,163.35,43
2026-10-04T21:00:17.479197+00:00,0,GPU-459c992a-cb19-fec9-a6ff-f14309e0e86a,NVIDIA A30,1,2105,24576,58.83,39
2026-10-04T21:00:17.479197+00:00,1,GPU-e3de7dc8-620f-0d1f-8bd9-d047dad41fe1,NVIDIA A30,97,8881,24576,152.80,46
2026-10-04T21:00:17.479197+00:00,2,GPU-e40ecd4c-d662-37cc-a069-2d669471410e,NVIDIA A30,100,15459,24576,164.78,44
2026-10-04T21:00:22.588265+00:00,0,GPU-459c992a-cb19-fec9-a6ff-f14309e0e86a,NVIDIA A30,53,2105,24576,86.40,40
2026-10-04T21:00:22.588265+00:00,1,GPU-e3de7dc8-620f-0d1f-8bd9-d047dad41fe1,NVIDIA A30,98,8881,24576,152.52,47
2026-10-04T21:00:22.588265+00:00,2,GPU-e40ecd4c-d662-37cc-a069-2d669471410e,NVIDIA A30,100,15459,24576,165.28,45
2026-10-04T21:00:27.692168+00:00,0,GPU-459c992a-cb19-fec9-a6ff-f14309e0e86a,NVIDIA A30,41,2105,24576,83.55,41
2026-10-04T21:00:27.692168+00:00,1,GPU-e3de7dc8-620f-0d1f-8bd9-d047dad41fe1,NVIDIA A30,98,8881,24576,166.55,48
2026-10-04T21:00:27.692168+00:00,2,GPU-e40ecd4c-d662-37cc-a069-2d669471410e,NVIDIA A30,100,15459,24576,175.39,46
2026-10-04T21:00:32.793865+00:00,0,GPU-459c992a-cb19-fec9-a6ff-f14309e0e86a,NVIDIA A30,56,2105,24576,94.60,41
2026-10-04T21:00:32.793865+00:00,1,GPU-e3de7dc8-620f-0d1f-8bd9-d047dad41fe1,NVIDIA A30,97,8881,24576,158.31,49
2026-10-04T21:00:32.793865+00:00,2,GPU-e40ecd4c-d662-37cc-a069-2d669471410e,NVIDIA A30,98,15459,24576,158.43,47
2026-10-04T21:00:37.911092+00:00,0,GPU-459c992a-cb19-fec9-a6ff-f14309e0e86a,NVIDIA A30,51,2105,24576,82.22,42
2026-10-04T21:00:37.911092+00:00,1,GPU-e3de7dc8-620f-0d1f-8bd9-d047dad41fe1,NVIDIA A30,97,8881,24576,165.66,50
2026-10-04T21:00:37.911092+00:00,2,GPU-e40ecd4c-d662-37cc-a069-2d669471410e,NVIDIA A30,98,15459,24576,168.81,48
2026-10-04T21:00:43.011075+00:00,0,GPU-459c992a-cb19-fec9-a6ff-f14309e0e86a,NVIDIA A30,61,2105,24576,99.98,42
2026-10-04T21:00:43.011075+00:00,1,GPU-e3de7dc8-620f-0d1f-8bd9-d047dad41fe1,NVIDIA A30,97,8881,24576,146.70,50
2026-10-04T21:00:43.011075+00:00,2,GPU-e40ecd4c-d662-37cc-a069-2d669471410e,NVIDIA A30,100,15459,24576,157.99,48
2026-10-04T21:00:48.113275+00:00,0,GPU-459c992a-cb19-fec9-a6ff-f14309e0e86a,NVIDIA A30,60,2105,24576,94.31,42
2026-10-04T21:00:48.113275+00:00,1,GPU-e3de7dc8-620f-0d1f-8bd9-d047dad41fe1,NVIDIA A30,97,8881,24576,140.57,51
2026-10-04T21:00:48.113275+00:00,2,GPU-e40ecd4c-d662-37cc-a069-2d669471410e,NVIDIA A30,100,15459,24576,158.81,49
2026-10-04T21:00:53.218319+00:00,0,GPU-459c992a-cb19-fec9-a6ff-f14309e0e86a,NVIDIA A30,46,2105,24576,90.69,42
2026-10-04T21:00:53.218319+00:00,1,GPU-e3de7dc8-620f-0d1f-8bd9-d047dad41fe1,NVIDIA A30,97,8881,24576,178.70,51
2026-10-04T21:00:53.218319+00:00,2,GPU-e40ecd4c-d662-37cc-a069-2d669471410e,NVIDIA A30,97,15459,24576,163.03,49
2026-10-04T21:00:58.324203+00:00,0,GPU-459c992a-cb19-fec9-a6ff-f14309e0e86a,NVIDIA A30,14,2105,24576,76.19,42
2026-10-04T21:00:58.324203+00:00,1,GPU-e3de7dc8-620f-0d1f-8bd9-d047dad41fe1,NVIDIA A30,97,8881,24576,164.83,52
2026-10-04T21:00:58.324203+00:00,2,GPU-e40ecd4c-d662-37cc-a069-2d669471410e,NVIDIA A30,98,15459,24576,161.19,50
2026-10-04T21:01:03.436602+00:00,0,GPU-459c992a-cb19-fec9-a6ff-f14309e0e86a,NVIDIA A30,59,2105,24576,102.06,43
2026-10-04T21:01:03.436602+00:00,1,GPU-e3de7dc8-620f-0d1f-8bd9-d047dad41fe1,NVIDIA A30,98,8881,24576,169.88,52
2026-10-04T21:01:03.436602+00:00,2,GPU-e40ecd4c-d662-37cc-a069-2d669471410e,NVIDIA A30,98,15459,24576,162.61,50
2026-10-04T21:01:08.550675+00:00,0,GPU-459c992a-cb19-fec9-a6ff-f14309e0e86a,NVIDIA A30,0,2105,24576,57.49,41
2026-10-04T21:01:08.550675+00:00,1,GPU-e3de7dc8-620f-0d1f-8bd9-d047dad41fe1,NVIDIA A30,97,8881,24576,163.86,53
2026-10-04T21:01:08.550675+00:00,2,GPU-e40ecd4c-d662-37cc-a069-2d669471410e,NVIDIA A30,98,15459,24576,163.96,51
2026-10-04T21:01:13.675571+00:00,0,GPU-459c992a-cb19-fec9-a6ff-f14309e0e86a,NVIDIA A30,0,0,24576,33.98,39
2026-10-04T21:01:13.675571+00:00,1,GPU-e3de7dc8-620f-0d1f-8bd9-d047dad41fe1,NVIDIA A30,97,8881,24576,167.78,53
2026-10-04T21:01:13.675571+00:00,2,GPU-e40ecd4c-d662-37cc-a069-2d669471410e,NVIDIA A30,98,15459,24576,157.19,51
2026-10-04T21:01:18.783846+00:00,0,GPU-459c992a-cb19-fec9-a6ff-f14309e0e86a,NVIDIA A30,0,1809,24576,36.14,38
2026-10-04T21:01:18.783846+00:00,1,GPU-e3de7dc8-620f-0d1f-8bd9-d047dad41fe1,NVIDIA A30,97,8881,24576,174.05,53
2026-10-04T21:01:18.783846+00:00,2,GPU-e40ecd4c-d662-37cc-a069-2d669471410e,NVIDIA A30,97,15459,24576,157.65,51
2026-10-04T21:01:23.888753+00:00,0,GPU-459c992a-cb19-fec9-a6ff-f14309e0e86a,NVIDIA A30,77,1965,24576,119.19,44
2026-10-04T21:01:23.888753+00:00,1,GPU-e3de7dc8-620f-0d1f-8bd9-d047dad41fe1,NVIDIA A30,98,8881,24576,166.21,54
2026-10-04T21:01:23.888753+00:00,2,GPU-e40ecd4c-d662-37cc-a069-2d669471410e,NVIDIA A30,97,15459,24576,156.24,52
2026-10-04T21:01:29.004773+00:00,0,GPU-459c992a-cb19-fec9-a6ff-f14309e0e86a,NVIDIA A30,79,1965,24576,120.12,44
2026-10-04T21:01:29.004773+00:00,1,GPU-e3de7dc8-620f-0d1f-8bd9-d047dad41fe1,NVIDIA A30,99,8881,24576,159.03,54
2026-10-04T21:01:29.004773+00:00,2,GPU-e40ecd4c-d662-37cc-a069-2d669471410e,NVIDIA A30,100,15459,24576,162.96,52
2026-10-04T21:01:34.113214+00:00,0,GPU-459c992a-cb19-fec9-a6ff-f14309e0e86a,NVIDIA A30,78,1965,24576,105.95,45
2026-10-04T21:01:34.113214+00:00,1,GPU-e3de7dc8-620f-0d1f-8bd9-d047dad41fe1,NVIDIA A30,100,8881,24576,174.04,54
2026-10-04T21:01:34.113214+00:00,2,GPU-e40ecd4c-d662-37cc-a069-2d669471410e,NVIDIA A30,100,15459,24576,164.29,52
2026-10-04T21:01:39.231814+00:00,0,GPU-459c992a-cb19-fec9-a6ff-f14309e0e86a,NVIDIA A30,77,1965,24576,123.28,45
2026-10-04T21:01:39.231814+00:00,1,GPU-e3de7dc8-620f-0d1f-8bd9-d047dad41fe1,NVIDIA A30,98,8881,24576,156.56,54
2026-10-04T21:01:39.231814+00:00,2,GPU-e40ecd4c-d662-37cc-a069-2d669471410e,NVIDIA A30,98,15459,24576,149.35,52
2026-10-04T21:01:44.349854+00:00,0,GPU-459c992a-cb19-fec9-a6ff-f14309e0e86a,NVIDIA A30,78,1965,24576,122.34,46
2026-10-04T21:01:44.349854+00:00,1,GPU-e3de7dc8-620f-0d1f-8bd9-d047dad41fe1,NVIDIA A30,97,8881,24576,173.32,55
2026-10-04T21:01:44.349854+00:00,2,GPU-e40ecd4c-d662-37cc-a069-2d669471410e,NVIDIA A30,98,15459,24576,146.60,53
2026-10-04T21:01:49.467264+00:00,0,GPU-459c992a-cb19-fec9-a6ff-f14309e0e86a,NVIDIA A30,76,1965,24576,122.96,46
2026-10-04T21:01:49.467264+00:00,1,GPU-e3de7dc8-620f-0d1f-8bd9-d047dad41fe1,NVIDIA A30,12,0,24576,55.36,45
2026-10-04T21:01:49.467264+00:00,2,GPU-e40ecd4c-d662-37cc-a069-2d669471410e,NVIDIA A30,97,15459,24576,173.69,53
2026-10-04T21:01:54.579021+00:00,0,GPU-459c992a-cb19-fec9-a6ff-f14309e0e86a,NVIDIA A30,79,1965,24576,111.50,47
2026-10-04T21:01:54.579021+00:00,1,GPU-e3de7dc8-620f-0d1f-8bd9-d047dad41fe1,NVIDIA A30,0,4,24576,31.94,42
2026-10-04T21:01:54.579021+00:00,2,GPU-e40ecd4c-d662-37cc-a069-2d669471410e,NVIDIA A30,98,15459,24576,164.56,53
2026-10-04T21:01:59.697573+00:00,0,GPU-459c992a-cb19-fec9-a6ff-f14309e0e86a,NVIDIA A30,78,1965,24576,117.58,47
2026-10-04T21:01:59.697573+00:00,1,GPU-e3de7dc8-620f-0d1f-8bd9-d047dad41fe1,NVIDIA A30,36,7523,24576,34.81,41
2026-10-04T21:01:59.697573+00:00,2,GPU-e40ecd4c-d662-37cc-a069-2d669471410e,NVIDIA A30,98,15459,24576,160.46,53
2026-10-04T21:02:04.802430+00:00,0,GPU-459c992a-cb19-fec9-a6ff-f14309e0e86a,NVIDIA A30,78,1965,24576,113.17,47
2026-10-04T21:02:04.802430+00:00,1,GPU-e3de7dc8-620f-0d1f-8bd9-d047dad41fe1,NVIDIA A30,98,8741,24576,136.60,50
2026-10-04T21:02:04.802430+00:00,2,GPU-e40ecd4c-d662-37cc-a069-2d669471410e,NVIDIA A30,100,15459,24576,170.82,54
2026-10-04T21:02:09.915296+00:00,0,GPU-459c992a-cb19-fec9-a6ff-f14309e0e86a,NVIDIA A30,77,1965,24576,113.80,48
2026-10-04T21:02:09.915296+00:00,1,GPU-e3de7dc8-620f-0d1f-8bd9-d047dad41fe1,NVIDIA A30,99,8881,24576,164.79,52
2026-10-04T21:02:09.915296+00:00,2,GPU-e40ecd4c-d662-37cc-a069-2d669471410e,NVIDIA A30,98,15459,24576,171.55,54
2026-10-04T21:02:15.025245+00:00,0,GPU-459c992a-cb19-fec9-a6ff-f14309e0e86a,NVIDIA A30,40,0,24576,37.92,43
2026-10-04T21:02:15.025245+00:00,1,GPU-e3de7dc8-620f-0d1f-8bd9-d047dad41fe1,NVIDIA A30,97,8881,24576,158.49,52
2026-10-04T21:02:15.025245+00:00,2,GPU-e40ecd4c-d662-37cc-a069-2d669471410e,NVIDIA A30,98,15459,24576,159.72,54
2026-10-04T21:02:20.130592+00:00,0,GPU-459c992a-cb19-fec9-a6ff-f14309e0e86a,NVIDIA A30,0,4,24576,35.16,41
2026-10-04T21:02:20.130592+00:00,1,GPU-e3de7dc8-620f-0d1f-8bd9-d047dad41fe1,NVIDIA A30,98,8881,24576,146.71,52
2026-10-04T21:02:20.130592+00:00,2,GPU-e40ecd4c-d662-37cc-a069-2d669471410e,NVIDIA A30,100,15459,24576,154.83,54
2026-10-04T21:02:25.240742+00:00,0,GPU-459c992a-cb19-fec9-a6ff-f14309e0e86a,NVIDIA A30,21,2075,24576,93.59,43
2026-10-04T21:02:25.240742+00:00,1,GPU-e3de7dc8-620f-0d1f-8bd9-d047dad41fe1,NVIDIA A30,97,8881,24576,164.75,53
2026-10-04T21:02:25.240742+00:00,2,GPU-e40ecd4c-d662-37cc-a069-2d669471410e,NVIDIA A30,100,15459,24576,189.59,54
2026-10-04T21:02:30.342432+00:00,0,GPU-459c992a-cb19-fec9-a6ff-f14309e0e86a,NVIDIA A30,57,2103,24576,96.40,44
2026-10-04T21:02:30.342432+00:00,1,GPU-e3de7dc8-620f-0d1f-8bd9-d047dad41fe1,NVIDIA A30,98,8881,24576,162.95,53
2026-10-04T21:02:30.342432+00:00,2,GPU-e40ecd4c-d662-37cc-a069-2d669471410e,NVIDIA A30,97,15459,24576,167.19,54
2026-10-04T21:02:35.450178+00:00,0,GPU-459c992a-cb19-fec9-a6ff-f14309e0e86a,NVIDIA A30,50,2105,24576,102.75,44
2026-10-04T21:02:35.450178+00:00,1,GPU-e3de7dc8-620f-0d1f-8bd9-d047dad41fe1,NVIDIA A30,98,8881,24576,167.15,54
2026-10-04T21:02:35.450178+00:00,2,GPU-e40ecd4c-d662-37cc-a069-2d669471410e,NVIDIA A30,98,15459,24576,163.32,54
2026-10-04T21:02:40.561090+00:00,0,GPU-459c992a-cb19-fec9-a6ff-f14309e0e86a,NVIDIA A30,58,2105,24576,103.40,44
2026-10-04T21:02:40.561090+00:00,1,GPU-e3de7dc8-620f-0d1f-8bd9-d047dad41fe1,NVIDIA A30,98,8881,24576,165.23,54
2026-10-04T21:02:40.561090+00:00,2,GPU-e40ecd4c-d662-37cc-a069-2d669471410e,NVIDIA A30,0,15459,24576,57.43,50
2026-10-04T21:02:45.660057+00:00,0,GPU-459c992a-cb19-fec9-a6ff-f14309e0e86a,NVIDIA A30,56,2105,24576,103.04,45
2026-10-04T21:02:45.660057+00:00,1,GPU-e3de7dc8-620f-0d1f-8bd9-d047dad41fe1,NVIDIA A30,98,8881,24576,172.05,54
2026-10-04T21:02:45.660057+00:00,2,GPU-e40ecd4c-d662-37cc-a069-2d669471410e,NVIDIA A30,0,0,24576,32.51,46
2026-10-04T21:02:50.765107+00:00,0,GPU-459c992a-cb19-fec9-a6ff-f14309e0e86a,NVIDIA A30,57,2105,24576,87.55,44
2026-10-04T21:02:50.765107+00:00,1,GPU-e3de7dc8-620f-0d1f-8bd9-d047dad41fe1,NVIDIA A30,98,8881,24576,166.10,55
2026-10-04T21:02:50.765107+00:00,2,GPU-e40ecd4c-d662-37cc-a069-2d669471410e,NVIDIA A30,40,7473,24576,59.67,45
2026-10-04T21:02:55.870176+00:00,0,GPU-459c992a-cb19-fec9-a6ff-f14309e0e86a,NVIDIA A30,22,2105,24576,91.13,44
2026-10-04T21:02:55.870176+00:00,1,GPU-e3de7dc8-620f-0d1f-8bd9-d047dad41fe1,NVIDIA A30,98,8881,24576,167.56,55
2026-10-04T21:02:55.870176+00:00,2,GPU-e40ecd4c-d662-37cc-a069-2d669471410e,NVIDIA A30,97,15459,24576,172.64,50
2026-10-04T21:03:00.977767+00:00,0,GPU-459c992a-cb19-fec9-a6ff-f14309e0e86a,NVIDIA A30,58,2105,24576,91.43,45
2026-10-04T21:03:00.977767+00:00,1,GPU-e3de7dc8-620f-0d1f-8bd9-d047dad41fe1,NVIDIA A30,98,8881,24576,155.26,55
2026-10-04T21:03:00.977767+00:00,2,GPU-e40ecd4c-d662-37cc-a069-2d669471410e,NVIDIA A30,100,15459,24576,174.39,51
2026-10-04T21:03:06.078862+00:00,0,GPU-459c992a-cb19-fec9-a6ff-f14309e0e86a,NVIDIA A30,41,2105,24576,101.60,45
2026-10-04T21:03:06.078862+00:00,1,GPU-e3de7dc8-620f-0d1f-8bd9-d047dad41fe1,NVIDIA A30,97,8881,24576,157.86,55
2026-10-04T21:03:06.078862+00:00,2,GPU-e40ecd4c-d662-37cc-a069-2d669471410e,NVIDIA A30,97,15459,24576,167.12,52
2026-10-04T21:03:11.187969+00:00,0,GPU-459c992a-cb19-fec9-a6ff-f14309e0e86a,NVIDIA A30,51,2105,24576,99.77,45
2026-10-04T21:03:11.187969+00:00,1,GPU-e3de7dc8-620f-0d1f-8bd9-d047dad41fe1,NVIDIA A30,100,8881,24576,153.41,56
2026-10-04T21:03:11.187969+00:00,2,GPU-e40ecd4c-d662-37cc-a069-2d669471410e,NVIDIA A30,97,15459,24576,163.56,52
2026-10-04T21:03:16.293445+00:00,0,GPU-459c992a-cb19-fec9-a6ff-f14309e0e86a,NVIDIA A30,58,2105,24576,96.82,45
2026-10-04T21:03:16.293445+00:00,1,GPU-e3de7dc8-620f-0d1f-8bd9-d047dad41fe1,NVIDIA A30,98,8881,24576,156.38,56
2026-10-04T21:03:16.293445+00:00,2,GPU-e40ecd4c-d662-37cc-a069-2d669471410e,NVIDIA A30,97,15459,24576,152.10,52
2026-10-04T21:03:21.398920+00:00,0,GPU-459c992a-cb19-fec9-a6ff-f14309e0e86a,NVIDIA A30,54,2105,24576,103.68,45
2026-10-04T21:03:21.398920+00:00,1,GPU-e3de7dc8-620f-0d1f-8bd9-d047dad41fe1,NVIDIA A30,98,8881,24576,168.46,56
2026-10-04T21:03:21.398920+00:00,2,GPU-e40ecd4c-d662-37cc-a069-2d669471410e,NVIDIA A30,100,15459,24576,167.88,53
2026-10-04T21:03:26.500158+00:00,0,GPU-459c992a-cb19-fec9-a6ff-f14309e0e86a,NVIDIA A30,42,2105,24576,87.70,45
2026-10-04T21:03:26.500158+00:00,1,GPU-e3de7dc8-620f-0d1f-8bd9-d047dad41fe1,NVIDIA A30,98,8881,24576,174.00,56
2026-10-04T21:03:26.500158+00:00,2,GPU-e40ecd4c-d662-37cc-a069-2d669471410e,NVIDIA A30,97,15459,24576,163.76,53
2026-10-04T21:03:31.608262+00:00,0,GPU-459c992a-cb19-fec9-a6ff-f14309e0e86a,NVIDIA A30,45,2105,24576,91.28,45
2026-10-04T21:03:31.608262+00:00,1,GPU-e3de7dc8-620f-0d1f-8bd9-d047dad41fe1,NVIDIA A30,98,8881,24576,162.46,56
2026-10-04T21:03:31.608262+00:00,2,GPU-e40ecd4c-d662-37cc-a069-2d669471410e,NVIDIA A30,98,15459,24576,169.16,53
2026-10-04T21:03:36.712966+00:00,0,GPU-459c992a-cb19-fec9-a6ff-f14309e0e86a,NVIDIA A30,0,2105,24576,59.25,43
2026-10-04T21:03:36.712966+00:00,1,GPU-e3de7dc8-620f-0d1f-8bd9-d047dad41fe1,NVIDIA A30,98,8881,24576,160.86,56
2026-10-04T21:03:36.712966+00:00,2,GPU-e40ecd4c-d662-37cc-a069-2d669471410e,NVIDIA A30,97,15459,24576,172.74,53
2026-10-04T21:03:41.814960+00:00,0,GPU-459c992a-cb19-fec9-a6ff-f14309e0e86a,NVIDIA A30,0,0,24576,34.58,40
2026-10-04T21:03:41.814960+00:00,1,GPU-e3de7dc8-620f-0d1f-8bd9-d047dad41fe1,NVIDIA A30,97,8881,24576,164.90,56
2026-10-04T21:03:41.814960+00:00,2,GPU-e40ecd4c-d662-37cc-a069-2d669471410e,NVIDIA A30,97,15459,24576,171.51,54
2026-10-04T21:03:46.920865+00:00,0,GPU-459c992a-cb19-fec9-a6ff-f14309e0e86a,NVIDIA A30,76,1965,24576,104.47,42
2026-10-04T21:03:46.920865+00:00,1,GPU-e3de7dc8-620f-0d1f-8bd9-d047dad41fe1,NVIDIA A30,98,8881,24576,158.55,56
2026-10-04T21:03:46.920865+00:00,2,GPU-e40ecd4c-d662-37cc-a069-2d669471410e,NVIDIA A30,97,15459,24576,174.55,54
2026-10-04T21:03:52.022581+00:00,0,GPU-459c992a-cb19-fec9-a6ff-f14309e0e86a,NVIDIA A30,77,1965,24576,116.63,45
2026-10-04T21:03:52.022581+00:00,1,GPU-e3de7dc8-620f-0d1f-8bd9-d047dad41fe1,NVIDIA A30,0,8881,24576,35.61,47
2026-10-04T21:03:52.022581+00:00,2,GPU-e40ecd4c-d662-37cc-a069-2d669471410e,NVIDIA A30,98,15459,24576,158.71,54
2026-10-04T21:03:57.122169+00:00,0,GPU-459c992a-cb19-fec9-a6ff-f14309e0e86a,NVIDIA A30,77,1965,24576,111.94,46
2026-10-04T21:03:57.122169+00:00,1,GPU-e3de7dc8-620f-0d1f-8bd9-d047dad41fe1,NVIDIA A30,0,0,24576,32.43,45
2026-10-04T21:03:57.122169+00:00,2,GPU-e40ecd4c-d662-37cc-a069-2d669471410e,NVIDIA A30,100,15459,24576,152.19,54
2026-10-04T21:04:02.226411+00:00,0,GPU-459c992a-cb19-fec9-a6ff-f14309e0e86a,NVIDIA A30,75,1965,24576,120.30,46
2026-10-04T21:04:02.226411+00:00,1,GPU-e3de7dc8-620f-0d1f-8bd9-d047dad41fe1,NVIDIA A30,25,8355,24576,54.18,44
2026-10-04T21:04:02.226411+00:00,2,GPU-e40ecd4c-d662-37cc-a069-2d669471410e,NVIDIA A30,100,15459,24576,175.99,54
2026-10-04T21:04:07.340459+00:00,0,GPU-459c992a-cb19-fec9-a6ff-f14309e0e86a,NVIDIA A30,77,1965,24576,114.85,47
2026-10-04T21:04:07.340459+00:00,1,GPU-e3de7dc8-620f-0d1f-8bd9-d047dad41fe1,NVIDIA A30,98,8741,24576,165.52,52
2026-10-04T21:04:07.340459+00:00,2,GPU-e40ecd4c-d662-37cc-a069-2d669471410e,NVIDIA A30,97,15459,24576,147.95,54
2026-10-04T21:04:12.448402+00:00,0,GPU-459c992a-cb19-fec9-a6ff-f14309e0e86a,NVIDIA A30,76,1965,24576,111.99,47
2026-10-04T21:04:12.448402+00:00,1,GPU-e3de7dc8-620f-0d1f-8bd9-d047dad41fe1,NVIDIA A30,98,8881,24576,168.42,53
2026-10-04T21:04:12.448402+00:00,2,GPU-e40ecd4c-d662-37cc-a069-2d669471410e,NVIDIA A30,97,15459,24576,161.29,55
2026-10-04T21:04:17.559006+00:00,0,GPU-459c992a-cb19-fec9-a6ff-f14309e0e86a,NVIDIA A30,77,1965,24576,122.82,47
2026-10-04T21:04:17.559006+00:00,1,GPU-e3de7dc8-620f-0d1f-8bd9-d047dad41fe1,NVIDIA A30,98,8881,24576,152.71,54
2026-10-04T21:04:17.559006+00:00,2,GPU-e40ecd4c-d662-37cc-a069-2d669471410e,NVIDIA A30,100,15459,24576,179.25,55
2026-10-04T21:04:22.660784+00:00,0,GPU-459c992a-cb19-fec9-a6ff-f14309e0e86a,NVIDIA A30,76,1965,24576,127.37,48
2026-10-04T21:04:22.660784+00:00,1,GPU-e3de7dc8-620f-0d1f-8bd9-d047dad41fe1,NVIDIA A30,98,8881,24576,153.29,54
2026-10-04T21:04:22.660784+00:00,2,GPU-e40ecd4c-d662-37cc-a069-2d669471410e,NVIDIA A30,99,15459,24576,162.95,55
2026-10-04T21:04:27.773801+00:00,0,GPU-459c992a-cb19-fec9-a6ff-f14309e0e86a,NVIDIA A30,77,1965,24576,119.82,48
2026-10-04T21:04:27.773801+00:00,1,GPU-e3de7dc8-620f-0d1f-8bd9-d047dad41fe1,NVIDIA A30,100,8881,24576,160.46,55
2026-10-04T21:04:27.773801+00:00,2,GPU-e40ecd4c-d662-37cc-a069-2d669471410e,NVIDIA A30,100,15459,24576,149.98,55
2026-10-04T21:04:32.904513+00:00,0,GPU-459c992a-cb19-fec9-a6ff-f14309e0e86a,NVIDIA A30,76,1965,24576,116.71,48
2026-10-04T21:04:32.904513+00:00,1,GPU-e3de7dc8-620f-0d1f-8bd9-d047dad41fe1,NVIDIA A30,100,8881,24576,164.29,55
2026-10-04T21:04:32.904513+00:00,2,GPU-e40ecd4c-d662-37cc-a069-2d669471410e,NVIDIA A30,99,15459,24576,158.05,55
2026-10-04T21:04:38.028357+00:00,0,GPU-459c992a-cb19-fec9-a6ff-f14309e0e86a,NVIDIA A30,76,1965,24576,108.00,48
2026-10-04T21:04:38.028357+00:00,1,GPU-e3de7dc8-620f-0d1f-8bd9-d047dad41fe1,NVIDIA A30,98,8881,24576,164.39,55
2026-10-04T21:04:38.028357+00:00,2,GPU-e40ecd4c-d662-37cc-a069-2d669471410e,NVIDIA A30,100,15459,24576,162.51,55
2026-10-04T21:04:43.154275+00:00,0,GPU-459c992a-cb19-fec9-a6ff-f14309e0e86a,NVIDIA A30,0,0,24576,38.12,43
2026-10-04T21:04:43.154275+00:00,1,GPU-e3de7dc8-620f-0d1f-8bd9-d047dad41fe1,NVIDIA A30,99,8881,24576,173.07,55
2026-10-04T21:04:43.154275+00:00,2,GPU-e40ecd4c-d662-37cc-a069-2d669471410e,NVIDIA A30,97,15459,24576,158.86,55
2026-10-04T21:04:48.272169+00:00,0,GPU-459c992a-cb19-fec9-a6ff-f14309e0e86a,NVIDIA A30,0,0,24576,35.06,42
2026-10-04T21:04:48.272169+00:00,1,GPU-e3de7dc8-620f-0d1f-8bd9-d047dad41fe1,NVIDIA A30,98,8881,24576,172.33,56
2026-10-04T21:04:48.272169+00:00,2,GPU-e40ecd4c-d662-37cc-a069-2d669471410e,NVIDIA A30,98,15459,24576,178.40,55
2026-10-04T21:04:53.397424+00:00,0,GPU-459c992a-cb19-fec9-a6ff-f14309e0e86a,NVIDIA A30,0,1811,24576,37.35,41
2026-10-04T21:04:53.397424+00:00,1,GPU-e3de7dc8-620f-0d1f-8bd9-d047dad41fe1,NVIDIA A30,98,8881,24576,172.43,56
2026-10-04T21:04:53.397424+00:00,2,GPU-e40ecd4c-d662-37cc-a069-2d669471410e,NVIDIA A30,98,15459,24576,168.38,55
2026-10-04T21:04:58.508409+00:00,0,GPU-459c992a-cb19-fec9-a6ff-f14309e0e86a,NVIDIA A30,38,2085,24576,98.30,44
2026-10-04T21:04:58.508409+00:00,1,GPU-e3de7dc8-620f-0d1f-8bd9-d047dad41fe1,NVIDIA A30,98,8881,24576,168.03,56
2026-10-04T21:04:58.508409+00:00,2,GPU-e40ecd4c-d662-37cc-a069-2d669471410e,NVIDIA A30,98,15459,24576,170.53,55
2026-10-04T21:05:03.634818+00:00,0,GPU-459c992a-cb19-fec9-a6ff-f14309e0e86a,NVIDIA A30,53,2105,24576,91.24,44
2026-10-04T21:05:03.634818+00:00,1,GPU-e3de7dc8-620f-0d1f-8bd9-d047dad41fe1,NVIDIA A30,98,8881,24576,163.75,56
2026-10-04T21:05:03.634818+00:00,2,GPU-e40ecd4c-d662-37cc-a069-2d669471410e,NVIDIA A30,96,15459,24576,165.93,55
2026-10-04T21:05:08.758705+00:00,0,GPU-459c992a-cb19-fec9-a6ff-f14309e0e86a,NVIDIA A30,39,2105,24576,108.43,45
2026-10-04T21:05:08.758705+00:00,1,GPU-e3de7dc8-620f-0d1f-8bd9-d047dad41fe1,NVIDIA A30,98,8881,24576,173.66,56
2026-10-04T21:05:08.758705+00:00,2,GPU-e40ecd4c-d662-37cc-a069-2d669471410e,NVIDIA A30,97,15459,24576,148.12,55
2026-10-04T21:05:13.886619+00:00,0,GPU-459c992a-cb19-fec9-a6ff-f14309e0e86a,NVIDIA A30,53,2105,24576,89.91,45
2026-10-04T21:05:13.886619+00:00,1,GPU-e3de7dc8-620f-0d1f-8bd9-d047dad41fe1,NVIDIA A30,98,8881,24576,169.05,57
2026-10-04T21:05:13.886619+00:00,2,GPU-e40ecd4c-d662-37cc-a069-2d669471410e,NVIDIA A30,100,15459,24576,117.14,55
2026-10-04T21:05:19.005359+00:00,0,GPU-459c992a-cb19-fec9-a6ff-f14309e0e86a,NVIDIA A30,55,2105,24576,104.28,45
2026-10-04T21:05:19.005359+00:00,1,GPU-e3de7dc8-620f-0d1f-8bd9-d047dad41fe1,NVIDIA A30,97,8881,24576,173.22,57
2026-10-04T21:05:19.005359+00:00,2,GPU-e40ecd4c-d662-37cc-a069-2d669471410e,NVIDIA A30,100,15459,24576,160.37,55
2026-10-04T21:05:24.111856+00:00,0,GPU-459c992a-cb19-fec9-a6ff-f14309e0e86a,NVIDIA A30,42,2105,24576,86.60,45
2026-10-04T21:05:24.111856+00:00,1,GPU-e3de7dc8-620f-0d1f-8bd9-d047dad41fe1,NVIDIA A30,97,8881,24576,175.27,57
2026-10-04T21:05:24.111856+00:00,2,GPU-e40ecd4c-d662-37cc-a069-2d669471410e,NVIDIA A30,100,15459,24576,167.73,55
2026-10-04T21:05:29.227921+00:00,0,GPU-459c992a-cb19-fec9-a6ff-f14309e0e86a,NVIDIA A30,37,2105,24576,97.41,45
2026-10-04T21:05:29.227921+00:00,1,GPU-e3de7dc8-620f-0d1f-8bd9-d047dad41fe1,NVIDIA A30,98,8881,24576,159.97,57
2026-10-04T21:05:29.227921+00:00,2,GPU-e40ecd4c-d662-37cc-a069-2d669471410e,NVIDIA A30,97,15459,24576,180.05,55
2026-10-04T21:05:34.336553+00:00,0,GPU-459c992a-cb19-fec9-a6ff-f14309e0e86a,NVIDIA A30,46,2105,24576,96.59,45
2026-10-04T21:05:34.336553+00:00,1,GPU-e3de7dc8-620f-0d1f-8bd9-d047dad41fe1,NVIDIA A30,98,8881,24576,159.03,57
2026-10-04T21:05:34.336553+00:00,2,GPU-e40ecd4c-d662-37cc-a069-2d669471410e,NVIDIA A30,97,15459,24576,161.10,55
2026-10-04T21:05:39.443929+00:00,0,GPU-459c992a-cb19-fec9-a6ff-f14309e0e86a,NVIDIA A30,37,2105,24576,93.56,45
2026-10-04T21:05:39.443929+00:00,1,GPU-e3de7dc8-620f-0d1f-8bd9-d047dad41fe1,NVIDIA A30,98,8881,24576,153.69,57
2026-10-04T21:05:39.443929+00:00,2,GPU-e40ecd4c-d662-37cc-a069-2d669471410e,NVIDIA A30,18,0,24576,37.06,48
2026-10-04T21:05:44.564151+00:00,0,GPU-459c992a-cb19-fec9-a6ff-f14309e0e86a,NVIDIA A30,57,2105,24576,113.21,45
2026-10-04T21:05:44.564151+00:00,1,GPU-e3de7dc8-620f-0d1f-8bd9-d047dad41fe1,NVIDIA A30,98,8881,24576,165.60,57
2026-10-04T21:05:44.564151+00:00,2,GPU-e40ecd4c-d662-37cc-a069-2d669471410e,NVIDIA A30,0,4,24576,32.51,46
2026-10-04T21:05:49.678711+00:00,0,GPU-459c992a-cb19-fec9-a6ff-f14309e0e86a,NVIDIA A30,53,2105,24576,114.13,46
2026-10-04T21:05:49.678711+00:00,1,GPU-e3de7dc8-620f-0d1f-8bd9-d047dad41fe1,NVIDIA A30,98,8881,24576,152.95,57
2026-10-04T21:05:49.678711+00:00,2,GPU-e40ecd4c-d662-37cc-a069-2d669471410e,NVIDIA A30,48,7563,24576,57.32,46
2026-10-04T21:05:54.792363+00:00,0,GPU-459c992a-cb19-fec9-a6ff-f14309e0e86a,NVIDIA A30,35,2105,24576,110.06,45
2026-10-04T21:05:54.792363+00:00,1,GPU-e3de7dc8-620f-0d1f-8bd9-d047dad41fe1,NVIDIA A30,0,0,24576,56.94,48
2026-10-04T21:05:54.792363+00:00,2,GPU-e40ecd4c-d662-37cc-a069-2d669471410e,NVIDIA A30,98,15459,24576,165.79,51
2026-10-04T21:05:59.892406+00:00,0,GPU-459c992a-cb19-fec9-a6ff-f14309e0e86a,NVIDIA A30,50,2105,24576,92.94,45
2026-10-04T21:05:59.892406+00:00,1,GPU-e3de7dc8-620f-0d1f-8bd9-d047dad41fe1,NVIDIA A30,0,4,24576,32.54,45
2026-10-04T21:05:59.892406+00:00,2,GPU-e40ecd4c-d662-37cc-a069-2d669471410e,NVIDIA A30,97,15459,24576,176.47,52
2026-10-04T21:06:04.995864+00:00,0,GPU-459c992a-cb19-fec9-a6ff-f14309e0e86a,NVIDIA A30,45,2105,24576,92.58,45
2026-10-04T21:06:04.995864+00:00,1,GPU-e3de7dc8-620f-0d1f-8bd9-d047dad41fe1,NVIDIA A30,0,8427,24576,34.62,43
2026-10-04T21:06:04.995864+00:00,2,GPU-e40ecd4c-d662-37cc-a069-2d669471410e,NVIDIA A30,97,15459,24576,159.39,52
2026-10-04T21:06:10.099452+00:00,0,GPU-459c992a-cb19-fec9-a6ff-f14309e0e86a,NVIDIA A30,53,2105,24576,109.48,45
2026-10-04T21:06:10.099452+00:00,1,GPU-e3de7dc8-620f-0d1f-8bd9-d047dad41fe1,NVIDIA A30,97,8741,24576,166.85,53
2026-10-04T21:06:10.099452+00:00,2,GPU-e40ecd4c-d662-37cc-a069-2d669471410e,NVIDIA A30,98,15459,24576,156.51,53
2026-10-04T21:06:15.203759+00:00,0,GPU-459c992a-cb19-fec9-a6ff-f14309e0e86a,NVIDIA A30,54,2105,24576,92.61,45
2026-10-04T21:06:15.203759+00:00,1,GPU-e3de7dc8-620f-0d1f-8bd9-d047dad41fe1,NVIDIA A30,98,8881,24576,163.46,54
2026-10-04T21:06:15.203759+00:00,2,GPU-e40ecd4c-d662-37cc-a069-2d669471410e,NVIDIA A30,98,15459,24576,168.83,53
2026-10-04T21:06:20.311266+00:00,0,GPU-459c992a-cb19-fec9-a6ff-f14309e0e86a,NVIDIA A30,53,2105,24576,98.17,45
2026-10-04T21:06:20.311266+00:00,1,GPU-e3de7dc8-620f-0d1f-8bd9-d047dad41fe1,NVIDIA A30,98,8881,24576,164.00,54
2026-10-04T21:06:20.311266+00:00,2,GPU-e40ecd4c-d662-37cc-a069-2d669471410e,NVIDIA A30,98,15459,24576,165.17,53
2026-10-04T21:06:25.423744+00:00,0,GPU-459c992a-cb19-fec9-a6ff-f14309e0e86a,NVIDIA A30,52,2105,24576,104.47,45
2026-10-04T21:06:25.423744+00:00,1,GPU-e3de7dc8-620f-0d1f-8bd9-d047dad41fe1,NVIDIA A30,98,8881,24576,163.35,55
2026-10-04T21:06:25.423744+00:00,2,GPU-e40ecd4c-d662-37cc-a069-2d669471410e,NVIDIA A30,98,15459,24576,148.65,53
2026-10-04T21:06:30.530739+00:00,0,GPU-459c992a-cb19-fec9-a6ff-f14309e0e86a,NVIDIA A30,0,0,24576,34.87,41
2026-10-04T21:06:30.530739+00:00,1,GPU-e3de7dc8-620f-0d1f-8bd9-d047dad41fe1,NVIDIA A30,98,8881,24576,165.33,55
2026-10-04T21:06:30.530739+00:00,2,GPU-e40ecd4c-d662-37cc-a069-2d669471410e,NVIDIA A30,100,15459,24576,161.64,54
2026-10-04T21:06:35.641509+00:00,0,GPU-459c992a-cb19-fec9-a6ff-f14309e0e86a,NVIDIA A30,0,1809,24576,37.35,40
2026-10-04T21:06:35.641509+00:00,1,GPU-e3de7dc8-620f-0d1f-8bd9-d047dad41fe1,NVIDIA A30,98,8881,24576,156.50,55
2026-10-04T21:06:35.641509+00:00,2,GPU-e40ecd4c-d662-37cc-a069-2d669471410e,NVIDIA A30,100,15459,24576,167.40,54
2026-10-04T21:06:40.752080+00:00,0,GPU-459c992a-cb19-fec9-a6ff-f14309e0e86a,NVIDIA A30,77,1965,24576,126.08,45
2026-10-04T21:06:40.752080+00:00,1,GPU-e3de7dc8-620f-0d1f-8bd9-d047dad41fe1,NVIDIA A30,98,8881,24576,149.87,55
2026-10-04T21:06:40.752080+00:00,2,GPU-e40ecd4c-d662-37cc-a069-2d669471410e,NVIDIA A30,100,15459,24576,168.81,54
2026-10-04T21:06:45.859284+00:00,0,GPU-459c992a-cb19-fec9-a6ff-f14309e0e86a,NVIDIA A30,80,1965,24576,128.58,46
2026-10-04T21:06:45.859284+00:00,1,GPU-e3de7dc8-620f-0d1f-8bd9-d047dad41fe1,NVIDIA A30,98,8881,24576,171.05,55
2026-10-04T21:06:45.859284+00:00,2,GPU-e40ecd4c-d662-37cc-a069-2d669471410e,NVIDIA A30,98,15459,24576,167.69,54
2026-10-04T21:06:50.964326+00:00,0,GPU-459c992a-cb19-fec9-a6ff-f14309e0e86a,NVIDIA A30,79,1965,24576,126.64,47
2026-10-04T21:06:50.964326+00:00,1,GPU-e3de7dc8-620f-0d1f-8bd9-d047dad41fe1,NVIDIA A30,98,8881,24576,177.69,56
2026-10-04T21:06:50.964326+00:00,2,GPU-e40ecd4c-d662-37cc-a069-2d669471410e,NVIDIA A30,97,15459,24576,150.62,54
2026-10-04T21:06:56.076938+00:00,0,GPU-459c992a-cb19-fec9-a6ff-f14309e0e86a,NVIDIA A30,78,1965,24576,123.54,47
2026-10-04T21:06:56.076938+00:00,1,GPU-e3de7dc8-620f-0d1f-8bd9-d047dad41fe1,NVIDIA A30,98,8881,24576,146.67,56
2026-10-04T21:06:56.076938+00:00,2,GPU-e40ecd4c-d662-37cc-a069-2d669471410e,NVIDIA A30,98,15459,24576,168.50,55
2026-10-04T21:07:01.202656+00:00,0,GPU-459c992a-cb19-fec9-a6ff-f14309e0e86a,NVIDIA A30,79,1965,24576,107.90,47
2026-10-04T21:07:01.202656+00:00,1,GPU-e3de7dc8-620f-0d1f-8bd9-d047dad41fe1,NVIDIA A30,98,8881,24576,163.21,56
2026-10-04T21:07:01.202656+00:00,2,GPU-e40ecd4c-d662-37cc-a069-2d669471410e,NVIDIA A30,97,15459,24576,136.65,55
2026-10-04T21:07:06.328381+00:00,0,GPU-459c992a-cb19-fec9-a6ff-f14309e0e86a,NVIDIA A30,77,1965,24576,121.27,48
2026-10-04T21:07:06.328381+00:00,1,GPU-e3de7dc8-620f-0d1f-8bd9-d047dad41fe1,NVIDIA A30,98,8881,24576,163.07,56
2026-10-04T21:07:06.328381+00:00,2,GPU-e40ecd4c-d662-37cc-a069-2d669471410e,NVIDIA A30,98,15459,24576,167.07,55
2026-10-04T21:07:11.443478+00:00,0,GPU-459c992a-cb19-fec9-a6ff-f14309e0e86a,NVIDIA A30,80,1965,24576,125.23,48
2026-10-04T21:07:11.443478+00:00,1,GPU-e3de7dc8-620f-0d1f-8bd9-d047dad41fe1,NVIDIA A30,98,8881,24576,158.00,56
2026-10-04T21:07:11.443478+00:00,2,GPU-e40ecd4c-d662-37cc-a069-2d669471410e,NVIDIA A30,100,15459,24576,173.41,55
2026-10-04T21:07:16.557706+00:00,0,GPU-459c992a-cb19-fec9-a6ff-f14309e0e86a,NVIDIA A30,77,1965,24576,115.33,48
2026-10-04T21:07:16.557706+00:00,1,GPU-e3de7dc8-620f-0d1f-8bd9-d047dad41fe1,NVIDIA A30,98,8881,24576,163.30,57
2026-10-04T21:07:16.557706+00:00,2,GPU-e40ecd4c-d662-37cc-a069-2d669471410e,NVIDIA A30,98,15459,24576,166.74,55
2026-10-04T21:07:21.675257+00:00,0,GPU-459c992a-cb19-fec9-a6ff-f14309e0e86a,NVIDIA A30,77,1965,24576,129.68,49
2026-10-04T21:07:21.675257+00:00,1,GPU-e3de7dc8-620f-0d1f-8bd9-d047dad41fe1,NVIDIA A30,97,8881,24576,158.57,57
2026-10-04T21:07:21.675257+00:00,2,GPU-e40ecd4c-d662-37cc-a069-2d669471410e,NVIDIA A30,98,15459,24576,167.03,55
2026-10-04T21:07:26.792393+00:00,0,GPU-459c992a-cb19-fec9-a6ff-f14309e0e86a,NVIDIA A30,80,1965,24576,124.31,49
2026-10-04T21:07:26.792393+00:00,1,GPU-e3de7dc8-620f-0d1f-8bd9-d047dad41fe1,NVIDIA A30,97,8881,24576,158.29,56
2026-10-04T21:07:26.792393+00:00,2,GPU-e40ecd4c-d662-37cc-a069-2d669471410e,NVIDIA A30,98,15459,24576,148.89,55
2026-10-04T21:07:31.898433+00:00,0,GPU-459c992a-cb19-fec9-a6ff-f14309e0e86a,NVIDIA A30,0,0,24576,38.32,44
2026-10-04T21:07:31.898433+00:00,1,GPU-e3de7dc8-620f-0d1f-8bd9-d047dad41fe1,NVIDIA A30,98,8881,24576,169.17,57
2026-10-04T21:07:31.898433+00:00,2,GPU-e40ecd4c-d662-37cc-a069-2d669471410e,NVIDIA A30,98,15459,24576,157.45,55
2026-10-04T21:07:37.010300+00:00,0,GPU-459c992a-cb19-fec9-a6ff-f14309e0e86a,NVIDIA A30,0,0,24576,35.06,42
2026-10-04T21:07:37.010300+00:00,1,GPU-e3de7dc8-620f-0d1f-8bd9-d047dad41fe1,NVIDIA A30,100,8881,24576,159.63,57
2026-10-04T21:07:37.010300+00:00,2,GPU-e40ecd4c-d662-37cc-a069-2d669471410e,NVIDIA A30,98,15459,24576,174.53,56
2026-10-04T21:07:42.125464+00:00,0,GPU-459c992a-cb19-fec9-a6ff-f14309e0e86a,NVIDIA A30,54,1967,24576,66.84,42
2026-10-04T21:07:42.125464+00:00,1,GPU-e3de7dc8-620f-0d1f-8bd9-d047dad41fe1,NVIDIA A30,98,8881,24576,171.30,57
2026-10-04T21:07:42.125464+00:00,2,GPU-e40ecd4c-d662-37cc-a069-2d669471410e,NVIDIA A30,98,15459,24576,150.29,55
2026-10-04T21:07:47.230818+00:00,0,GPU-459c992a-cb19-fec9-a6ff-f14309e0e86a,NVIDIA A30,58,2085,24576,95.76,45
2026-10-04T21:07:47.230818+00:00,1,GPU-e3de7dc8-620f-0d1f-8bd9-d047dad41fe1,NVIDIA A30,98,8881,24576,163.11,57
2026-10-04T21:07:47.230818+00:00,2,GPU-e40ecd4c-d662-37cc-a069-2d669471410e,NVIDIA A30,100,15459,24576,164.82,55
2026-10-04T21:07:52.354642+00:00,0,GPU-459c992a-cb19-fec9-a6ff-f14309e0e86a,NVIDIA A30,48,2107,24576,97.89,45
2026-10-04T21:07:52.354642+00:00,1,GPU-e3de7dc8-620f-0d1f-8bd9-d047dad41fe1,NVIDIA A30,98,8881,24576,168.87,57
2026-10-04T21:07:52.354642+00:00,2,GPU-e40ecd4c-d662-37cc-a069-2d669471410e,NVIDIA A30,100,15459,24576,154.18,55
2026-10-04T21:07:57.475477+00:00,0,GPU-459c992a-cb19-fec9-a6ff-f14309e0e86a,NVIDIA A30,50,2107,24576,104.09,45
2026-10-04T21:07:57.475477+00:00,1,GPU-e3de7dc8-620f-0d1f-8bd9-d047dad41fe1,NVIDIA A30,0,8881,24576,35.62,47
2026-10-04T21:07:57.475477+00:00,2,GPU-e40ecd4c-d662-37cc-a069-2d669471410e,NVIDIA A30,98,15459,24576,157.72,55
2026-10-04T21:08:02.614016+00:00,0,GPU-459c992a-cb19-fec9-a6ff-f14309e0e86a,NVIDIA A30,61,2107,24576,118.47,46
2026-10-04T21:08:02.614016+00:00,1,GPU-e3de7dc8-620f-0d1f-8bd9-d047dad41fe1,NVIDIA A30,0,0,24576,32.43,45
2026-10-04T21:08:02.614016+00:00,2,GPU-e40ecd4c-d662-37cc-a069-2d669471410e,NVIDIA A30,98,15459,24576,171.77,55
2026-10-04T21:08:07.759334+00:00,0,GPU-459c992a-cb19-fec9-a6ff-f14309e0e86a,NVIDIA A30,58,2107,24576,99.25,45
2026-10-04T21:08:07.759334+00:00,1,GPU-e3de7dc8-620f-0d1f-8bd9-d047dad41fe1,NVIDIA A30,46,5181,24576,45.51,44
2026-10-04T21:08:07.759334+00:00,2,GPU-e40ecd4c-d662-37cc-a069-2d669471410e,NVIDIA A30,98,15459,24576,154.04,55
2026-10-04T21:08:12.865306+00:00,0,GPU-459c992a-cb19-fec9-a6ff-f14309e0e86a,NVIDIA A30,55,2107,24576,99.26,45
2026-10-04T21:08:12.865306+00:00,1,GPU-e3de7dc8-620f-0d1f-8bd9-d047dad41fe1,NVIDIA A30,79,9133,24576,128.70,51
2026-10-04T21:08:12.865306+00:00,2,GPU-e40ecd4c-d662-37cc-a069-2d669471410e,NVIDIA A30,98,15459,24576,165.28,56
2026-10-04T21:08:17.986222+00:00,0,GPU-459c992a-cb19-fec9-a6ff-f14309e0e86a,NVIDIA A30,54,2107,24576,100.44,46
2026-10-04T21:08:17.986222+00:00,1,GPU-e3de7dc8-620f-0d1f-8bd9-d047dad41fe1,NVIDIA A30,89,9225,24576,152.18,52
2026-10-04T21:08:17.986222+00:00,2,GPU-e40ecd4c-d662-37cc-a069-2d669471410e,NVIDIA A30,100,15459,24576,172.41,56
2026-10-04T21:08:23.105923+00:00,0,GPU-459c992a-cb19-fec9-a6ff-f14309e0e86a,NVIDIA A30,56,2107,24576,108.24,45
2026-10-04T21:08:23.105923+00:00,1,GPU-e3de7dc8-620f-0d1f-8bd9-d047dad41fe1,NVIDIA A30,100,9225,24576,141.50,52
2026-10-04T21:08:23.105923+00:00,2,GPU-e40ecd4c-d662-37cc-a069-2d669471410e,NVIDIA A30,100,15459,24576,156.97,55
2026-10-04T21:08:28.219502+00:00,0,GPU-459c992a-cb19-fec9-a6ff-f14309e0e86a,NVIDIA A30,54,2107,24576,101.15,45
2026-10-04T21:08:28.219502+00:00,1,GPU-e3de7dc8-620f-0d1f-8bd9-d047dad41fe1,NVIDIA A30,91,9225,24576,171.79,53
2026-10-04T21:08:28.219502+00:00,2,GPU-e40ecd4c-d662-37cc-a069-2d669471410e,NVIDIA A30,97,15459,24576,175.59,56
2026-10-04T21:08:33.335748+00:00,0,GPU-459c992a-cb19-fec9-a6ff-f14309e0e86a,NVIDIA A30,60,2107,24576,111.95,46
2026-10-04T21:08:33.335748+00:00,1,GPU-e3de7dc8-620f-0d1f-8bd9-d047dad41fe1,NVIDIA A30,100,9225,24576,108.64,53
2026-10-04T21:08:33.335748+00:00,2,GPU-e40ecd4c-d662-37cc-a069-2d669471410e,NVIDIA A30,45,15459,24576,57.14,52
2026-10-04T21:08:38.448940+00:00,0,GPU-459c992a-cb19-fec9-a6ff-f14309e0e86a,NVIDIA A30,58,2107,24576,95.52,46
2026-10-04T21:08:38.448940+00:00,1,GPU-e3de7dc8-620f-0d1f-8bd9-d047dad41fe1,NVIDIA A30,84,9225,24576,120.74,53
2026-10-04T21:08:38.448940+00:00,2,GPU-e40ecd4c-d662-37cc-a069-2d669471410e,NVIDIA A30,0,0,24576,33.01,47
2026-10-04T21:08:43.565380+00:00,0,GPU-459c992a-cb19-fec9-a6ff-f14309e0e86a,NVIDIA A30,44,2107,24576,97.67,46
2026-10-04T21:08:43.565380+00:00,1,GPU-e3de7dc8-620f-0d1f-8bd9-d047dad41fe1,NVIDIA A30,93,9225,24576,136.75,53
2026-10-04T21:08:43.565380+00:00,2,GPU-e40ecd4c-d662-37cc-a069-2d669471410e,NVIDIA A30,0,4,24576,32.21,45
2026-10-04T21:08:48.681214+00:00,0,GPU-459c992a-cb19-fec9-a6ff-f14309e0e86a,NVIDIA A30,59,2107,24576,103.93,46
2026-10-04T21:08:48.681214+00:00,1,GPU-e3de7dc8-620f-0d1f-8bd9-d047dad41fe1,NVIDIA A30,75,9225,24576,156.64,53
2026-10-04T21:08:48.681214+00:00,2,GPU-e40ecd4c-d662-37cc-a069-2d669471410e,NVIDIA A30,28,7543,24576,36.17,44
2026-10-04T21:08:53.799306+00:00,0,GPU-459c992a-cb19-fec9-a6ff-f14309e0e86a,NVIDIA A30,59,2107,24576,95.75,46
2026-10-04T21:08:53.799306+00:00,1,GPU-e3de7dc8-620f-0d1f-8bd9-d047dad41fe1,NVIDIA A30,77,9225,24576,154.66,54
2026-10-04T21:08:53.799306+00:00,2,GPU-e40ecd4c-d662-37cc-a069-2d669471410e,NVIDIA A30,100,15459,24576,163.47,50
2026-10-04T21:08:58.919494+00:00,0,GPU-459c992a-cb19-fec9-a6ff-f14309e0e86a,NVIDIA A30,54,2107,24576,113.61,46
2026-10-04T21:08:58.919494+00:00,1,GPU-e3de7dc8-620f-0d1f-8bd9-d047dad41fe1,NVIDIA A30,87,9225,24576,141.36,53
2026-10-04T21:08:58.919494+00:00,2,GPU-e40ecd4c-d662-37cc-a069-2d669471410e,NVIDIA A30,97,15459,24576,167.42,51
2026-10-04T21:09:04.023037+00:00,0,GPU-459c992a-cb19-fec9-a6ff-f14309e0e86a,NVIDIA A30,55,2107,24576,93.37,46
2026-10-04T21:09:04.023037+00:00,1,GPU-e3de7dc8-620f-0d1f-8bd9-d047dad41fe1,NVIDIA A30,3,9225,24576,57.25,49
2026-10-04T21:09:04.023037+00:00,2,GPU-e40ecd4c-d662-37cc-a069-2d669471410e,NVIDIA A30,97,15459,24576,164.64,51
2026-10-04T21:09:09.133221+00:00,0,GPU-459c992a-cb19-fec9-a6ff-f14309e0e86a,NVIDIA A30,0,2107,24576,37.82,42
2026-10-04T21:09:09.133221+00:00,1,GPU-e3de7dc8-620f-0d1f-8bd9-d047dad41fe1,NVIDIA A30,79,9225,24576,134.92,53
2026-10-04T21:09:09.133221+00:00,2,GPU-e40ecd4c-d662-37cc-a069-2d669471410e,NVIDIA A30,96,15459,24576,172.60,52
2026-10-04T21:09:14.242314+00:00,0,GPU-459c992a-cb19-fec9-a6ff-f14309e0e86a,NVIDIA A30,0,0,24576,34.97,41
2026-10-04T21:09:14.242314+00:00,1,GPU-e3de7dc8-620f-0d1f-8bd9-d047dad41fe1,NVIDIA A30,80,9225,24576,152.04,54
2026-10-04T21:09:14.242314+00:00,2,GPU-e40ecd4c-d662-37cc-a069-2d669471410e,NVIDIA A30,96,15459,24576,160.92,53
2026-10-04T21:09:19.349563+00:00,0,GPU-459c992a-cb19-fec9-a6ff-f14309e0e86a,NVIDIA A30,0,4,24576,34.58,40
2026-10-04T21:09:19.349563+00:00,1,GPU-e3de7dc8-620f-0d1f-8bd9-d047dad41fe1,NVIDIA A30,100,9225,24576,143.41,53
2026-10-04T21:09:19.349563+00:00,2,GPU-e40ecd4c-d662-37cc-a069-2d669471410e,NVIDIA A30,96,15459,24576,155.04,53
2026-10-04T21:09:24.470124+00:00,0,GPU-459c992a-cb19-fec9-a6ff-f14309e0e86a,NVIDIA A30,72,1965,24576,114.57,45
2026-10-04T21:09:24.470124+00:00,1,GPU-e3de7dc8-620f-0d1f-8bd9-d047dad41fe1,NVIDIA A30,100,9225,24576,150.15,54
2026-10-04T21:09:24.470124+00:00,2,GPU-e40ecd4c-d662-37cc-a069-2d669471410e,NVIDIA A30,100,15459,24576,179.52,53
2026-10-04T21:09:29.590465+00:00,0,GPU-459c992a-cb19-fec9-a6ff-f14309e0e86a,NVIDIA A30,71,1965,24576,115.81,45
2026-10-04T21:09:29.590465+00:00,1,GPU-e3de7dc8-620f-0d1f-8bd9-d047dad41fe1,NVIDIA A30,92,9225,24576,126.13,54
2026-10-04T21:09:29.590465+00:00,2,GPU-e40ecd4c-d662-37cc-a069-2d669471410e,NVIDIA A30,98,15459,24576,176.45,53
2026-10-04T21:09:34.701722+00:00,0,GPU-459c992a-cb19-fec9-a6ff-f14309e0e86a,NVIDIA A30,69,1965,24576,108.92,46
2026-10-04T21:09:34.701722+00:00,1,GPU-e3de7dc8-620f-0d1f-8bd9-d047dad41fe1,NVIDIA A30,82,9225,24576,155.85,54
2026-10-04T21:09:34.701722+00:00,2,GPU-e40ecd4c-d662-37cc-a069-2d669471410e,NVIDIA A30,97,15459,24576,149.98,53
2026-10-04T21:09:39.824538+00:00,0,GPU-459c992a-cb19-fec9-a6ff-f14309e0e86a,NVIDIA A30,71,1965,24576,116.81,46
2026-10-04T21:09:39.824538+00:00,1,GPU-e3de7dc8-620f-0d1f-8bd9-d047dad41fe1,NVIDIA A30,39,9225,24576,142.09,53
2026-10-04T21:09:39.824538+00:00,2,GPU-e40ecd4c-d662-37cc-a069-2d669471410e,NVIDIA A30,98,15459,24576,146.44,54
2026-10-04T21:09:44.938612+00:00,0,GPU-459c992a-cb19-fec9-a6ff-f14309e0e86a,NVIDIA A30,72,1965,24576,121.25,47
2026-10-04T21:09:44.938612+00:00,1,GPU-e3de7dc8-620f-0d1f-8bd9-d047dad41fe1,NVIDIA A30,100,9225,24576,170.18,54
2026-10-04T21:09:44.938612+00:00,2,GPU-e40ecd4c-d662-37cc-a069-2d669471410e,NVIDIA A30,97,15459,24576,169.73,54
2026-10-04T21:09:50.048105+00:00,0,GPU-459c992a-cb19-fec9-a6ff-f14309e0e86a,NVIDIA A30,73,1965,24576,122.79,47
2026-10-04T21:09:50.048105+00:00,1,GPU-e3de7dc8-620f-0d1f-8bd9-d047dad41fe1,NVIDIA A30,100,9225,24576,152.40,54
2026-10-04T21:09:50.048105+00:00,2,GPU-e40ecd4c-d662-37cc-a069-2d669471410e,NVIDIA A30,97,15459,24576,159.38,54
2026-10-04T21:09:55.160399+00:00,0,GPU-459c992a-cb19-fec9-a6ff-f14309e0e86a,NVIDIA A30,77,1965,24576,125.59,48
2026-10-04T21:09:55.160399+00:00,1,GPU-e3de7dc8-620f-0d1f-8bd9-d047dad41fe1,NVIDIA A30,0,0,24576,32.44,45
2026-10-04T21:09:55.160399+00:00,2,GPU-e40ecd4c-d662-37cc-a069-2d669471410e,NVIDIA A30,100,15459,24576,169.75,54
2026-10-04T21:10:00.272586+00:00,0,GPU-459c992a-cb19-fec9-a6ff-f14309e0e86a,NVIDIA A30,77,1965,24576,117.60,48
2026-10-04T21:10:00.272586+00:00,1,GPU-e3de7dc8-620f-0d1f-8bd9-d047dad41fe1,NVIDIA A30,0,4,24576,31.75,43
2026-10-04T21:10:00.272586+00:00,2,GPU-e40ecd4c-d662-37cc-a069-2d669471410e,NVIDIA A30,98,15459,24576,161.26,54
2026-10-04T21:10:05.395716+00:00,0,GPU-459c992a-cb19-fec9-a6ff-f14309e0e86a,NVIDIA A30,79,1965,24576,127.64,48
2026-10-04T21:10:05.395716+00:00,1,GPU-e3de7dc8-620f-0d1f-8bd9-d047dad41fe1,NVIDIA A30,97,8741,24576,162.29,50
2026-10-04T21:10:05.395716+00:00,2,GPU-e40ecd4c-d662-37cc-a069-2d669471410e,NVIDIA A30,98,15459,24576,151.96,54
2026-10-04T21:10:10.513655+00:00,0,GPU-459c992a-cb19-fec9-a6ff-f14309e0e86a,NVIDIA A30,78,1965,24576,129.80,48
2026-10-04T21:10:10.513655+00:00,1,GPU-e3de7dc8-620f-0d1f-8bd9-d047dad41fe1,NVIDIA A30,97,8881,24576,169.14,52
2026-10-04T21:10:10.513655+00:00,2,GPU-e40ecd4c-d662-37cc-a069-2d669471410e,NVIDIA A30,97,15459,24576,160.07,55
2026-10-04T21:10:15.632095+00:00,0,GPU-459c992a-cb19-fec9-a6ff-f14309e0e86a,NVIDIA A30,77,1965,24576,116.70,49
2026-10-04T21:10:15.632095+00:00,1,GPU-e3de7dc8-620f-0d1f-8bd9-d047dad41fe1,NVIDIA A30,98,8881,24576,154.76,53
2026-10-04T21:10:15.632095+00:00,2,GPU-e40ecd4c-d662-37cc-a069-2d669471410e,NVIDIA A30,100,15459,24576,151.19,55
2026-10-04T21:10:20.757620+00:00,0,GPU-459c992a-cb19-fec9-a6ff-f14309e0e86a,NVIDIA A30,0,0,24576,35.75,43
2026-10-04T21:10:20.757620+00:00,1,GPU-e3de7dc8-620f-0d1f-8bd9-d047dad41fe1,NVIDIA A30,98,8881,24576,166.86,53
2026-10-04T21:10:20.757620+00:00,2,GPU-e40ecd4c-d662-37cc-a069-2d669471410e,NVIDIA A30,98,15459,24576,167.93,55
2026-10-04T21:10:25.869141+00:00,0,GPU-459c992a-cb19-fec9-a6ff-f14309e0e86a,NVIDIA A30,0,4,24576,35.26,42
2026-10-04T21:10:25.869141+00:00,1,GPU-e3de7dc8-620f-0d1f-8bd9-d047dad41fe1,NVIDIA A30,97,8881,24576,166.30,54
2026-10-04T21:10:25.869141+00:00,2,GPU-e40ecd4c-d662-37cc-a069-2d669471410e,NVIDIA A30,100,15459,24576,176.25,55
2026-10-04T21:10:30.973328+00:00,0,GPU-459c992a-cb19-fec9-a6ff-f14309e0e86a,NVIDIA A30,58,2103,24576,109.61,44
2026-10-04T21:10:30.973328+00:00,1,GPU-e3de7dc8-620f-0d1f-8bd9-d047dad41fe1,NVIDIA A30,97,8881,24576,172.22,54
2026-10-04T21:10:30.973328+00:00,2,GPU-e40ecd4c-d662-37cc-a069-2d669471410e,NVIDIA A30,98,15459,24576,156.19,55
2026-10-04T21:10:36.085784+00:00,0,GPU-459c992a-cb19-fec9-a6ff-f14309e0e86a,NVIDIA A30,52,2103,24576,97.64,45
2026-10-04T21:10:36.085784+00:00,1,GPU-e3de7dc8-620f-0d1f-8bd9-d047dad41fe1,NVIDIA A30,98,8881,24576,172.14,54
2026-10-04T21:10:36.085784+00:00,2,GPU-e40ecd4c-d662-37cc-a069-2d669471410e,NVIDIA A30,98,15459,24576,157.55,55
2026-10-04T21:10:41.207169+00:00,0,GPU-459c992a-cb19-fec9-a6ff-f14309e0e86a,NVIDIA A30,27,2103,24576,111.32,45
2026-10-04T21:10:41.207169+00:00,1,GPU-e3de7dc8-620f-0d1f-8bd9-d047dad41fe1,NVIDIA A30,97,8881,24576,168.79,55
2026-10-04T21:10:41.207169+00:00,2,GPU-e40ecd4c-d662-37cc-a069-2d669471410e,NVIDIA A30,98,15459,24576,162.15,55
2026-10-04T21:10:46.326601+00:00,0,GPU-459c992a-cb19-fec9-a6ff-f14309e0e86a,NVIDIA A30,59,2105,24576,90.65,45
2026-10-04T21:10:46.326601+00:00,1,GPU-e3de7dc8-620f-0d1f-8bd9-d047dad41fe1,NVIDIA A30,98,8881,24576,169.63,55
2026-10-04T21:10:46.326601+00:00,2,GPU-e40ecd4c-d662-37cc-a069-2d669471410e,NVIDIA A30,100,15459,24576,169.45,55
2026-10-04T21:10:51.441655+00:00,0,GPU-459c992a-cb19-fec9-a6ff-f14309e0e86a,NVIDIA A30,49,2105,24576,104.02,45
2026-10-04T21:10:51.441655+00:00,1,GPU-e3de7dc8-620f-0d1f-8bd9-d047dad41fe1,NVIDIA A30,97,8881,24576,161.56,55
2026-10-04T21:10:51.441655+00:00,2,GPU-e40ecd4c-d662-37cc-a069-2d669471410e,NVIDIA A30,100,15459,24576,166.69,55
2026-10-04T21:10:56.560238+00:00,0,GPU-459c992a-cb19-fec9-a6ff-f14309e0e86a,NVIDIA A30,53,2105,24576,93.42,45
2026-10-04T21:10:56.560238+00:00,1,GPU-e3de7dc8-620f-0d1f-8bd9-d047dad41fe1,NVIDIA A30,98,8881,24576,144.71,55
2026-10-04T21:10:56.560238+00:00,2,GPU-e40ecd4c-d662-37cc-a069-2d669471410e,NVIDIA A30,100,15459,24576,178.27,55
2026-10-04T21:11:01.665981+00:00,0,GPU-459c992a-cb19-fec9-a6ff-f14309e0e86a,NVIDIA A30,57,2105,24576,97.84,45
2026-10-04T21:11:01.665981+00:00,1,GPU-e3de7dc8-620f-0d1f-8bd9-d047dad41fe1,NVIDIA A30,98,8881,24576,169.58,56
2026-10-04T21:11:01.665981+00:00,2,GPU-e40ecd4c-d662-37cc-a069-2d669471410e,NVIDIA A30,98,15459,24576,165.67,55
2026-10-04T21:11:06.776843+00:00,0,GPU-459c992a-cb19-fec9-a6ff-f14309e0e86a,NVIDIA A30,44,2105,24576,99.28,45
2026-10-04T21:11:06.776843+00:00,1,GPU-e3de7dc8-620f-0d1f-8bd9-d047dad41fe1,NVIDIA A30,97,8881,24576,143.02,56
2026-10-04T21:11:06.776843+00:00,2,GPU-e40ecd4c-d662-37cc-a069-2d669471410e,NVIDIA A30,98,15459,24576,171.32,55
2026-10-04T21:11:11.890338+00:00,0,GPU-459c992a-cb19-fec9-a6ff-f14309e0e86a,NVIDIA A30,57,2105,24576,99.51,45
2026-10-04T21:11:11.890338+00:00,1,GPU-e3de7dc8-620f-0d1f-8bd9-d047dad41fe1,NVIDIA A30,97,8881,24576,164.88,56
2026-10-04T21:11:11.890338+00:00,2,GPU-e40ecd4c-d662-37cc-a069-2d669471410e,NVIDIA A30,98,15459,24576,173.39,56
2026-10-04T21:11:17.011119+00:00,0,GPU-459c992a-cb19-fec9-a6ff-f14309e0e86a,NVIDIA A30,57,2105,24576,103.93,45
2026-10-04T21:11:17.011119+00:00,1,GPU-e3de7dc8-620f-0d1f-8bd9-d047dad41fe1,NVIDIA A30,98,8881,24576,160.07,56
2026-10-04T21:11:17.011119+00:00,2,GPU-e40ecd4c-d662-37cc-a069-2d669471410e,NVIDIA A30,100,15459,24576,161.98,55
2026-10-04T21:11:22.132587+00:00,0,GPU-459c992a-cb19-fec9-a6ff-f14309e0e86a,NVIDIA A30,47,2105,24576,101.77,45
2026-10-04T21:11:22.132587+00:00,1,GPU-e3de7dc8-620f-0d1f-8bd9-d047dad41fe1,NVIDIA A30,98,8881,24576,171.30,56
2026-10-04T21:11:22.132587+00:00,2,GPU-e40ecd4c-d662-37cc-a069-2d669471410e,NVIDIA A30,100,15459,24576,180.38,56
2026-10-04T21:11:27.239436+00:00,0,GPU-459c992a-cb19-fec9-a6ff-f14309e0e86a,NVIDIA A30,58,2105,24576,93.04,45
2026-10-04T21:11:27.239436+00:00,1,GPU-e3de7dc8-620f-0d1f-8bd9-d047dad41fe1,NVIDIA A30,97,8881,24576,165.75,57
2026-10-04T21:11:27.239436+00:00,2,GPU-e40ecd4c-d662-37cc-a069-2d669471410e,NVIDIA A30,100,15459,24576,159.44,55
2026-10-04T21:11:32.345346+00:00,0,GPU-459c992a-cb19-fec9-a6ff-f14309e0e86a,NVIDIA A30,43,2105,24576,112.45,46
2026-10-04T21:11:32.345346+00:00,1,GPU-e3de7dc8-620f-0d1f-8bd9-d047dad41fe1,NVIDIA A30,97,8881,24576,164.97,57
2026-10-04T21:11:32.345346+00:00,2,GPU-e40ecd4c-d662-37cc-a069-2d669471410e,NVIDIA A30,97,15459,24576,161.29,56
2026-10-04T21:11:37.457607+00:00,0,GPU-459c992a-cb19-fec9-a6ff-f14309e0e86a,NVIDIA A30,55,2105,24576,102.73,46
2026-10-04T21:11:37.457607+00:00,1,GPU-e3de7dc8-620f-0d1f-8bd9-d047dad41fe1,NVIDIA A30,97,8881,24576,157.27,57
2026-10-04T21:11:37.457607+00:00,2,GPU-e40ecd4c-d662-37cc-a069-2d669471410e,NVIDIA A30,100,0,24576,59.49,49
2026-10-04T21:11:42.571889+00:00,0,GPU-459c992a-cb19-fec9-a6ff-f14309e0e86a,NVIDIA A30,0,0,24576,38.73,42
2026-10-04T21:11:42.571889+00:00,1,GPU-e3de7dc8-620f-0d1f-8bd9-d047dad41fe1,NVIDIA A30,97,8881,24576,168.38,57
2026-10-04T21:11:42.571889+00:00,2,GPU-e40ecd4c-d662-37cc-a069-2d669471410e,NVIDIA A30,0,0,24576,32.51,46
2026-10-04T21:11:47.691006+00:00,0,GPU-459c992a-cb19-fec9-a6ff-f14309e0e86a,NVIDIA A30,0,4,24576,34.67,40
2026-10-04T21:11:47.691006+00:00,1,GPU-e3de7dc8-620f-0d1f-8bd9-d047dad41fe1,NVIDIA A30,97,8881,24576,148.29,57
2026-10-04T21:11:47.691006+00:00,2,GPU-e40ecd4c-d662-37cc-a069-2d669471410e,NVIDIA A30,51,7483,24576,62.78,45
2026-10-04T21:11:52.799405+00:00,0,GPU-459c992a-cb19-fec9-a6ff-f14309e0e86a,NVIDIA A30,76,1965,24576,118.36,45
2026-10-04T21:11:52.799405+00:00,1,GPU-e3de7dc8-620f-0d1f-8bd9-d047dad41fe1,NVIDIA A30,98,8881,24576,159.36,57
2026-10-04T21:11:52.799405+00:00,2,GPU-e40ecd4c-d662-37cc-a069-2d669471410e,NVIDIA A30,100,15459,24576,163.62,51
2026-10-04T21:11:57.905482+00:00,0,GPU-459c992a-cb19-fec9-a6ff-f14309e0e86a,NVIDIA A30,77,1965,24576,124.39,46
2026-10-04T21:11:57.905482+00:00,1,GPU-e3de7dc8-620f-0d1f-8bd9-d047dad41fe1,NVIDIA A30,0,0,24576,33.04,47
2026-10-04T21:11:57.905482+00:00,2,GPU-e40ecd4c-d662-37cc-a069-2d669471410e,NVIDIA A30,98,15459,24576,162.14,52
2026-10-04T21:12:03.025678+00:00,0,GPU-459c992a-cb19-fec9-a6ff-f14309e0e86a,NVIDIA A30,77,1965,24576,126.02,47
2026-10-04T21:12:03.025678+00:00,1,GPU-e3de7dc8-620f-0d1f-8bd9-d047dad41fe1,NVIDIA A30,0,4,24576,32.15,44
2026-10-04T21:12:03.025678+00:00,2,GPU-e40ecd4c-d662-37cc-a069-2d669471410e,NVIDIA A30,97,15459,24576,161.45,52
2026-10-04T21:12:08.140116+00:00,0,GPU-459c992a-cb19-fec9-a6ff-f14309e0e86a,NVIDIA A30,75,1965,24576,114.88,47
2026-10-04T21:12:08.140116+00:00,1,GPU-e3de7dc8-620f-0d1f-8bd9-d047dad41fe1,NVIDIA A30,2,8563,24576,54.07,44
2026-10-04T21:12:08.140116+00:00,2,GPU-e40ecd4c-d662-37cc-a069-2d669471410e,NVIDIA A30,100,15459,24576,148.90,52
2026-10-04T21:12:13.259078+00:00,0,GPU-459c992a-cb19-fec9-a6ff-f14309e0e86a,NVIDIA A30,78,1965,24576,128.66,47
2026-10-04T21:12:13.259078+00:00,1,GPU-e3de7dc8-620f-0d1f-8bd9-d047dad41fe1,NVIDIA A30,99,9133,24576,147.25,51
2026-10-04T21:12:13.259078+00:00,2,GPU-e40ecd4c-d662-37cc-a069-2d669471410e,NVIDIA A30,98,15459,24576,162.37,53
2026-10-04T21:12:18.375899+00:00,0,GPU-459c992a-cb19-fec9-a6ff-f14309e0e86a,NVIDIA A30,77,1965,24576,125.76,48
2026-10-04T21:12:18.375899+00:00,1,GPU-e3de7dc8-620f-0d1f-8bd9-d047dad41fe1,NVIDIA A30,80,9225,24576,156.14,51
2026-10-04T21:12:18.375899+00:00,2,GPU-e40ecd4c-d662-37cc-a069-2d669471410e,NVIDIA A30,98,15459,24576,162.58,53
2026-10-04T21:12:23.501373+00:00,0,GPU-459c992a-cb19-fec9-a6ff-f14309e0e86a,NVIDIA A30,73,1965,24576,105.37,48
2026-10-04T21:12:23.501373+00:00,1,GPU-e3de7dc8-620f-0d1f-8bd9-d047dad41fe1,NVIDIA A30,96,9225,24576,143.87,51
2026-10-04T21:12:23.501373+00:00,2,GPU-e40ecd4c-d662-37cc-a069-2d669471410e,NVIDIA A30,98,15459,24576,163.08,53
2026-10-04T21:12:28.620505+00:00,0,GPU-459c992a-cb19-fec9-a6ff-f14309e0e86a,NVIDIA A30,77,1965,24576,117.86,48
2026-10-04T21:12:28.620505+00:00,1,GPU-e3de7dc8-620f-0d1f-8bd9-d047dad41fe1,NVIDIA A30,96,9225,24576,94.31,52
2026-10-04T21:12:28.620505+00:00,2,GPU-e40ecd4c-d662-37cc-a069-2d669471410e,NVIDIA A30,100,15459,24576,174.64,54
2026-10-04T21:12:33.733945+00:00,0,GPU-459c992a-cb19-fec9-a6ff-f14309e0e86a,NVIDIA A30,77,1965,24576,127.52,48
2026-10-04T21:12:33.733945+00:00,1,GPU-e3de7dc8-620f-0d1f-8bd9-d047dad41fe1,NVIDIA A30,99,9225,24576,167.55,52
2026-10-04T21:12:33.733945+00:00,2,GPU-e40ecd4c-d662-37cc-a069-2d669471410e,NVIDIA A30,100,15459,24576,174.29,54
2026-10-04T21:12:38.862294+00:00,0,GPU-459c992a-cb19-fec9-a6ff-f14309e0e86a,NVIDIA A30,78,1965,24576,123.11,49
2026-10-04T21:12:38.862294+00:00,1,GPU-e3de7dc8-620f-0d1f-8bd9-d047dad41fe1,NVIDIA A30,72,9225,24576,76.29,52
2026-10-04T21:12:38.862294+00:00,2,GPU-e40ecd4c-d662-37cc-a069-2d669471410e,NVIDIA A30,98,15459,24576,168.83,54
2026-10-04T21:12:43.964009+00:00,0,GPU-459c992a-cb19-fec9-a6ff-f14309e0e86a,NVIDIA A30,79,1965,24576,111.14,49
2026-10-04T21:12:43.964009+00:00,1,GPU-e3de7dc8-620f-0d1f-8bd9-d047dad41fe1,NVIDIA A30,0,9225,24576,59.29,47
2026-10-04T21:12:43.964009+00:00,2,GPU-e40ecd4c-d662-37cc-a069-2d669471410e,NVIDIA A30,100,15459,24576,161.20,54
2026-10-04T21:12:49.127062+00:00,0,GPU-459c992a-cb19-fec9-a6ff-f14309e0e86a,NVIDIA A30,0,0,24576,35.55,43
2026-10-04T21:12:49.127062+00:00,1,GPU-e3de7dc8-620f-0d1f-8bd9-d047dad41fe1,NVIDIA A30,86,9225,24576,151.81,53
2026-10-04T21:12:49.127062+00:00,2,GPU-e40ecd4c-d662-37cc-a069-2d669471410e,NVIDIA A30,100,15459,24576,183.54,55
2026-10-04T21:12:54.234861+00:00,0,GPU-459c992a-cb19-fec9-a6ff-f14309e0e86a,NVIDIA A30,0,4,24576,35.26,42
2026-10-04T21:12:54.234861+00:00,1,GPU-e3de7dc8-620f-0d1f-8bd9-d047dad41fe1,NVIDIA A30,81,9225,24576,163.63,53
2026-10-04T21:12:54.234861+00:00,2,GPU-e40ecd4c-d662-37cc-a069-2d669471410e,NVIDIA A30,100,15459,24576,155.98,54
2026-10-04T21:12:59.346634+00:00,0,GPU-459c992a-cb19-fec9-a6ff-f14309e0e86a,NVIDIA A30,46,2103,24576,100.12,45
2026-10-04T21:12:59.346634+00:00,1,GPU-e3de7dc8-620f-0d1f-8bd9-d047dad41fe1,NVIDIA A30,77,9225,24576,141.52,53
2026-10-04T21:12:59.346634+00:00,2,GPU-e40ecd4c-d662-37cc-a069-2d669471410e,NVIDIA A30,98,15459,24576,158.33,55
2026-10-04T21:13:04.453825+00:00,0,GPU-459c992a-cb19-fec9-a6ff-f14309e0e86a,NVIDIA A30,56,2103,24576,100.12,45
2026-10-04T21:13:04.453825+00:00,1,GPU-e3de7dc8-620f-0d1f-8bd9-d047dad41fe1,NVIDIA A30,100,9225,24576,154.49,53
2026-10-04T21:13:04.453825+00:00,2,GPU-e40ecd4c-d662-37cc-a069-2d669471410e,NVIDIA A30,97,15459,24576,174.16,55
2026-10-04T21:13:09.575684+00:00,0,GPU-459c992a-cb19-fec9-a6ff-f14309e0e86a,NVIDIA A30,33,2103,24576,60.07,44
2026-10-04T21:13:09.575684+00:00,1,GPU-e3de7dc8-620f-0d1f-8bd9-d047dad41fe1,NVIDIA A30,94,9225,24576,160.41,53
2026-10-04T21:13:09.575684+00:00,2,GPU-e40ecd4c-d662-37cc-a069-2d669471410e,NVIDIA A30,97,15459,24576,170.52,55
2026-10-04T21:13:14.683774+00:00,0,GPU-459c992a-cb19-fec9-a6ff-f14309e0e86a,NVIDIA A30,57,2105,24576,100.56,45
2026-10-04T21:13:14.683774+00:00,1,GPU-e3de7dc8-620f-0d1f-8bd9-d047dad41fe1,NVIDIA A30,83,9225,24576,171.56,54
2026-10-04T21:13:14.683774+00:00,2,GPU-e40ecd4c-d662-37cc-a069-2d669471410e,NVIDIA A30,100,15459,24576,157.68,55
2026-10-04T21:13:19.788588+00:00,0,GPU-459c992a-cb19-fec9-a6ff-f14309e0e86a,NVIDIA A30,58,2105,24576,105.10,45
2026-10-04T21:13:19.788588+00:00,1,GPU-e3de7dc8-620f-0d1f-8bd9-d047dad41fe1,NVIDIA A30,78,9225,24576,156.24,54
2026-10-04T21:13:19.788588+00:00,2,GPU-e40ecd4c-d662-37cc-a069-2d669471410e,NVIDIA A30,100,15459,24576,177.69,55
2026-10-04T21:13:24.905365+00:00,0,GPU-459c992a-cb19-fec9-a6ff-f14309e0e86a,NVIDIA A30,54,2105,24576,107.44,45
2026-10-04T21:13:24.905365+00:00,1,GPU-e3de7dc8-620f-0d1f-8bd9-d047dad41fe1,NVIDIA A30,23,9225,24576,57.44,50
2026-10-04T21:13:24.905365+00:00,2,GPU-e40ecd4c-d662-37cc-a069-2d669471410e,NVIDIA A30,100,15459,24576,183.44,55
2026-10-04T21:13:30.011736+00:00,0,GPU-459c992a-cb19-fec9-a6ff-f14309e0e86a,NVIDIA A30,41,2105,24576,89.77,45
2026-10-04T21:13:30.011736+00:00,1,GPU-e3de7dc8-620f-0d1f-8bd9-d047dad41fe1,NVIDIA A30,99,9225,24576,150.91,53
2026-10-04T21:13:30.011736+00:00,2,GPU-e40ecd4c-d662-37cc-a069-2d669471410e,NVIDIA A30,98,15459,24576,155.70,55
2026-10-04T21:13:35.115778+00:00,0,GPU-459c992a-cb19-fec9-a6ff-f14309e0e86a,NVIDIA A30,48,2105,24576,112.57,45
2026-10-04T21:13:35.115778+00:00,1,GPU-e3de7dc8-620f-0d1f-8bd9-d047dad41fe1,NVIDIA A30,74,9225,24576,133.07,53
2026-10-04T21:13:35.115778+00:00,2,GPU-e40ecd4c-d662-37cc-a069-2d669471410e,NVIDIA A30,98,15459,24576,155.75,55
2026-10-04T21:13:40.224381+00:00,0,GPU-459c992a-cb19-fec9-a6ff-f14309e0e86a,NVIDIA A30,57,2105,24576,91.33,45
2026-10-04T21:13:40.224381+00:00,1,GPU-e3de7dc8-620f-0d1f-8bd9-d047dad41fe1,NVIDIA A30,0,9225,24576,56.94,49
2026-10-04T21:13:40.224381+00:00,2,GPU-e40ecd4c-d662-37cc-a069-2d669471410e,NVIDIA A30,98,15459,24576,161.66,55
2026-10-04T21:13:45.328665+00:00,0,GPU-459c992a-cb19-fec9-a6ff-f14309e0e86a,NVIDIA A30,43,2105,24576,114.11,46
2026-10-04T21:13:45.328665+00:00,1,GPU-e3de7dc8-620f-0d1f-8bd9-d047dad41fe1,NVIDIA A30,69,9225,24576,141.98,54
2026-10-04T21:13:45.328665+00:00,2,GPU-e40ecd4c-d662-37cc-a069-2d669471410e,NVIDIA A30,98,15459,24576,159.29,55
2026-10-04T21:13:50.448098+00:00,0,GPU-459c992a-cb19-fec9-a6ff-f14309e0e86a,NVIDIA A30,59,2105,24576,95.33,45
2026-10-04T21:13:50.448098+00:00,1,GPU-e3de7dc8-620f-0d1f-8bd9-d047dad41fe1,NVIDIA A30,99,9225,24576,151.53,54
2026-10-04T21:13:50.448098+00:00,2,GPU-e40ecd4c-d662-37cc-a069-2d669471410e,NVIDIA A30,100,15459,24576,158.94,55
2026-10-04T21:13:55.566364+00:00,0,GPU-459c992a-cb19-fec9-a6ff-f14309e0e86a,NVIDIA A30,38,2105,24576,76.63,45
2026-10-04T21:13:55.566364+00:00,1,GPU-e3de7dc8-620f-0d1f-8bd9-d047dad41fe1,NVIDIA A30,0,0,24576,55.76,46
2026-10-04T21:13:55.566364+00:00,2,GPU-e40ecd4c-d662-37cc-a069-2d669471410e,NVIDIA A30,100,15459,24576,158.45,55
2026-10-04T21:14:00.671006+00:00,0,GPU-459c992a-cb19-fec9-a6ff-f14309e0e86a,NVIDIA A30,41,2105,24576,78.42,45
2026-10-04T21:14:00.671006+00:00,1,GPU-e3de7dc8-620f-0d1f-8bd9-d047dad41fe1,NVIDIA A30,0,0,24576,31.85,43
2026-10-04T21:14:00.671006+00:00,2,GPU-e40ecd4c-d662-37cc-a069-2d669471410e,NVIDIA A30,98,15459,24576,165.39,56
2026-10-04T21:14:05.787701+00:00,0,GPU-459c992a-cb19-fec9-a6ff-f14309e0e86a,NVIDIA A30,54,2105,24576,108.80,45
2026-10-04T21:14:05.787701+00:00,1,GPU-e3de7dc8-620f-0d1f-8bd9-d047dad41fe1,NVIDIA A30,10,8355,24576,53.40,43
2026-10-04T21:14:05.787701+00:00,2,GPU-e40ecd4c-d662-37cc-a069-2d669471410e,NVIDIA A30,97,15459,24576,149.50,55
2026-10-04T21:14:10.904447+00:00,0,GPU-459c992a-cb19-fec9-a6ff-f14309e0e86a,NVIDIA A30,0,2105,24576,60.05,43
2026-10-04T21:14:10.904447+00:00,1,GPU-e3de7dc8-620f-0d1f-8bd9-d047dad41fe1,NVIDIA A30,98,8741,24576,171.21,52
2026-10-04T21:14:10.904447+00:00,2,GPU-e40ecd4c-d662-37cc-a069-2d669471410e,NVIDIA A30,98,15459,24576,177.12,56
2026-10-04T21:14:16.008586+00:00,0,GPU-459c992a-cb19-fec9-a6ff-f14309e0e86a,NVIDIA A30,0,0,24576,34.87,41
2026-10-04T21:14:16.008586+00:00,1,GPU-e3de7dc8-620f-0d1f-8bd9-d047dad41fe1,NVIDIA A30,98,8881,24576,157.98,52
2026-10-04T21:14:16.008586+00:00,2,GPU-e40ecd4c-d662-37cc-a069-2d669471410e,NVIDIA A30,98,15459,24576,168.29,56
2026-10-04T21:14:21.130682+00:00,0,GPU-459c992a-cb19-fec9-a6ff-f14309e0e86a,NVIDIA A30,0,4,24576,34.38,40
2026-10-04T21:14:21.130682+00:00,1,GPU-e3de7dc8-620f-0d1f-8bd9-d047dad41fe1,NVIDIA A30,98,8881,24576,157.12,52
2026-10-04T21:14:21.130682+00:00,2,GPU-e40ecd4c-d662-37cc-a069-2d669471410e,NVIDIA A30,100,15459,24576,166.56,55
2026-10-04T21:14:26.247316+00:00,0,GPU-459c992a-cb19-fec9-a6ff-f14309e0e86a,NVIDIA A30,77,1965,24576,125.55,45
2026-10-04T21:14:26.247316+00:00,1,GPU-e3de7dc8-620f-0d1f-8bd9-d047dad41fe1,NVIDIA A30,98,8881,24576,163.76,53
2026-10-04T21:14:26.247316+00:00,2,GPU-e40ecd4c-d662-37cc-a069-2d669471410e,NVIDIA A30,100,15459,24576,163.52,56
2026-10-04T21:14:31.367880+00:00,0,GPU-459c992a-cb19-fec9-a6ff-f14309e0e86a,NVIDIA A30,77,1965,24576,116.33,46
2026-10-04T21:14:31.367880+00:00,1,GPU-e3de7dc8-620f-0d1f-8bd9-d047dad41fe1,NVIDIA A30,98,8881,24576,167.08,54
2026-10-04T21:14:31.367880+00:00,2,GPU-e40ecd4c-d662-37cc-a069-2d669471410e,NVIDIA A30,97,15459,24576,173.80,56
2026-10-04T21:14:36.490769+00:00,0,GPU-459c992a-cb19-fec9-a6ff-f14309e0e86a,NVIDIA A30,78,1965,24576,122.54,46
2026-10-04T21:14:36.490769+00:00,1,GPU-e3de7dc8-620f-0d1f-8bd9-d047dad41fe1,NVIDIA A30,98,8881,24576,163.64,54
2026-10-04T21:14:36.490769+00:00,2,GPU-e40ecd4c-d662-37cc-a069-2d669471410e,NVIDIA A30,51,0,24576,56.04,48
2026-10-04T21:14:41.600406+00:00,0,GPU-459c992a-cb19-fec9-a6ff-f14309e0e86a,NVIDIA A30,77,1965,24576,124.16,47
2026-10-04T21:14:41.600406+00:00,1,GPU-e3de7dc8-620f-0d1f-8bd9-d047dad41fe1,NVIDIA A30,98,8881,24576,183.40,55
2026-10-04T21:14:41.600406+00:00,2,GPU-e40ecd4c-d662-37cc-a069-2d669471410e,NVIDIA A30,0,0,24576,32.40,46
2026-10-04T21:14:46.712620+00:00,0,GPU-459c992a-cb19-fec9-a6ff-f14309e0e86a,NVIDIA A30,75,1965,24576,124.67,47
2026-10-04T21:14:46.712620+00:00,1,GPU-e3de7dc8-620f-0d1f-8bd9-d047dad41fe1,NVIDIA A30,98,8881,24576,175.14,55
2026-10-04T21:14:46.712620+00:00,2,GPU-e40ecd4c-d662-37cc-a069-2d669471410e,NVIDIA A30,51,7529,24576,61.93,45
2026-10-04T21:14:51.859170+00:00,0,GPU-459c992a-cb19-fec9-a6ff-f14309e0e86a,NVIDIA A30,72,1965,24576,121.83,47
2026-10-04T21:14:51.859170+00:00,1,GPU-e3de7dc8-620f-0d1f-8bd9-d047dad41fe1,NVIDIA A30,98,8881,24576,166.94,55
2026-10-04T21:14:51.859170+00:00,2,GPU-e40ecd4c-d662-37cc-a069-2d669471410e,NVIDIA A30,98,15459,24576,161.79,51
2026-10-04T21:14:56.966998+00:00,0,GPU-459c992a-cb19-fec9-a6ff-f14309e0e86a,NVIDIA A30,71,1965,24576,114.81,47
2026-10-04T21:14:56.966998+00:00,1,GPU-e3de7dc8-620f-0d1f-8bd9-d047dad41fe1,NVIDIA A30,98,8881,24576,163.36,55
2026-10-04T21:14:56.966998+00:00,2,GPU-e40ecd4c-d662-37cc-a069-2d669471410e,NVIDIA A30,100,15459,24576,176.39,52
2026-10-04T21:15:02.079724+00:00,0,GPU-459c992a-cb19-fec9-a6ff-f14309e0e86a,NVIDIA A30,72,1965,24576,114.68,47
2026-10-04T21:15:02.079724+00:00,1,GPU-e3de7dc8-620f-0d1f-8bd9-d047dad41fe1,NVIDIA A30,98,8881,24576,168.96,55
2026-10-04T21:15:02.079724+00:00,2,GPU-e40ecd4c-d662-37cc-a069-2d669471410e,NVIDIA A30,100,15459,24576,144.25,52
2026-10-04T21:15:07.182267+00:00,0,GPU-459c992a-cb19-fec9-a6ff-f14309e0e86a,NVIDIA A30,72,1965,24576,120.88,48
2026-10-04T21:15:07.182267+00:00,1,GPU-e3de7dc8-620f-0d1f-8bd9-d047dad41fe1,NVIDIA A30,98,8881,24576,169.84,56
2026-10-04T21:15:07.182267+00:00,2,GPU-e40ecd4c-d662-37cc-a069-2d669471410e,NVIDIA A30,98,15459,24576,147.83,52
2026-10-04T21:15:12.292399+00:00,0,GPU-459c992a-cb19-fec9-a6ff-f14309e0e86a,NVIDIA A30,71,1965,24576,117.87,48
2026-10-04T21:15:12.292399+00:00,1,GPU-e3de7dc8-620f-0d1f-8bd9-d047dad41fe1,NVIDIA A30,98,8881,24576,171.57,56
2026-10-04T21:15:12.292399+00:00,2,GPU-e40ecd4c-d662-37cc-a069-2d669471410e,NVIDIA A30,100,15459,24576,160.37,53
2026-10-04T21:15:17.408909+00:00,0,GPU-459c992a-cb19-fec9-a6ff-f14309e0e86a,NVIDIA A30,73,1965,24576,124.86,48
2026-10-04T21:15:17.408909+00:00,1,GPU-e3de7dc8-620f-0d1f-8bd9-d047dad41fe1,NVIDIA A30,98,8881,24576,175.27,56
2026-10-04T21:15:17.408909+00:00,2,GPU-e40ecd4c-d662-37cc-a069-2d669471410e,NVIDIA A30,100,15459,24576,170.34,53
2026-10-04T21:15:22.510728+00:00,0,GPU-459c992a-cb19-fec9-a6ff-f14309e0e86a,NVIDIA A30,0,1965,24576,38.01,43
2026-10-04T21:15:22.510728+00:00,1,GPU-e3de7dc8-620f-0d1f-8bd9-d047dad41fe1,NVIDIA A30,98,8881,24576,160.09,56
2026-10-04T21:15:22.510728+00:00,2,GPU-e40ecd4c-d662-37cc-a069-2d669471410e,NVIDIA A30,98,15459,24576,176.06,53
2026-10-04T21:15:27.637545+00:00,0,GPU-459c992a-cb19-fec9-a6ff-f14309e0e86a,NVIDIA A30,0,0,24576,35.26,42
2026-10-04T21:15:27.637545+00:00,1,GPU-e3de7dc8-620f-0d1f-8bd9-d047dad41fe1,NVIDIA A30,98,8881,24576,170.62,56
2026-10-04T21:15:27.637545+00:00,2,GPU-e40ecd4c-d662-37cc-a069-2d669471410e,NVIDIA A30,98,15459,24576,172.95,54
2026-10-04T21:15:32.748112+00:00,0,GPU-459c992a-cb19-fec9-a6ff-f14309e0e86a,NVIDIA A30,0,4,24576,34.97,41
2026-10-04T21:15:32.748112+00:00,1,GPU-e3de7dc8-620f-0d1f-8bd9-d047dad41fe1,NVIDIA A30,98,8881,24576,166.30,57
2026-10-04T21:15:32.748112+00:00,2,GPU-e40ecd4c-d662-37cc-a069-2d669471410e,NVIDIA A30,98,15459,24576,172.79,54
2026-10-04T21:15:37.860600+00:00,0,GPU-459c992a-cb19-fec9-a6ff-f14309e0e86a,NVIDIA A30,44,2105,24576,107.83,44
2026-10-04T21:15:37.860600+00:00,1,GPU-e3de7dc8-620f-0d1f-8bd9-d047dad41fe1,NVIDIA A30,98,8881,24576,167.96,57
2026-10-04T21:15:37.860600+00:00,2,GPU-e40ecd4c-d662-37cc-a069-2d669471410e,NVIDIA A30,96,15459,24576,172.83,54
2026-10-04T21:15:42.965428+00:00,0,GPU-459c992a-cb19-fec9-a6ff-f14309e0e86a,NVIDIA A30,57,2105,24576,107.38,45
2026-10-04T21:15:42.965428+00:00,1,GPU-e3de7dc8-620f-0d1f-8bd9-d047dad41fe1,NVIDIA A30,98,8881,24576,164.50,56
2026-10-04T21:15:42.965428+00:00,2,GPU-e40ecd4c-d662-37cc-a069-2d669471410e,NVIDIA A30,100,15459,24576,172.57,54
2026-10-04T21:15:48.076523+00:00,0,GPU-459c992a-cb19-fec9-a6ff-f14309e0e86a,NVIDIA A30,59,2105,24576,113.11,45
2026-10-04T21:15:48.076523+00:00,1,GPU-e3de7dc8-620f-0d1f-8bd9-d047dad41fe1,NVIDIA A30,98,8881,24576,173.53,57
2026-10-04T21:15:48.076523+00:00,2,GPU-e40ecd4c-d662-37cc-a069-2d669471410e,NVIDIA A30,100,15459,24576,151.01,54
2026-10-04T21:15:53.179917+00:00,0,GPU-459c992a-cb19-fec9-a6ff-f14309e0e86a,NVIDIA A30,60,2105,24576,95.86,45
2026-10-04T21:15:53.179917+00:00,1,GPU-e3de7dc8-620f-0d1f-8bd9-d047dad41fe1,NVIDIA A30,98,8881,24576,163.15,57
2026-10-04T21:15:53.179917+00:00,2,GPU-e40ecd4c-d662-37cc-a069-2d669471410e,NVIDIA A30,100,15459,24576,167.93,54
2026-10-04T21:15:58.301290+00:00,0,GPU-459c992a-cb19-fec9-a6ff-f14309e0e86a,NVIDIA A30,47,2105,24576,94.64,45
2026-10-04T21:15:58.301290+00:00,1,GPU-e3de7dc8-620f-0d1f-8bd9-d047dad41fe1,NVIDIA A30,0,0,24576,56.65,48
2026-10-04T21:15:58.301290+00:00,2,GPU-e40ecd4c-d662-37cc-a069-2d669471410e,NVIDIA A30,100,15459,24576,150.24,55
2026-10-04T21:16:03.409995+00:00,0,GPU-459c992a-cb19-fec9-a6ff-f14309e0e86a,NVIDIA A30,52,2105,24576,90.27,45
2026-10-04T21:16:03.409995+00:00,1,GPU-e3de7dc8-620f-0d1f-8bd9-d047dad41fe1,NVIDIA A30,0,4,24576,32.25,45
2026-10-04T21:16:03.409995+00:00,2,GPU-e40ecd4c-d662-37cc-a069-2d669471410e,NVIDIA A30,97,15459,24576,164.10,55
2026-10-04T21:16:08.519081+00:00,0,GPU-459c992a-cb19-fec9-a6ff-f14309e0e86a,NVIDIA A30,58,2105,24576,93.89,45
2026-10-04T21:16:08.519081+00:00,1,GPU-e3de7dc8-620f-0d1f-8bd9-d047dad41fe1,NVIDIA A30,0,8433,24576,34.53,43
2026-10-04T21:16:08.519081+00:00,2,GPU-e40ecd4c-d662-37cc-a069-2d669471410e,NVIDIA A30,100,15459,24576,186.21,55
2026-10-04T21:16:13.628326+00:00,0,GPU-459c992a-cb19-fec9-a6ff-f14309e0e86a,NVIDIA A30,57,2105,24576,110.81,45
2026-10-04T21:16:13.628326+00:00,1,GPU-e3de7dc8-620f-0d1f-8bd9-d047dad41fe1,NVIDIA A30,96,9133,24576,165.62,52
2026-10-04T21:16:13.628326+00:00,2,GPU-e40ecd4c-d662-37cc-a069-2d669471410e,NVIDIA A30,100,15459,24576,165.62,55
2026-10-04T21:16:18.742305+00:00,0,GPU-459c992a-cb19-fec9-a6ff-f14309e0e86a,NVIDIA A30,42,2105,24576,95.66,45
2026-10-04T21:16:18.742305+00:00,1,GPU-e3de7dc8-620f-0d1f-8bd9-d047dad41fe1,NVIDIA A30,98,9149,24576,156.07,52
2026-10-04T21:16:18.742305+00:00,2,GPU-e40ecd4c-d662-37cc-a069-2d669471410e,NVIDIA A30,98,15459,24576,152.55,55
2026-10-04T21:16:23.849488+00:00,0,GPU-459c992a-cb19-fec9-a6ff-f14309e0e86a,NVIDIA A30,48,2105,24576,93.10,45
2026-10-04T21:16:23.849488+00:00,1,GPU-e3de7dc8-620f-0d1f-8bd9-d047dad41fe1,NVIDIA A30,98,9241,24576,162.25,52
2026-10-04T21:16:23.849488+00:00,2,GPU-e40ecd4c-d662-37cc-a069-2d669471410e,NVIDIA A30,98,15459,24576,151.08,55
2026-10-04T21:16:28.960680+00:00,0,GPU-459c992a-cb19-fec9-a6ff-f14309e0e86a,NVIDIA A30,54,2105,24576,108.00,45
2026-10-04T21:16:28.960680+00:00,1,GPU-e3de7dc8-620f-0d1f-8bd9-d047dad41fe1,NVIDIA A30,91,9241,24576,169.84,53
2026-10-04T21:16:28.960680+00:00,2,GPU-e40ecd4c-d662-37cc-a069-2d669471410e,NVIDIA A30,97,15459,24576,150.16,55
2026-10-04T21:16:34.078460+00:00,0,GPU-459c992a-cb19-fec9-a6ff-f14309e0e86a,NVIDIA A30,47,2105,24576,97.50,45
2026-10-04T21:16:34.078460+00:00,1,GPU-e3de7dc8-620f-0d1f-8bd9-d047dad41fe1,NVIDIA A30,89,9241,24576,174.26,53
2026-10-04T21:16:34.078460+00:00,2,GPU-e40ecd4c-d662-37cc-a069-2d669471410e,NVIDIA A30,100,15459,24576,149.85,55
2026-10-04T21:16:39.196857+00:00,0,GPU-459c992a-cb19-fec9-a6ff-f14309e0e86a,NVIDIA A30,57,2105,24576,108.39,45
2026-10-04T21:16:39.196857+00:00,1,GPU-e3de7dc8-620f-0d1f-8bd9-d047dad41fe1,NVIDIA A30,89,9241,24576,170.15,53
2026-10-04T21:16:39.196857+00:00,2,GPU-e40ecd4c-d662-37cc-a069-2d669471410e,NVIDIA A30,97,15459,24576,165.61,55
2026-10-04T21:16:44.303759+00:00,0,GPU-459c992a-cb19-fec9-a6ff-f14309e0e86a,NVIDIA A30,54,2105,24576,97.91,45
2026-10-04T21:16:44.303759+00:00,1,GPU-e3de7dc8-620f-0d1f-8bd9-d047dad41fe1,NVIDIA A30,83,9241,24576,159.26,54
2026-10-04T21:16:44.303759+00:00,2,GPU-e40ecd4c-d662-37cc-a069-2d669471410e,NVIDIA A30,96,15459,24576,162.05,55
2026-10-04T21:16:49.423447+00:00,0,GPU-459c992a-cb19-fec9-a6ff-f14309e0e86a,NVIDIA A30,57,2105,24576,91.37,46
2026-10-04T21:16:49.423447+00:00,1,GPU-e3de7dc8-620f-0d1f-8bd9-d047dad41fe1,NVIDIA A30,76,9241,24576,59.01,51
2026-10-04T21:16:49.423447+00:00,2,GPU-e40ecd4c-d662-37cc-a069-2d669471410e,NVIDIA A30,98,15459,24576,165.08,55
2026-10-04T21:16:54.525080+00:00,0,GPU-459c992a-cb19-fec9-a6ff-f14309e0e86a,NVIDIA A30,53,2105,24576,95.86,45
2026-10-04T21:16:54.525080+00:00,1,GPU-e3de7dc8-620f-0d1f-8bd9-d047dad41fe1,NVIDIA A30,67,9241,24576,90.75,53
2026-10-04T21:16:54.525080+00:00,2,GPU-e40ecd4c-d662-37cc-a069-2d669471410e,NVIDIA A30,100,15459,24576,178.24,56
2026-10-04T21:16:59.651564+00:00,0,GPU-459c992a-cb19-fec9-a6ff-f14309e0e86a,NVIDIA A30,59,2105,24576,106.00,46
2026-10-04T21:16:59.651564+00:00,1,GPU-e3de7dc8-620f-0d1f-8bd9-d047dad41fe1,NVIDIA A30,93,9241,24576,127.66,53
2026-10-04T21:16:59.651564+00:00,2,GPU-e40ecd4c-d662-37cc-a069-2d669471410e,NVIDIA A30,100,15459,24576,160.76,55
2026-10-04T21:17:04.764322+00:00,0,GPU-459c992a-cb19-fec9-a6ff-f14309e0e86a,NVIDIA A30,0,0,24576,35.16,41
2026-10-04T21:17:04.764322+00:00,1,GPU-e3de7dc8-620f-0d1f-8bd9-d047dad41fe1,NVIDIA A30,77,9241,24576,168.76,53
2026-10-04T21:17:04.764322+00:00,2,GPU-e40ecd4c-d662-37cc-a069-2d669471410e,NVIDIA A30,98,15459,24576,174.84,56
2026-10-04T21:17:09.892977+00:00,0,GPU-459c992a-cb19-fec9-a6ff-f14309e0e86a,NVIDIA A30,0,4,24576,34.67,40
2026-10-04T21:17:09.892977+00:00,1,GPU-e3de7dc8-620f-0d1f-8bd9-d047dad41fe1,NVIDIA A30,85,9241,24576,142.87,54
2026-10-04T21:17:09.892977+00:00,2,GPU-e40ecd4c-d662-37cc-a069-2d669471410e,NVIDIA A30,97,15459,24576,161.79,56
2026-10-04T21:17:15.006973+00:00,0,GPU-459c992a-cb19-fec9-a6ff-f14309e0e86a,NVIDIA A30,72,1965,24576,117.97,45
2026-10-04T21:17:15.006973+00:00,1,GPU-e3de7dc8-620f-0d1f-8bd9-d047dad41fe1,NVIDIA A30,100,9241,24576,149.32,54
2026-10-04T21:17:15.006973+00:00,2,GPU-e40ecd4c-d662-37cc-a069-2d669471410e,NVIDIA A30,98,15459,24576,168.23,56
2026-10-04T21:17:20.111064+00:00,0,GPU-459c992a-cb19-fec9-a6ff-f14309e0e86a,NVIDIA A30,73,1965,24576,116.80,45
2026-10-04T21:17:20.111064+00:00,1,GPU-e3de7dc8-620f-0d1f-8bd9-d047dad41fe1,NVIDIA A30,94,9241,24576,138.27,54
2026-10-04T21:17:20.111064+00:00,2,GPU-e40ecd4c-d662-37cc-a069-2d669471410e,NVIDIA A30,100,15459,24576,143.79,55
2026-10-04T21:17:25.219508+00:00,0,GPU-459c992a-cb19-fec9-a6ff-f14309e0e86a,NVIDIA A30,71,1965,24576,105.45,46
2026-10-04T21:17:25.219508+00:00,1,GPU-e3de7dc8-620f-0d1f-8bd9-d047dad41fe1,NVIDIA A30,80,9241,24576,165.33,54
2026-10-04T21:17:25.219508+00:00,2,GPU-e40ecd4c-d662-37cc-a069-2d669471410e,NVIDIA A30,100,15459,24576,145.41,56
2026-10-04T21:17:30.343114+00:00,0,GPU-459c992a-cb19-fec9-a6ff-f14309e0e86a,NVIDIA A30,74,1965,24576,117.53,46
2026-10-04T21:17:30.343114+00:00,1,GPU-e3de7dc8-620f-0d1f-8bd9-d047dad41fe1,NVIDIA A30,98,9241,24576,151.71,54
2026-10-04T21:17:30.343114+00:00,2,GPU-e40ecd4c-d662-37cc-a069-2d669471410e,NVIDIA A30,100,15459,24576,173.85,56
2026-10-04T21:17:35.459570+00:00,0,GPU-459c992a-cb19-fec9-a6ff-f14309e0e86a,NVIDIA A30,71,1965,24576,112.02,47
2026-10-04T21:17:35.459570+00:00,1,GPU-e3de7dc8-620f-0d1f-8bd9-d047dad41fe1,NVIDIA A30,99,9241,24576,152.81,54
2026-10-04T21:17:35.459570+00:00,2,GPU-e40ecd4c-d662-37cc-a069-2d669471410e,NVIDIA A30,0,0,24576,56.44,49
2026-10-04T21:17:40.582263+00:00,0,GPU-459c992a-cb19-fec9-a6ff-f14309e0e86a,NVIDIA A30,72,1965,24576,118.66,47
2026-10-04T21:17:40.582263+00:00,1,GPU-e3de7dc8-620f-0d1f-8bd9-d047dad41fe1,NVIDIA A30,98,9241,24576,111.42,53
2026-10-04T21:17:40.582263+00:00,2,GPU-e40ecd4c-d662-37cc-a069-2d669471410e,NVIDIA A30,0,4,24576,32.40,46
2026-10-04T21:17:45.710540+00:00,0,GPU-459c992a-cb19-fec9-a6ff-f14309e0e86a,NVIDIA A30,69,1965,24576,114.02,47
2026-10-04T21:17:45.710540+00:00,1,GPU-e3de7dc8-620f-0d1f-8bd9-d047dad41fe1,NVIDIA A30,96,9241,24576,129.48,54
2026-10-04T21:17:45.710540+00:00,2,GPU-e40ecd4c-d662-37cc-a069-2d669471410e,NVIDIA A30,0,15451,24576,54.48,46
2026-10-04T21:17:50.827695+00:00,0,GPU-459c992a-cb19-fec9-a6ff-f14309e0e86a,NVIDIA A30,70,1965,24576,125.99,48
2026-10-04T21:17:50.827695+00:00,1,GPU-e3de7dc8-620f-0d1f-8bd9-d047dad41fe1,NVIDIA A30,86,9241,24576,156.45,53
2026-10-04T21:17:50.827695+00:00,2,GPU-e40ecd4c-d662-37cc-a069-2d669471410e,NVIDIA A30,100,15459,24576,138.70,52
2026-10-04T21:17:55.945916+00:00,0,GPU-459c992a-cb19-fec9-a6ff-f14309e0e86a,NVIDIA A30,71,1965,24576,119.57,48
2026-10-04T21:17:55.945916+00:00,1,GPU-e3de7dc8-620f-0d1f-8bd9-d047dad41fe1,NVIDIA A30,99,9241,24576,150.55,54
2026-10-04T21:17:55.945916+00:00,2,GPU-e40ecd4c-d662-37cc-a069-2d669471410e,NVIDIA A30,100,15459,24576,159.86,52
2026-10-04T21:18:01.050878+00:00,0,GPU-459c992a-cb19-fec9-a6ff-f14309e0e86a,NVIDIA A30,73,1965,24576,114.71,48
2026-10-04T21:18:01.050878+00:00,1,GPU-e3de7dc8-620f-0d1f-8bd9-d047dad41fe1,NVIDIA A30,87,9241,24576,149.52,54
2026-10-04T21:18:01.050878+00:00,2,GPU-e40ecd4c-d662-37cc-a069-2d669471410e,NVIDIA A30,98,15459,24576,164.38,53
2026-10-04T21:18:06.156393+00:00,0,GPU-459c992a-cb19-fec9-a6ff-f14309e0e86a,NVIDIA A30,70,1965,24576,94.89,48
2026-10-04T21:18:06.156393+00:00,1,GPU-e3de7dc8-620f-0d1f-8bd9-d047dad41fe1,NVIDIA A30,99,9241,24576,167.60,53
2026-10-04T21:18:06.156393+00:00,2,GPU-e40ecd4c-d662-37cc-a069-2d669471410e,NVIDIA A30,100,15459,24576,156.47,53
2026-10-04T21:18:11.276611+00:00,0,GPU-459c992a-cb19-fec9-a6ff-f14309e0e86a,NVIDIA A30,0,1965,24576,60.94,46
2026-10-04T21:18:11.276611+00:00,1,GPU-e3de7dc8-620f-0d1f-8bd9-d047dad41fe1,NVIDIA A30,100,9241,24576,152.11,54
2026-10-04T21:18:11.276611+00:00,2,GPU-e40ecd4c-d662-37cc-a069-2d669471410e,NVIDIA A30,100,15459,24576,158.20,53
2026-10-04T21:18:16.392246+00:00,0,GPU-459c992a-cb19-fec9-a6ff-f14309e0e86a,NVIDIA A30,0,0,24576,35.58,42
2026-10-04T21:18:16.392246+00:00,1,GPU-e3de7dc8-620f-0d1f-8bd9-d047dad41fe1,NVIDIA A30,0,9243,24576,35.12,46
2026-10-04T21:18:16.392246+00:00,2,GPU-e40ecd4c-d662-37cc-a069-2d669471410e,NVIDIA A30,98,15459,24576,175.82,54
2026-10-04T21:18:21.508730+00:00,0,GPU-459c992a-cb19-fec9-a6ff-f14309e0e86a,NVIDIA A30,0,4,24576,34.99,41
2026-10-04T21:18:21.508730+00:00,1,GPU-e3de7dc8-620f-0d1f-8bd9-d047dad41fe1,NVIDIA A30,0,0,24576,31.87,44
2026-10-04T21:18:21.508730+00:00,2,GPU-e40ecd4c-d662-37cc-a069-2d669471410e,NVIDIA A30,97,15459,24576,164.99,54
2026-10-04T21:18:26.635559+00:00,0,GPU-459c992a-cb19-fec9-a6ff-f14309e0e86a,NVIDIA A30,50,2105,24576,103.17,44
2026-10-04T21:18:26.635559+00:00,1,GPU-e3de7dc8-620f-0d1f-8bd9-d047dad41fe1,NVIDIA A30,4,8427,24576,53.68,43
2026-10-04T21:18:26.635559+00:00,2,GPU-e40ecd4c-d662-37cc-a069-2d669471410e,NVIDIA A30,98,15459,24576,147.67,54
2026-10-04T21:18:31.741506+00:00,0,GPU-459c992a-cb19-fec9-a6ff-f14309e0e86a,NVIDIA A30,42,2105,24576,97.08,44
2026-10-04T21:18:31.741506+00:00,1,GPU-e3de7dc8-620f-0d1f-8bd9-d047dad41fe1,NVIDIA A30,97,8741,24576,166.00,52
2026-10-04T21:18:31.741506+00:00,2,GPU-e40ecd4c-d662-37cc-a069-2d669471410e,NVIDIA A30,100,15459,24576,165.88,54
2026-10-04T21:18:36.845312+00:00,0,GPU-459c992a-cb19-fec9-a6ff-f14309e0e86a,NVIDIA A30,51,2105,24576,88.96,45
2026-10-04T21:18:36.845312+00:00,1,GPU-e3de7dc8-620f-0d1f-8bd9-d047dad41fe1,NVIDIA A30,98,8881,24576,157.62,53
2026-10-04T21:18:36.845312+00:00,2,GPU-e40ecd4c-d662-37cc-a069-2d669471410e,NVIDIA A30,100,15459,24576,158.29,54
2026-10-04T21:18:41.955484+00:00,0,GPU-459c992a-cb19-fec9-a6ff-f14309e0e86a,NVIDIA A30,49,2105,24576,106.82,45
2026-10-04T21:18:41.955484+00:00,1,GPU-e3de7dc8-620f-0d1f-8bd9-d047dad41fe1,NVIDIA A30,97,8881,24576,167.50,53
2026-10-04T21:18:41.955484+00:00,2,GPU-e40ecd4c-d662-37cc-a069-2d669471410e,NVIDIA A30,100,15459,24576,150.11,54
2026-10-04T21:18:47.059550+00:00,0,GPU-459c992a-cb19-fec9-a6ff-f14309e0e86a,NVIDIA A30,19,2105,24576,59.95,44
2026-10-04T21:18:47.059550+00:00,1,GPU-e3de7dc8-620f-0d1f-8bd9-d047dad41fe1,NVIDIA A30,97,8881,24576,164.66,54
2026-10-04T21:18:47.059550+00:00,2,GPU-e40ecd4c-d662-37cc-a069-2d669471410e,NVIDIA A30,100,15459,24576,160.42,54
2026-10-04T21:18:52.173810+00:00,0,GPU-459c992a-cb19-fec9-a6ff-f14309e0e86a,NVIDIA A30,52,2105,24576,80.25,45
2026-10-04T21:18:52.173810+00:00,1,GPU-e3de7dc8-620f-0d1f-8bd9-d047dad41fe1,NVIDIA A30,99,8881,24576,163.76,54
2026-10-04T21:18:52.173810+00:00,2,GPU-e40ecd4c-d662-37cc-a069-2d669471410e,NVIDIA A30,98,15459,24576,165.20,55
2026-10-04T21:18:57.290882+00:00,0,GPU-459c992a-cb19-fec9-a6ff-f14309e0e86a,NVIDIA A30,42,2105,24576,85.26,45
2026-10-04T21:18:57.290882+00:00,1,GPU-e3de7dc8-620f-0d1f-8bd9-d047dad41fe1,NVIDIA A30,98,8881,24576,156.31,55
2026-10-04T21:18:57.290882+00:00,2,GPU-e40ecd4c-d662-37cc-a069-2d669471410e,NVIDIA A30,98,15459,24576,159.77,55
2026-10-04T21:19:02.392752+00:00,0,GPU-459c992a-cb19-fec9-a6ff-f14309e0e86a,NVIDIA A30,55,2105,24576,96.46,45
2026-10-04T21:19:02.392752+00:00,1,GPU-e3de7dc8-620f-0d1f-8bd9-d047dad41fe1,NVIDIA A30,97,8881,24576,159.20,55
2026-10-04T21:19:02.392752+00:00,2,GPU-e40ecd4c-d662-37cc-a069-2d669471410e,NVIDIA A30,98,15459,24576,181.39,55
2026-10-04T21:19:07.497176+00:00,0,GPU-459c992a-cb19-fec9-a6ff-f14309e0e86a,NVIDIA A30,55,2105,24576,92.70,45
2026-10-04T21:19:07.497176+00:00,1,GPU-e3de7dc8-620f-0d1f-8bd9-d047dad41fe1,NVIDIA A30,98,8881,24576,129.14,55
2026-10-04T21:19:07.497176+00:00,2,GPU-e40ecd4c-d662-37cc-a069-2d669471410e,NVIDIA A30,100,15459,24576,166.09,55
2026-10-04T21:19:12.610526+00:00,0,GPU-459c992a-cb19-fec9-a6ff-f14309e0e86a,NVIDIA A30,37,2105,24576,105.53,45
2026-10-04T21:19:12.610526+00:00,1,GPU-e3de7dc8-620f-0d1f-8bd9-d047dad41fe1,NVIDIA A30,97,8881,24576,160.18,55
2026-10-04T21:19:12.610526+00:00,2,GPU-e40ecd4c-d662-37cc-a069-2d669471410e,NVIDIA A30,100,15459,24576,179.29,55
2026-10-04T21:19:17.713655+00:00,0,GPU-459c992a-cb19-fec9-a6ff-f14309e0e86a,NVIDIA A30,54,2105,24576,73.03,45
2026-10-04T21:19:17.713655+00:00,1,GPU-e3de7dc8-620f-0d1f-8bd9-d047dad41fe1,NVIDIA A30,97,8881,24576,164.15,56
2026-10-04T21:19:17.713655+00:00,2,GPU-e40ecd4c-d662-37cc-a069-2d669471410e,NVIDIA A30,100,15459,24576,166.89,55
2026-10-04T21:19:22.828739+00:00,0,GPU-459c992a-cb19-fec9-a6ff-f14309e0e86a,NVIDIA A30,54,2105,24576,98.53,45
2026-10-04T21:19:22.828739+00:00,1,GPU-e3de7dc8-620f-0d1f-8bd9-d047dad41fe1,NVIDIA A30,98,8881,24576,179.97,56
2026-10-04T21:19:22.828739+00:00,2,GPU-e40ecd4c-d662-37cc-a069-2d669471410e,NVIDIA A30,98,15459,24576,162.22,55
2026-10-04T21:19:27.950699+00:00,0,GPU-459c992a-cb19-fec9-a6ff-f14309e0e86a,NVIDIA A30,53,2105,24576,93.99,45
2026-10-04T21:19:27.950699+00:00,1,GPU-e3de7dc8-620f-0d1f-8bd9-d047dad41fe1,NVIDIA A30,98,8881,24576,150.10,56
2026-10-04T21:19:27.950699+00:00,2,GPU-e40ecd4c-d662-37cc-a069-2d669471410e,NVIDIA A30,98,15459,24576,161.93,55
2026-10-04T21:19:33.071472+00:00,0,GPU-459c992a-cb19-fec9-a6ff-f14309e0e86a,NVIDIA A30,42,2105,24576,90.03,45
2026-10-04T21:19:33.071472+00:00,1,GPU-e3de7dc8-620f-0d1f-8bd9-d047dad41fe1,NVIDIA A30,98,8881,24576,161.26,56
2026-10-04T21:19:33.071472+00:00,2,GPU-e40ecd4c-d662-37cc-a069-2d669471410e,NVIDIA A30,98,15459,24576,174.37,56
2026-10-04T21:19:38.175217+00:00,0,GPU-459c992a-cb19-fec9-a6ff-f14309e0e86a,NVIDIA A30,42,2105,24576,89.69,45
2026-10-04T21:19:38.175217+00:00,1,GPU-e3de7dc8-620f-0d1f-8bd9-d047dad41fe1,NVIDIA A30,98,8881,24576,166.79,57
2026-10-04T21:19:38.175217+00:00,2,GPU-e40ecd4c-d662-37cc-a069-2d669471410e,NVIDIA A30,98,15459,24576,146.85,55
2026-10-04T21:19:43.285793+00:00,0,GPU-459c992a-cb19-fec9-a6ff-f14309e0e86a,NVIDIA A30,41,2105,24576,98.32,45
2026-10-04T21:19:43.285793+00:00,1,GPU-e3de7dc8-620f-0d1f-8bd9-d047dad41fe1,NVIDIA A30,98,8881,24576,171.65,56
2026-10-04T21:19:43.285793+00:00,2,GPU-e40ecd4c-d662-37cc-a069-2d669471410e,NVIDIA A30,99,15459,24576,165.86,56
2026-10-04T21:19:48.390541+00:00,0,GPU-459c992a-cb19-fec9-a6ff-f14309e0e86a,NVIDIA A30,51,2105,24576,99.32,45
2026-10-04T21:19:48.390541+00:00,1,GPU-e3de7dc8-620f-0d1f-8bd9-d047dad41fe1,NVIDIA A30,97,8881,24576,162.13,57
2026-10-04T21:19:48.390541+00:00,2,GPU-e40ecd4c-d662-37cc-a069-2d669471410e,NVIDIA A30,98,15459,24576,150.88,55
2026-10-04T21:19:53.501289+00:00,0,GPU-459c992a-cb19-fec9-a6ff-f14309e0e86a,NVIDIA A30,52,2105,24576,106.12,45
2026-10-04T21:19:53.501289+00:00,1,GPU-e3de7dc8-620f-0d1f-8bd9-d047dad41fe1,NVIDIA A30,97,8881,24576,174.22,57
2026-10-04T21:19:53.501289+00:00,2,GPU-e40ecd4c-d662-37cc-a069-2d669471410e,NVIDIA A30,98,15459,24576,166.68,56
2026-10-04T21:19:58.608710+00:00,0,GPU-459c992a-cb19-fec9-a6ff-f14309e0e86a,NVIDIA A30,0,0,24576,34.87,41
2026-10-04T21:19:58.608710+00:00,1,GPU-e3de7dc8-620f-0d1f-8bd9-d047dad41fe1,NVIDIA A30,98,8881,24576,159.82,57
2026-10-04T21:19:58.608710+00:00,2,GPU-e40ecd4c-d662-37cc-a069-2d669471410e,NVIDIA A30,98,15459,24576,162.39,56
2026-10-04T21:20:03.719536+00:00,0,GPU-459c992a-cb19-fec9-a6ff-f14309e0e86a,NVIDIA A30,0,4,24576,34.67,40
2026-10-04T21:20:03.719536+00:00,1,GPU-e3de7dc8-620f-0d1f-8bd9-d047dad41fe1,NVIDIA A30,98,8881,24576,166.27,57
2026-10-04T21:20:03.719536+00:00,2,GPU-e40ecd4c-d662-37cc-a069-2d669471410e,NVIDIA A30,98,15459,24576,169.71,56
2026-10-04T21:20:08.835240+00:00,0,GPU-459c992a-cb19-fec9-a6ff-f14309e0e86a,NVIDIA A30,72,1965,24576,94.92,44
2026-10-04T21:20:08.835240+00:00,1,GPU-e3de7dc8-620f-0d1f-8bd9-d047dad41fe1,NVIDIA A30,98,8881,24576,168.49,57
2026-10-04T21:20:08.835240+00:00,2,GPU-e40ecd4c-d662-37cc-a069-2d669471410e,NVIDIA A30,98,15459,24576,145.90,56
2026-10-04T21:20:13.962120+00:00,0,GPU-459c992a-cb19-fec9-a6ff-f14309e0e86a,NVIDIA A30,71,1965,24576,114.02,45
2026-10-04T21:20:13.962120+00:00,1,GPU-e3de7dc8-620f-0d1f-8bd9-d047dad41fe1,NVIDIA A30,98,8881,24576,162.36,57
2026-10-04T21:20:13.962120+00:00,2,GPU-e40ecd4c-d662-37cc-a069-2d669471410e,NVIDIA A30,98,15459,24576,158.89,56
2026-10-04T21:20:19.081710+00:00,0,GPU-459c992a-cb19-fec9-a6ff-f14309e0e86a,NVIDIA A30,71,1965,24576,115.99,46
2026-10-04T21:20:19.081710+00:00,1,GPU-e3de7dc8-620f-0d1f-8bd9-d047dad41fe1,NVIDIA A30,0,0,24576,56.85,48
2026-10-04T21:20:19.081710+00:00,2,GPU-e40ecd4c-d662-37cc-a069-2d669471410e,NVIDIA A30,98,15459,24576,162.10,56
2026-10-04T21:20:24.200642+00:00,0,GPU-459c992a-cb19-fec9-a6ff-f14309e0e86a,NVIDIA A30,73,1965,24576,121.59,46
2026-10-04T21:20:24.200642+00:00,1,GPU-e3de7dc8-620f-0d1f-8bd9-d047dad41fe1,NVIDIA A30,0,4,24576,32.43,45
2026-10-04T21:20:24.200642+00:00,2,GPU-e40ecd4c-d662-37cc-a069-2d669471410e,NVIDIA A30,100,15459,24576,161.61,56
2026-10-04T21:20:29.322465+00:00,0,GPU-459c992a-cb19-fec9-a6ff-f14309e0e86a,NVIDIA A30,73,1965,24576,108.43,47
2026-10-04T21:20:29.322465+00:00,1,GPU-e3de7dc8-620f-0d1f-8bd9-d047dad41fe1,NVIDIA A30,0,8355,24576,34.54,43
2026-10-04T21:20:29.322465+00:00,2,GPU-e40ecd4c-d662-37cc-a069-2d669471410e,NVIDIA A30,0,15459,24576,57.84,50
2026-10-04T21:20:34.434428+00:00,0,GPU-459c992a-cb19-fec9-a6ff-f14309e0e86a,NVIDIA A30,68,1965,24576,117.84,47
2026-10-04T21:20:34.434428+00:00,1,GPU-e3de7dc8-620f-0d1f-8bd9-d047dad41fe1,NVIDIA A30,96,9133,24576,168.45,52
2026-10-04T21:20:34.434428+00:00,2,GPU-e40ecd4c-d662-37cc-a069-2d669471410e,NVIDIA A30,0,0,24576,32.89,47
2026-10-04T21:20:39.543525+00:00,0,GPU-459c992a-cb19-fec9-a6ff-f14309e0e86a,NVIDIA A30,71,1965,24576,118.65,47
2026-10-04T21:20:39.543525+00:00,1,GPU-e3de7dc8-620f-0d1f-8bd9-d047dad41fe1,NVIDIA A30,87,9149,24576,140.90,52
2026-10-04T21:20:39.543525+00:00,2,GPU-e40ecd4c-d662-37cc-a069-2d669471410e,NVIDIA A30,0,4,24576,32.19,45
2026-10-04T21:20:44.645613+00:00,0,GPU-459c992a-cb19-fec9-a6ff-f14309e0e86a,NVIDIA A30,74,1965,24576,122.19,48
2026-10-04T21:20:44.645613+00:00,1,GPU-e3de7dc8-620f-0d1f-8bd9-d047dad41fe1,NVIDIA A30,88,9241,24576,174.65,53
2026-10-04T21:20:44.645613+00:00,2,GPU-e40ecd4c-d662-37cc-a069-2d669471410e,NVIDIA A30,31,7565,24576,36.06,44
2026-10-04T21:20:49.753680+00:00,0,GPU-459c992a-cb19-fec9-a6ff-f14309e0e86a,NVIDIA A30,71,1965,24576,121.61,48
2026-10-04T21:20:49.753680+00:00,1,GPU-e3de7dc8-620f-0d1f-8bd9-d047dad41fe1,NVIDIA A30,100,9241,24576,158.05,53
2026-10-04T21:20:49.753680+00:00,2,GPU-e40ecd4c-d662-37cc-a069-2d669471410e,NVIDIA A30,100,15503,24576,152.19,49
2026-10-04T21:20:54.857084+00:00,0,GPU-459c992a-cb19-fec9-a6ff-f14309e0e86a,NVIDIA A30,71,1965,24576,124.26,48
2026-10-04T21:20:54.857084+00:00,1,GPU-e3de7dc8-620f-0d1f-8bd9-d047dad41fe1,NVIDIA A30,100,9241,24576,157.67,53
2026-10-04T21:20:54.857084+00:00,2,GPU-e40ecd4c-d662-37cc-a069-2d669471410e,NVIDIA A30,0,15503,24576,55.34,46
2026-10-04T21:20:59.951968+00:00,0,GPU-459c992a-cb19-fec9-a6ff-f14309e0e86a,NVIDIA A30,71,1965,24576,117.72,48
2026-10-04T21:20:59.951968+00:00,1,GPU-e3de7dc8-620f-0d1f-8bd9-d047dad41fe1,NVIDIA A30,80,9241,24576,127.42,53
2026-10-04T21:20:59.951968+00:00,2,GPU-e40ecd4c-d662-37cc-a069-2d669471410e,NVIDIA A30,100,15507,24576,150.18,51
2026-10-04T21:21:05.070991+00:00,0,GPU-459c992a-cb19-fec9-a6ff-f14309e0e86a,NVIDIA A30,0,1965,24576,61.52,46
2026-10-04T21:21:05.070991+00:00,1,GPU-e3de7dc8-620f-0d1f-8bd9-d047dad41fe1,NVIDIA A30,99,9241,24576,148.13,53
2026-10-04T21:21:05.070991+00:00,2,GPU-e40ecd4c-d662-37cc-a069-2d669471410e,NVIDIA A30,100,15507,24576,172.45,51
2026-10-04T21:21:10.191226+00:00,0,GPU-459c992a-cb19-fec9-a6ff-f14309e0e86a,NVIDIA A30,0,0,24576,35.16,42
2026-10-04T21:21:10.191226+00:00,1,GPU-e3de7dc8-620f-0d1f-8bd9-d047dad41fe1,NVIDIA A30,94,9241,24576,144.00,52
2026-10-04T21:21:10.191226+00:00,2,GPU-e40ecd4c-d662-37cc-a069-2d669471410e,NVIDIA A30,100,15507,24576,168.62,51
2026-10-04T21:21:15.317434+00:00,0,GPU-459c992a-cb19-fec9-a6ff-f14309e0e86a,NVIDIA A30,0,0,24576,35.07,41
2026-10-04T21:21:15.317434+00:00,1,GPU-e3de7dc8-620f-0d1f-8bd9-d047dad41fe1,NVIDIA A30,84,9241,24576,172.55,54
2026-10-04T21:21:15.317434+00:00,2,GPU-e40ecd4c-d662-37cc-a069-2d669471410e,NVIDIA A30,100,15507,24576,151.45,51
2026-10-04T21:21:20.443358+00:00,0,GPU-459c992a-cb19-fec9-a6ff-f14309e0e86a,NVIDIA A30,0,0,24576,34.77,40
2026-10-04T21:21:20.443358+00:00,1,GPU-e3de7dc8-620f-0d1f-8bd9-d047dad41fe1,NVIDIA A30,100,9241,24576,147.11,53
2026-10-04T21:21:20.443358+00:00,2,GPU-e40ecd4c-d662-37cc-a069-2d669471410e,NVIDIA A30,100,15507,24576,152.54,52
2026-10-04T21:21:25.559472+00:00,0,GPU-459c992a-cb19-fec9-a6ff-f14309e0e86a,NVIDIA A30,0,0,24576,34.40,40
2026-10-04T21:21:25.559472+00:00,1,GPU-e3de7dc8-620f-0d1f-8bd9-d047dad41fe1,NVIDIA A30,95,9241,24576,141.93,54
2026-10-04T21:21:25.559472+00:00,2,GPU-e40ecd4c-d662-37cc-a069-2d669471410e,NVIDIA A30,100,15507,24576,152.81,52
2026-10-04T21:21:30.680047+00:00,0,GPU-459c992a-cb19-fec9-a6ff-f14309e0e86a,NVIDIA A30,0,0,24576,34.07,39
2026-10-04T21:21:30.680047+00:00,1,GPU-e3de7dc8-620f-0d1f-8bd9-d047dad41fe1,NVIDIA A30,79,9241,24576,161.01,54
2026-10-04T21:21:30.680047+00:00,2,GPU-e40ecd4c-d662-37cc-a069-2d669471410e,NVIDIA A30,100,15507,24576,161.03,52
2026-10-04T21:21:35.811456+00:00,0,GPU-459c992a-cb19-fec9-a6ff-f14309e0e86a,NVIDIA A30,0,0,24576,33.98,38
2026-10-04T21:21:35.811456+00:00,1,GPU-e3de7dc8-620f-0d1f-8bd9-d047dad41fe1,NVIDIA A30,100,9241,24576,165.87,54
2026-10-04T21:21:35.811456+00:00,2,GPU-e40ecd4c-d662-37cc-a069-2d669471410e,NVIDIA A30,100,15507,24576,185.02,53
2026-10-04T21:21:40.940101+00:00,0,GPU-459c992a-cb19-fec9-a6ff-f14309e0e86a,NVIDIA A30,0,0,24576,33.67,38
2026-10-04T21:21:40.940101+00:00,1,GPU-e3de7dc8-620f-0d1f-8bd9-d047dad41fe1,NVIDIA A30,95,9241,24576,144.60,55
2026-10-04T21:21:40.940101+00:00,2,GPU-e40ecd4c-d662-37cc-a069-2d669471410e,NVIDIA A30,100,15507,24576,176.47,53
2026-10-04T21:21:46.071103+00:00,0,GPU-459c992a-cb19-fec9-a6ff-f14309e0e86a,NVIDIA A30,0,0,24576,33.48,37
2026-10-04T21:21:46.071103+00:00,1,GPU-e3de7dc8-620f-0d1f-8bd9-d047dad41fe1,NVIDIA A30,78,9241,24576,176.65,54
2026-10-04T21:21:46.071103+00:00,2,GPU-e40ecd4c-d662-37cc-a069-2d669471410e,NVIDIA A30,100,15507,24576,146.79,53
2026-10-04T21:21:51.189705+00:00,0,GPU-459c992a-cb19-fec9-a6ff-f14309e0e86a,NVIDIA A30,0,0,24576,33.28,37
2026-10-04T21:21:51.189705+00:00,1,GPU-e3de7dc8-620f-0d1f-8bd9-d047dad41fe1,NVIDIA A30,100,9241,24576,151.13,54
2026-10-04T21:21:51.189705+00:00,2,GPU-e40ecd4c-d662-37cc-a069-2d669471410e,NVIDIA A30,100,15507,24576,184.52,53
2026-10-04T21:21:56.305869+00:00,0,GPU-459c992a-cb19-fec9-a6ff-f14309e0e86a,NVIDIA A30,0,0,24576,33.18,36
2026-10-04T21:21:56.305869+00:00,1,GPU-e3de7dc8-620f-0d1f-8bd9-d047dad41fe1,NVIDIA A30,95,9241,24576,160.79,55
2026-10-04T21:21:56.305869+00:00,2,GPU-e40ecd4c-d662-37cc-a069-2d669471410e,NVIDIA A30,100,15507,24576,156.98,53
2026-10-04T21:22:01.415991+00:00,0,GPU-459c992a-cb19-fec9-a6ff-f14309e0e86a,NVIDIA A30,0,0,24576,33.09,36
2026-10-04T21:22:01.415991+00:00,1,GPU-e3de7dc8-620f-0d1f-8bd9-d047dad41fe1,NVIDIA A30,95,9241,24576,170.49,55
2026-10-04T21:22:01.415991+00:00,2,GPU-e40ecd4c-d662-37cc-a069-2d669471410e,NVIDIA A30,100,15507,24576,142.46,53
2026-10-04T21:22:06.531974+00:00,0,GPU-459c992a-cb19-fec9-a6ff-f14309e0e86a,NVIDIA A30,0,0,24576,32.88,36
2026-10-04T21:22:06.531974+00:00,1,GPU-e3de7dc8-620f-0d1f-8bd9-d047dad41fe1,NVIDIA A30,100,9241,24576,155.76,55
2026-10-04T21:22:06.531974+00:00,2,GPU-e40ecd4c-d662-37cc-a069-2d669471410e,NVIDIA A30,100,15507,24576,141.81,53
2026-10-04T21:22:11.650818+00:00,0,GPU-459c992a-cb19-fec9-a6ff-f14309e0e86a,NVIDIA A30,0,0,24576,32.78,35
2026-10-04T21:22:11.650818+00:00,1,GPU-e3de7dc8-620f-0d1f-8bd9-d047dad41fe1,NVIDIA A30,100,9241,24576,160.57,55
2026-10-04T21:22:11.650818+00:00,2,GPU-e40ecd4c-d662-37cc-a069-2d669471410e,NVIDIA A30,91,15507,24576,159.58,54
2026-10-04T21:22:16.753929+00:00,0,GPU-459c992a-cb19-fec9-a6ff-f14309e0e86a,NVIDIA A30,0,0,24576,32.68,35
2026-10-04T21:22:16.753929+00:00,1,GPU-e3de7dc8-620f-0d1f-8bd9-d047dad41fe1,NVIDIA A30,94,9241,24576,124.37,55
2026-10-04T21:22:16.753929+00:00,2,GPU-e40ecd4c-d662-37cc-a069-2d669471410e,NVIDIA A30,100,15507,24576,152.90,54
2026-10-04T21:22:21.863134+00:00,0,GPU-459c992a-cb19-fec9-a6ff-f14309e0e86a,NVIDIA A30,0,0,24576,32.58,35
2026-10-04T21:22:21.863134+00:00,1,GPU-e3de7dc8-620f-0d1f-8bd9-d047dad41fe1,NVIDIA A30,99,9241,24576,159.05,55
2026-10-04T21:22:21.863134+00:00,2,GPU-e40ecd4c-d662-37cc-a069-2d669471410e,NVIDIA A30,100,15507,24576,186.09,54
2026-10-04T21:22:26.980650+00:00,0,GPU-459c992a-cb19-fec9-a6ff-f14309e0e86a,NVIDIA A30,0,0,24576,32.58,35
2026-10-04T21:22:26.980650+00:00,1,GPU-e3de7dc8-620f-0d1f-8bd9-d047dad41fe1,NVIDIA A30,75,9241,24576,168.69,55
2026-10-04T21:22:26.980650+00:00,2,GPU-e40ecd4c-d662-37cc-a069-2d669471410e,NVIDIA A30,100,15507,24576,156.92,54
2026-10-04T21:22:32.093279+00:00,0,GPU-459c992a-cb19-fec9-a6ff-f14309e0e86a,NVIDIA A30,0,0,24576,32.51,34
2026-10-04T21:22:32.093279+00:00,1,GPU-e3de7dc8-620f-0d1f-8bd9-d047dad41fe1,NVIDIA A30,0,9243,24576,35.33,47
2026-10-04T21:22:32.093279+00:00,2,GPU-e40ecd4c-d662-37cc-a069-2d669471410e,NVIDIA A30,100,15507,24576,169.41,54
2026-10-04T21:22:37.197478+00:00,0,GPU-459c992a-cb19-fec9-a6ff-f14309e0e86a,NVIDIA A30,0,0,24576,32.41,34
2026-10-04T21:22:37.197478+00:00,1,GPU-e3de7dc8-620f-0d1f-8bd9-d047dad41fe1,NVIDIA A30,0,0,24576,32.26,44
2026-10-04T21:22:37.197478+00:00,2,GPU-e40ecd4c-d662-37cc-a069-2d669471410e,NVIDIA A30,100,15507,24576,184.31,54
2026-10-04T21:22:42.310442+00:00,0,GPU-459c992a-cb19-fec9-a6ff-f14309e0e86a,NVIDIA A30,0,0,24576,32.31,34
2026-10-04T21:22:42.310442+00:00,1,GPU-e3de7dc8-620f-0d1f-8bd9-d047dad41fe1,NVIDIA A30,54,2979,24576,44.12,43
2026-10-04T21:22:42.310442+00:00,2,GPU-e40ecd4c-d662-37cc-a069-2d669471410e,NVIDIA A30,100,15507,24576,170.63,54
2026-10-04T21:22:47.419121+00:00,0,GPU-459c992a-cb19-fec9-a6ff-f14309e0e86a,NVIDIA A30,0,0,24576,32.29,34
2026-10-04T21:22:47.419121+00:00,1,GPU-e3de7dc8-620f-0d1f-8bd9-d047dad41fe1,NVIDIA A30,97,8741,24576,170.09,52
2026-10-04T21:22:47.419121+00:00,2,GPU-e40ecd4c-d662-37cc-a069-2d669471410e,NVIDIA A30,100,15507,24576,178.42,53
2026-10-04T21:22:52.541633+00:00,0,GPU-459c992a-cb19-fec9-a6ff-f14309e0e86a,NVIDIA A30,0,0,24576,32.19,34
2026-10-04T21:22:52.541633+00:00,1,GPU-e3de7dc8-620f-0d1f-8bd9-d047dad41fe1,NVIDIA A30,98,8881,24576,171.20,53
2026-10-04T21:22:52.541633+00:00,2,GPU-e40ecd4c-d662-37cc-a069-2d669471410e,NVIDIA A30,100,15507,24576,176.92,54
2026-10-04T21:22:57.671524+00:00,0,GPU-459c992a-cb19-fec9-a6ff-f14309e0e86a,NVIDIA A30,0,0,24576,32.12,33
2026-10-04T21:22:57.671524+00:00,1,GPU-e3de7dc8-620f-0d1f-8bd9-d047dad41fe1,NVIDIA A30,98,8881,24576,148.56,53
2026-10-04T21:22:57.671524+00:00,2,GPU-e40ecd4c-d662-37cc-a069-2d669471410e,NVIDIA A30,0,15507,24576,35.58,48
2026-10-04T21:23:02.792483+00:00,0,GPU-459c992a-cb19-fec9-a6ff-f14309e0e86a,NVIDIA A30,0,0,24576,32.12,33
2026-10-04T21:23:02.792483+00:00,1,GPU-e3de7dc8-620f-0d1f-8bd9-d047dad41fe1,NVIDIA A30,98,8881,24576,144.65,54
2026-10-04T21:23:02.792483+00:00,2,GPU-e40ecd4c-d662-37cc-a069-2d669471410e,NVIDIA A30,0,0,24576,32.21,45
2026-10-04T21:23:07.911691+00:00,0,GPU-459c992a-cb19-fec9-a6ff-f14309e0e86a,NVIDIA A30,0,0,24576,32.12,33
2026-10-04T21:23:07.911691+00:00,1,GPU-e3de7dc8-620f-0d1f-8bd9-d047dad41fe1,NVIDIA A30,98,8881,24576,148.28,54
2026-10-04T21:23:07.911691+00:00,2,GPU-e40ecd4c-d662-37cc-a069-2d669471410e,NVIDIA A30,0,27,24576,35.28,44
2026-10-04T21:23:13.048435+00:00,0,GPU-459c992a-cb19-fec9-a6ff-f14309e0e86a,NVIDIA A30,0,0,24576,32.01,33
2026-10-04T21:23:13.048435+00:00,1,GPU-e3de7dc8-620f-0d1f-8bd9-d047dad41fe1,NVIDIA A30,98,8881,24576,165.77,55
2026-10-04T21:23:13.048435+00:00,2,GPU-e40ecd4c-d662-37cc-a069-2d669471410e,NVIDIA A30,28,7557,24576,35.97,42
2026-10-04T21:23:18.177745+00:00,0,GPU-459c992a-cb19-fec9-a6ff-f14309e0e86a,NVIDIA A30,0,0,24576,32.00,33
2026-10-04T21:23:18.177745+00:00,1,GPU-e3de7dc8-620f-0d1f-8bd9-d047dad41fe1,NVIDIA A30,98,8881,24576,163.23,55
2026-10-04T21:23:18.177745+00:00,2,GPU-e40ecd4c-d662-37cc-a069-2d669471410e,NVIDIA A30,98,15459,24576,173.65,49
2026-10-04T21:23:23.287929+00:00,0,GPU-459c992a-cb19-fec9-a6ff-f14309e0e86a,NVIDIA A30,0,0,24576,32.00,33
2026-10-04T21:23:23.287929+00:00,1,GPU-e3de7dc8-620f-0d1f-8bd9-d047dad41fe1,NVIDIA A30,98,8881,24576,165.43,55
2026-10-04T21:23:23.287929+00:00,2,GPU-e40ecd4c-d662-37cc-a069-2d669471410e,NVIDIA A30,98,15459,24576,167.71,49
2026-10-04T21:23:28.408624+00:00,0,GPU-459c992a-cb19-fec9-a6ff-f14309e0e86a,NVIDIA A30,0,0,24576,31.90,33
2026-10-04T21:23:28.408624+00:00,1,GPU-e3de7dc8-620f-0d1f-8bd9-d047dad41fe1,NVIDIA A30,98,8881,24576,165.33,55
2026-10-04T21:23:28.408624+00:00,2,GPU-e40ecd4c-d662-37cc-a069-2d669471410e,NVIDIA A30,97,15459,24576,176.39,51
2026-10-04T21:23:33.533428+00:00,0,GPU-459c992a-cb19-fec9-a6ff-f14309e0e86a,NVIDIA A30,0,0,24576,31.90,33
2026-10-04T21:23:33.533428+00:00,1,GPU-e3de7dc8-620f-0d1f-8bd9-d047dad41fe1,NVIDIA A30,98,8881,24576,164.11,56
2026-10-04T21:23:33.533428+00:00,2,GPU-e40ecd4c-d662-37cc-a069-2d669471410e,NVIDIA A30,98,15459,24576,178.44,51
2026-10-04T21:23:38.644270+00:00,0,GPU-459c992a-cb19-fec9-a6ff-f14309e0e86a,NVIDIA A30,0,0,24576,31.90,32
2026-10-04T21:23:38.644270+00:00,1,GPU-e3de7dc8-620f-0d1f-8bd9-d047dad41fe1,NVIDIA A30,78,8881,24576,167.20,55
2026-10-04T21:23:38.644270+00:00,2,GPU-e40ecd4c-d662-37cc-a069-2d669471410e,NVIDIA A30,97,15459,24576,168.17,52
2026-10-04T21:23:43.760159+00:00,0,GPU-459c992a-cb19-fec9-a6ff-f14309e0e86a,NVIDIA A30,0,0,24576,31.90,32
2026-10-04T21:23:43.760159+00:00,1,GPU-e3de7dc8-620f-0d1f-8bd9-d047dad41fe1,NVIDIA A30,97,8881,24576,167.91,56
2026-10-04T21:23:43.760159+00:00,2,GPU-e40ecd4c-d662-37cc-a069-2d669471410e,NVIDIA A30,97,15459,24576,181.23,52
2026-10-04T21:23:48.874859+00:00,0,GPU-459c992a-cb19-fec9-a6ff-f14309e0e86a,NVIDIA A30,0,0,24576,31.80,32
2026-10-04T21:23:48.874859+00:00,1,GPU-e3de7dc8-620f-0d1f-8bd9-d047dad41fe1,NVIDIA A30,98,8881,24576,163.32,56
2026-10-04T21:23:48.874859+00:00,2,GPU-e40ecd4c-d662-37cc-a069-2d669471410e,NVIDIA A30,100,15459,24576,166.13,53
2026-10-04T21:23:53.984285+00:00,0,GPU-459c992a-cb19-fec9-a6ff-f14309e0e86a,NVIDIA A30,0,0,24576,31.90,32
2026-10-04T21:23:53.984285+00:00,1,GPU-e3de7dc8-620f-0d1f-8bd9-d047dad41fe1,NVIDIA A30,98,8881,24576,154.57,56
2026-10-04T21:23:53.984285+00:00,2,GPU-e40ecd4c-d662-37cc-a069-2d669471410e,NVIDIA A30,100,15459,24576,167.98,53
2026-10-04T21:23:59.101676+00:00,0,GPU-459c992a-cb19-fec9-a6ff-f14309e0e86a,NVIDIA A30,0,0,24576,31.80,32
2026-10-04T21:23:59.101676+00:00,1,GPU-e3de7dc8-620f-0d1f-8bd9-d047dad41fe1,NVIDIA A30,98,8881,24576,165.78,56
2026-10-04T21:23:59.101676+00:00,2,GPU-e40ecd4c-d662-37cc-a069-2d669471410e,NVIDIA A30,97,15459,24576,160.62,53
2026-10-04T21:24:04.215518+00:00,0,GPU-459c992a-cb19-fec9-a6ff-f14309e0e86a,NVIDIA A30,0,0,24576,31.80,32
2026-10-04T21:24:04.215518+00:00,1,GPU-e3de7dc8-620f-0d1f-8bd9-d047dad41fe1,NVIDIA A30,98,8881,24576,144.39,57
2026-10-04T21:24:04.215518+00:00,2,GPU-e40ecd4c-d662-37cc-a069-2d669471410e,NVIDIA A30,97,15459,24576,164.24,53
2026-10-04T21:24:09.329848+00:00,0,GPU-459c992a-cb19-fec9-a6ff-f14309e0e86a,NVIDIA A30,0,0,24576,31.69,32
2026-10-04T21:24:09.329848+00:00,1,GPU-e3de7dc8-620f-0d1f-8bd9-d047dad41fe1,NVIDIA A30,98,8881,24576,144.94,57
2026-10-04T21:24:09.329848+00:00,2,GPU-e40ecd4c-d662-37cc-a069-2d669471410e,NVIDIA A30,97,15459,24576,172.13,54
2026-10-04T21:24:14.444708+00:00,0,GPU-459c992a-cb19-fec9-a6ff-f14309e0e86a,NVIDIA A30,0,0,24576,31.70,32
2026-10-04T21:24:14.444708+00:00,1,GPU-e3de7dc8-620f-0d1f-8bd9-d047dad41fe1,NVIDIA A30,97,8881,24576,170.18,57
2026-10-04T21:24:14.444708+00:00,2,GPU-e40ecd4c-d662-37cc-a069-2d669471410e,NVIDIA A30,97,15459,24576,164.83,54
2026-10-04T21:24:19.559385+00:00,0,GPU-459c992a-cb19-fec9-a6ff-f14309e0e86a,NVIDIA A30,0,0,24576,31.69,32
2026-10-04T21:24:19.559385+00:00,1,GPU-e3de7dc8-620f-0d1f-8bd9-d047dad41fe1,NVIDIA A30,97,8881,24576,173.81,57
2026-10-04T21:24:19.559385+00:00,2,GPU-e40ecd4c-d662-37cc-a069-2d669471410e,NVIDIA A30,97,15459,24576,173.78,54
2026-10-04T21:24:24.672516+00:00,0,GPU-459c992a-cb19-fec9-a6ff-f14309e0e86a,NVIDIA A30,0,0,24576,31.70,32
2026-10-04T21:24:24.672516+00:00,1,GPU-e3de7dc8-620f-0d1f-8bd9-d047dad41fe1,NVIDIA A30,98,8881,24576,158.30,57
2026-10-04T21:24:24.672516+00:00,2,GPU-e40ecd4c-d662-37cc-a069-2d669471410e,NVIDIA A30,97,15459,24576,163.04,54
2026-10-04T21:24:29.793217+00:00,0,GPU-459c992a-cb19-fec9-a6ff-f14309e0e86a,NVIDIA A30,0,0,24576,31.90,32
2026-10-04T21:24:29.793217+00:00,1,GPU-e3de7dc8-620f-0d1f-8bd9-d047dad41fe1,NVIDIA A30,98,8881,24576,174.19,57
2026-10-04T21:24:29.793217+00:00,2,GPU-e40ecd4c-d662-37cc-a069-2d669471410e,NVIDIA A30,100,15459,24576,169.83,54
2026-10-04T21:24:34.900594+00:00,0,GPU-459c992a-cb19-fec9-a6ff-f14309e0e86a,NVIDIA A30,0,0,24576,32.02,32
2026-10-04T21:24:34.900594+00:00,1,GPU-e3de7dc8-620f-0d1f-8bd9-d047dad41fe1,NVIDIA A30,16,0,24576,37.31,49
2026-10-04T21:24:34.900594+00:00,2,GPU-e40ecd4c-d662-37cc-a069-2d669471410e,NVIDIA A30,100,15459,24576,150.38,54
2026-10-04T21:24:40.037340+00:00,0,GPU-459c992a-cb19-fec9-a6ff-f14309e0e86a,NVIDIA A30,0,0,24576,31.71,32
2026-10-04T21:24:40.037340+00:00,1,GPU-e3de7dc8-620f-0d1f-8bd9-d047dad41fe1,NVIDIA A30,0,1,24576,32.86,45
2026-10-04T21:24:40.037340+00:00,2,GPU-e40ecd4c-d662-37cc-a069-2d669471410e,NVIDIA A30,96,15459,24576,161.82,54
2026-10-04T21:24:45.202318+00:00,0,GPU-459c992a-cb19-fec9-a6ff-f14309e0e86a,NVIDIA A30,0,0,24576,31.92,32
2026-10-04T21:24:45.202318+00:00,1,GPU-e3de7dc8-620f-0d1f-8bd9-d047dad41fe1,NVIDIA A30,24,3785,24576,34.93,44
2026-10-04T21:24:45.202318+00:00,2,GPU-e40ecd4c-d662-37cc-a069-2d669471410e,NVIDIA A30,98,15459,24576,156.43,55
2026-10-04T21:24:50.309876+00:00,0,GPU-459c992a-cb19-fec9-a6ff-f14309e0e86a,NVIDIA A30,0,0,24576,31.90,32
2026-10-04T21:24:50.309876+00:00,1,GPU-e3de7dc8-620f-0d1f-8bd9-d047dad41fe1,NVIDIA A30,97,9153,24576,158.07,50
2026-10-04T21:24:50.309876+00:00,2,GPU-e40ecd4c-d662-37cc-a069-2d669471410e,NVIDIA A30,98,15459,24576,172.40,55
2026-10-04T21:24:55.419993+00:00,0,GPU-459c992a-cb19-fec9-a6ff-f14309e0e86a,NVIDIA A30,0,0,24576,31.91,32
2026-10-04T21:24:55.419993+00:00,1,GPU-e3de7dc8-620f-0d1f-8bd9-d047dad41fe1,NVIDIA A30,77,9171,24576,169.74,51
2026-10-04T21:24:55.419993+00:00,2,GPU-e40ecd4c-d662-37cc-a069-2d669471410e,NVIDIA A30,98,15459,24576,160.23,55
2026-10-04T21:25:00.523910+00:00,0,GPU-459c992a-cb19-fec9-a6ff-f14309e0e86a,NVIDIA A30,0,0,24576,31.90,32
2026-10-04T21:25:00.523910+00:00,1,GPU-e3de7dc8-620f-0d1f-8bd9-d047dad41fe1,NVIDIA A30,95,9171,24576,162.57,52
2026-10-04T21:25:00.523910+00:00,2,GPU-e40ecd4c-d662-37cc-a069-2d669471410e,NVIDIA A30,98,15459,24576,158.70,55
2026-10-04T21:25:05.637406+00:00,0,GPU-459c992a-cb19-fec9-a6ff-f14309e0e86a,NVIDIA A30,0,0,24576,31.90,32
2026-10-04T21:25:05.637406+00:00,1,GPU-e3de7dc8-620f-0d1f-8bd9-d047dad41fe1,NVIDIA A30,75,9171,24576,156.01,52
2026-10-04T21:25:05.637406+00:00,2,GPU-e40ecd4c-d662-37cc-a069-2d669471410e,NVIDIA A30,100,15459,24576,169.53,55
2026-10-04T21:25:10.749928+00:00,0,GPU-459c992a-cb19-fec9-a6ff-f14309e0e86a,NVIDIA A30,0,0,24576,31.79,32
2026-10-04T21:25:10.749928+00:00,1,GPU-e3de7dc8-620f-0d1f-8bd9-d047dad41fe1,NVIDIA A30,98,9171,24576,150.60,52
2026-10-04T21:25:10.749928+00:00,2,GPU-e40ecd4c-d662-37cc-a069-2d669471410e,NVIDIA A30,100,15459,24576,168.08,55
2026-10-04T21:25:15.859158+00:00,0,GPU-459c992a-cb19-fec9-a6ff-f14309e0e86a,NVIDIA A30,0,0,24576,31.90,32
2026-10-04T21:25:15.859158+00:00,1,GPU-e3de7dc8-620f-0d1f-8bd9-d047dad41fe1,NVIDIA A30,99,9189,24576,160.32,52
2026-10-04T21:25:15.859158+00:00,2,GPU-e40ecd4c-d662-37cc-a069-2d669471410e,NVIDIA A30,98,15459,24576,160.37,55
2026-10-04T21:25:20.970093+00:00,0,GPU-459c992a-cb19-fec9-a6ff-f14309e0e86a,NVIDIA A30,0,0,24576,31.90,32
2026-10-04T21:25:20.970093+00:00,1,GPU-e3de7dc8-620f-0d1f-8bd9-d047dad41fe1,NVIDIA A30,74,9189,24576,159.89,53
2026-10-04T21:25:20.970093+00:00,2,GPU-e40ecd4c-d662-37cc-a069-2d669471410e,NVIDIA A30,98,15459,24576,168.72,55
2026-10-04T21:25:26.082452+00:00,0,GPU-459c992a-cb19-fec9-a6ff-f14309e0e86a,NVIDIA A30,0,0,24576,31.80,32
2026-10-04T21:25:26.082452+00:00,1,GPU-e3de7dc8-620f-0d1f-8bd9-d047dad41fe1,NVIDIA A30,93,9189,24576,119.94,52
2026-10-04T21:25:26.082452+00:00,2,GPU-e40ecd4c-d662-37cc-a069-2d669471410e,NVIDIA A30,98,15459,24576,159.01,55
2026-10-04T21:25:31.191959+00:00,0,GPU-459c992a-cb19-fec9-a6ff-f14309e0e86a,NVIDIA A30,0,0,24576,31.80,31
2026-10-04T21:25:31.191959+00:00,1,GPU-e3de7dc8-620f-0d1f-8bd9-d047dad41fe1,NVIDIA A30,83,9189,24576,154.09,51
2026-10-04T21:25:31.191959+00:00,2,GPU-e40ecd4c-d662-37cc-a069-2d669471410e,NVIDIA A30,99,15459,24576,168.58,55
2026-10-04T21:25:36.299541+00:00,0,GPU-459c992a-cb19-fec9-a6ff-f14309e0e86a,NVIDIA A30,0,0,24576,31.80,31
2026-10-04T21:25:36.299541+00:00,1,GPU-e3de7dc8-620f-0d1f-8bd9-d047dad41fe1,NVIDIA A30,96,9189,24576,166.46,53
2026-10-04T21:25:36.299541+00:00,2,GPU-e40ecd4c-d662-37cc-a069-2d669471410e,NVIDIA A30,98,15459,24576,163.85,55
2026-10-04T21:25:41.409602+00:00,0,GPU-459c992a-cb19-fec9-a6ff-f14309e0e86a,NVIDIA A30,0,0,24576,31.80,31
2026-10-04T21:25:41.409602+00:00,1,GPU-e3de7dc8-620f-0d1f-8bd9-d047dad41fe1,NVIDIA A30,95,9189,24576,147.10,53
2026-10-04T21:25:41.409602+00:00,2,GPU-e40ecd4c-d662-37cc-a069-2d669471410e,NVIDIA A30,98,15459,24576,158.96,55
2026-10-04T21:25:46.520726+00:00,0,GPU-459c992a-cb19-fec9-a6ff-f14309e0e86a,NVIDIA A30,0,0,24576,31.91,31
2026-10-04T21:25:46.520726+00:00,1,GPU-e3de7dc8-620f-0d1f-8bd9-d047dad41fe1,NVIDIA A30,79,9189,24576,135.28,52
2026-10-04T21:25:46.520726+00:00,2,GPU-e40ecd4c-d662-37cc-a069-2d669471410e,NVIDIA A30,100,15459,24576,160.35,55
2026-10-04T21:25:51.627746+00:00,0,GPU-459c992a-cb19-fec9-a6ff-f14309e0e86a,NVIDIA A30,0,0,24576,31.69,31
2026-10-04T21:25:51.627746+00:00,1,GPU-e3de7dc8-620f-0d1f-8bd9-d047dad41fe1,NVIDIA A30,95,9189,24576,144.04,53
2026-10-04T21:25:51.627746+00:00,2,GPU-e40ecd4c-d662-37cc-a069-2d669471410e,NVIDIA A30,100,15459,24576,161.10,55
2026-10-04T21:25:56.740743+00:00,0,GPU-459c992a-cb19-fec9-a6ff-f14309e0e86a,NVIDIA A30,0,0,24576,31.79,31
2026-10-04T21:25:56.740743+00:00,1,GPU-e3de7dc8-620f-0d1f-8bd9-d047dad41fe1,NVIDIA A30,75,9189,24576,150.70,52
2026-10-04T21:25:56.740743+00:00,2,GPU-e40ecd4c-d662-37cc-a069-2d669471410e,NVIDIA A30,100,15459,24576,158.56,56
2026-10-04T21:26:01.849389+00:00,0,GPU-459c992a-cb19-fec9-a6ff-f14309e0e86a,NVIDIA A30,0,0,24576,31.70,31
2026-10-04T21:26:01.849389+00:00,1,GPU-e3de7dc8-620f-0d1f-8bd9-d047dad41fe1,NVIDIA A30,97,9189,24576,167.31,53
2026-10-04T21:26:01.849389+00:00,2,GPU-e40ecd4c-d662-37cc-a069-2d669471410e,NVIDIA A30,0,0,24576,56.26,48
2026-10-04T21:26:06.957876+00:00,0,GPU-459c992a-cb19-fec9-a6ff-f14309e0e86a,NVIDIA A30,0,0,24576,31.71,31
2026-10-04T21:26:06.957876+00:00,1,GPU-e3de7dc8-620f-0d1f-8bd9-d047dad41fe1,NVIDIA A30,75,9189,24576,138.29,54
2026-10-04T21:26:06.957876+00:00,2,GPU-e40ecd4c-d662-37cc-a069-2d669471410e,NVIDIA A30,0,4,24576,32.42,46
2026-10-04T21:26:12.074096+00:00,0,GPU-459c992a-cb19-fec9-a6ff-f14309e0e86a,NVIDIA A30,0,0,24576,31.81,31
2026-10-04T21:26:12.074096+00:00,1,GPU-e3de7dc8-620f-0d1f-8bd9-d047dad41fe1,NVIDIA A30,79,9189,24576,142.88,54
2026-10-04T21:26:12.074096+00:00,2,GPU-e40ecd4c-d662-37cc-a069-2d669471410e,NVIDIA A30,0,15441,24576,54.77,45
2026-10-04T21:26:17.182172+00:00,0,GPU-459c992a-cb19-fec9-a6ff-f14309e0e86a,NVIDIA A30,0,0,24576,31.80,31
2026-10-04T21:26:17.182172+00:00,1,GPU-e3de7dc8-620f-0d1f-8bd9-d047dad41fe1,NVIDIA A30,98,9189,24576,92.50,53
2026-10-04T21:26:17.182172+00:00,2,GPU-e40ecd4c-d662-37cc-a069-2d669471410e,NVIDIA A30,100,15503,24576,142.41,51
2026-10-04T21:26:22.290514+00:00,0,GPU-459c992a-cb19-fec9-a6ff-f14309e0e86a,NVIDIA A30,0,0,24576,31.92,31
2026-10-04T21:26:22.290514+00:00,1,GPU-e3de7dc8-620f-0d1f-8bd9-d047dad41fe1,NVIDIA A30,73,9189,24576,60.71,51
2026-10-04T21:26:22.290514+00:00,2,GPU-e40ecd4c-d662-37cc-a069-2d669471410e,NVIDIA A30,100,15503,24576,165.22,52
2026-10-04T21:26:27.394536+00:00,0,GPU-459c992a-cb19-fec9-a6ff-f14309e0e86a,NVIDIA A30,0,0,24576,31.50,31
2026-10-04T21:26:27.394536+00:00,1,GPU-e3de7dc8-620f-0d1f-8bd9-d047dad41fe1,NVIDIA A30,98,9189,24576,99.74,53
2026-10-04T21:26:27.394536+00:00,2,GPU-e40ecd4c-d662-37cc-a069-2d669471410e,NVIDIA A30,100,15507,24576,186.64,52
2026-10-04T21:26:32.516740+00:00,0,GPU-459c992a-cb19-fec9-a6ff-f14309e0e86a,NVIDIA A30,0,0,24576,31.69,31
2026-10-04T21:26:32.516740+00:00,1,GPU-e3de7dc8-620f-0d1f-8bd9-d047dad41fe1,NVIDIA A30,95,9189,24576,167.74,53
2026-10-04T21:26:32.516740+00:00,2,GPU-e40ecd4c-d662-37cc-a069-2d669471410e,NVIDIA A30,92,15507,24576,181.68,52
2026-10-04T21:26:37.641312+00:00,0,GPU-459c992a-cb19-fec9-a6ff-f14309e0e86a,NVIDIA A30,0,0,24576,31.72,31
2026-10-04T21:26:37.641312+00:00,1,GPU-e3de7dc8-620f-0d1f-8bd9-d047dad41fe1,NVIDIA A30,0,0,24576,55.48,46
2026-10-04T21:26:37.641312+00:00,2,GPU-e40ecd4c-d662-37cc-a069-2d669471410e,NVIDIA A30,89,15507,24576,156.02,52
2026-10-04T21:26:42.754096+00:00,0,GPU-459c992a-cb19-fec9-a6ff-f14309e0e86a,NVIDIA A30,0,0,24576,31.72,31
2026-10-04T21:26:42.754096+00:00,1,GPU-e3de7dc8-620f-0d1f-8bd9-d047dad41fe1,NVIDIA A30,0,4,24576,31.69,43
2026-10-04T21:26:42.754096+00:00,2,GPU-e40ecd4c-d662-37cc-a069-2d669471410e,NVIDIA A30,100,15507,24576,195.41,53
2026-10-04T21:26:47.865895+00:00,0,GPU-459c992a-cb19-fec9-a6ff-f14309e0e86a,NVIDIA A30,0,0,24576,31.71,31
2026-10-04T21:26:47.865895+00:00,1,GPU-e3de7dc8-620f-0d1f-8bd9-d047dad41fe1,NVIDIA A30,14,8355,24576,33.95,41
2026-10-04T21:26:47.865895+00:00,2,GPU-e40ecd4c-d662-37cc-a069-2d669471410e,NVIDIA A30,100,15507,24576,159.62,53
2026-10-04T21:26:52.983983+00:00,0,GPU-459c992a-cb19-fec9-a6ff-f14309e0e86a,NVIDIA A30,0,0,24576,31.80,31
2026-10-04T21:26:52.983983+00:00,1,GPU-e3de7dc8-620f-0d1f-8bd9-d047dad41fe1,NVIDIA A30,98,8741,24576,165.17,51
2026-10-04T21:26:52.983983+00:00,2,GPU-e40ecd4c-d662-37cc-a069-2d669471410e,NVIDIA A30,97,15507,24576,166.17,53
2026-10-04T21:26:58.107876+00:00,0,GPU-459c992a-cb19-fec9-a6ff-f14309e0e86a,NVIDIA A30,0,0,24576,31.50,31
2026-10-04T21:26:58.107876+00:00,1,GPU-e3de7dc8-620f-0d1f-8bd9-d047dad41fe1,NVIDIA A30,98,8881,24576,150.28,52
2026-10-04T21:26:58.107876+00:00,2,GPU-e40ecd4c-d662-37cc-a069-2d669471410e,NVIDIA A30,91,15507,24576,97.43,54
2026-10-04T21:27:03.236358+00:00,0,GPU-459c992a-cb19-fec9-a6ff-f14309e0e86a,NVIDIA A30,0,0,24576,31.69,31
2026-10-04T21:27:03.236358+00:00,1,GPU-e3de7dc8-620f-0d1f-8bd9-d047dad41fe1,NVIDIA A30,98,8881,24576,157.68,53
2026-10-04T21:27:03.236358+00:00,2,GPU-e40ecd4c-d662-37cc-a069-2d669471410e,NVIDIA A30,100,15507,24576,143.49,53
2026-10-04T21:27:08.354998+00:00,0,GPU-459c992a-cb19-fec9-a6ff-f14309e0e86a,NVIDIA A30,0,0,24576,31.69,31
2026-10-04T21:27:08.354998+00:00,1,GPU-e3de7dc8-620f-0d1f-8bd9-d047dad41fe1,NVIDIA A30,98,8881,24576,163.56,53
2026-10-04T21:27:08.354998+00:00,2,GPU-e40ecd4c-d662-37cc-a069-2d669471410e,NVIDIA A30,94,15507,24576,172.43,54
2026-10-04T21:27:13.486474+00:00,0,GPU-459c992a-cb19-fec9-a6ff-f14309e0e86a,NVIDIA A30,0,0,24576,31.69,31
2026-10-04T21:27:13.486474+00:00,1,GPU-e3de7dc8-620f-0d1f-8bd9-d047dad41fe1,NVIDIA A30,98,8881,24576,164.93,53
2026-10-04T21:27:13.486474+00:00,2,GPU-e40ecd4c-d662-37cc-a069-2d669471410e,NVIDIA A30,94,15507,24576,130.28,54
2026-10-04T21:27:18.602840+00:00,0,GPU-459c992a-cb19-fec9-a6ff-f14309e0e86a,NVIDIA A30,0,0,24576,31.69,31
2026-10-04T21:27:18.602840+00:00,1,GPU-e3de7dc8-620f-0d1f-8bd9-d047dad41fe1,NVIDIA A30,98,8881,24576,160.87,54
2026-10-04T21:27:18.602840+00:00,2,GPU-e40ecd4c-d662-37cc-a069-2d669471410e,NVIDIA A30,100,15507,24576,146.03,54
2026-10-04T21:27:23.722688+00:00,0,GPU-459c992a-cb19-fec9-a6ff-f14309e0e86a,NVIDIA A30,0,0,24576,31.69,31
2026-10-04T21:27:23.722688+00:00,1,GPU-e3de7dc8-620f-0d1f-8bd9-d047dad41fe1,NVIDIA A30,98,8881,24576,167.86,54
2026-10-04T21:27:23.722688+00:00,2,GPU-e40ecd4c-d662-37cc-a069-2d669471410e,NVIDIA A30,100,15507,24576,149.31,54
2026-10-04T21:27:28.835282+00:00,0,GPU-459c992a-cb19-fec9-a6ff-f14309e0e86a,NVIDIA A30,0,0,24576,31.70,31
2026-10-04T21:27:28.835282+00:00,1,GPU-e3de7dc8-620f-0d1f-8bd9-d047dad41fe1,NVIDIA A30,98,8881,24576,155.62,55
2026-10-04T21:27:28.835282+00:00,2,GPU-e40ecd4c-d662-37cc-a069-2d669471410e,NVIDIA A30,100,15507,24576,144.75,54
2026-10-04T21:27:33.957980+00:00,0,GPU-459c992a-cb19-fec9-a6ff-f14309e0e86a,NVIDIA A30,0,0,24576,31.70,31
2026-10-04T21:27:33.957980+00:00,1,GPU-e3de7dc8-620f-0d1f-8bd9-d047dad41fe1,NVIDIA A30,98,8881,24576,169.00,55
2026-10-04T21:27:33.957980+00:00,2,GPU-e40ecd4c-d662-37cc-a069-2d669471410e,NVIDIA A30,100,15507,24576,152.46,54
2026-10-04T21:27:39.075403+00:00,0,GPU-459c992a-cb19-fec9-a6ff-f14309e0e86a,NVIDIA A30,0,0,24576,31.80,31
2026-10-04T21:27:39.075403+00:00,1,GPU-e3de7dc8-620f-0d1f-8bd9-d047dad41fe1,NVIDIA A30,98,8881,24576,163.35,55
2026-10-04T21:27:39.075403+00:00,2,GPU-e40ecd4c-d662-37cc-a069-2d669471410e,NVIDIA A30,94,15507,24576,148.26,54
2026-10-04T21:27:44.194526+00:00,0,GPU-459c992a-cb19-fec9-a6ff-f14309e0e86a,NVIDIA A30,0,0,24576,31.79,31
2026-10-04T21:27:44.194526+00:00,1,GPU-e3de7dc8-620f-0d1f-8bd9-d047dad41fe1,NVIDIA A30,98,8881,24576,162.32,55
2026-10-04T21:27:44.194526+00:00,2,GPU-e40ecd4c-d662-37cc-a069-2d669471410e,NVIDIA A30,94,15507,24576,161.57,54
2026-10-04T21:27:49.316078+00:00,0,GPU-459c992a-cb19-fec9-a6ff-f14309e0e86a,NVIDIA A30,0,0,24576,31.71,31
2026-10-04T21:27:49.316078+00:00,1,GPU-e3de7dc8-620f-0d1f-8bd9-d047dad41fe1,NVIDIA A30,97,8881,24576,162.29,55
2026-10-04T21:27:49.316078+00:00,2,GPU-e40ecd4c-d662-37cc-a069-2d669471410e,NVIDIA A30,52,15507,24576,168.14,53
2026-10-04T21:27:54.435472+00:00,0,GPU-459c992a-cb19-fec9-a6ff-f14309e0e86a,NVIDIA A30,0,0,24576,31.79,31
2026-10-04T21:27:54.435472+00:00,1,GPU-e3de7dc8-620f-0d1f-8bd9-d047dad41fe1,NVIDIA A30,98,8881,24576,166.65,56
2026-10-04T21:27:54.435472+00:00,2,GPU-e40ecd4c-d662-37cc-a069-2d669471410e,NVIDIA A30,88,15507,24576,173.37,54
2026-10-04T21:27:59.547021+00:00,0,GPU-459c992a-cb19-fec9-a6ff-f14309e0e86a,NVIDIA A30,0,0,24576,31.59,31
2026-10-04T21:27:59.547021+00:00,1,GPU-e3de7dc8-620f-0d1f-8bd9-d047dad41fe1,NVIDIA A30,97,8881,24576,171.45,56
2026-10-04T21:27:59.547021+00:00,2,GPU-e40ecd4c-d662-37cc-a069-2d669471410e,NVIDIA A30,25,15507,24576,177.74,54
2026-10-04T21:28:04.669340+00:00,0,GPU-459c992a-cb19-fec9-a6ff-f14309e0e86a,NVIDIA A30,0,0,24576,31.69,31
2026-10-04T21:28:04.669340+00:00,1,GPU-e3de7dc8-620f-0d1f-8bd9-d047dad41fe1,NVIDIA A30,98,8881,24576,162.15,56
2026-10-04T21:28:04.669340+00:00,2,GPU-e40ecd4c-d662-37cc-a069-2d669471410e,NVIDIA A30,100,15507,24576,159.53,54
2026-10-04T21:28:09.782096+00:00,0,GPU-459c992a-cb19-fec9-a6ff-f14309e0e86a,NVIDIA A30,0,0,24576,31.69,31
2026-10-04T21:28:09.782096+00:00,1,GPU-e3de7dc8-620f-0d1f-8bd9-d047dad41fe1,NVIDIA A30,98,8881,24576,159.00,56
2026-10-04T21:28:09.782096+00:00,2,GPU-e40ecd4c-d662-37cc-a069-2d669471410e,NVIDIA A30,100,15507,24576,158.52,54
2026-10-04T21:28:14.904162+00:00,0,GPU-459c992a-cb19-fec9-a6ff-f14309e0e86a,NVIDIA A30,0,0,24576,31.59,31
2026-10-04T21:28:14.904162+00:00,1,GPU-e3de7dc8-620f-0d1f-8bd9-d047dad41fe1,NVIDIA A30,98,8881,24576,163.47,56
2026-10-04T21:28:14.904162+00:00,2,GPU-e40ecd4c-d662-37cc-a069-2d669471410e,NVIDIA A30,100,15507,24576,174.48,54
2026-10-04T21:28:20.021003+00:00,0,GPU-459c992a-cb19-fec9-a6ff-f14309e0e86a,NVIDIA A30,0,0,24576,31.61,31
2026-10-04T21:28:20.021003+00:00,1,GPU-e3de7dc8-620f-0d1f-8bd9-d047dad41fe1,NVIDIA A30,98,8881,24576,153.79,57
2026-10-04T21:28:20.021003+00:00,2,GPU-e40ecd4c-d662-37cc-a069-2d669471410e,NVIDIA A30,0,15507,24576,57.14,49
2026-10-04T21:28:25.140560+00:00,0,GPU-459c992a-cb19-fec9-a6ff-f14309e0e86a,NVIDIA A30,0,0,24576,31.81,31
2026-10-04T21:28:25.140560+00:00,1,GPU-e3de7dc8-620f-0d1f-8bd9-d047dad41fe1,NVIDIA A30,98,8881,24576,162.69,57
2026-10-04T21:28:25.140560+00:00,2,GPU-e40ecd4c-d662-37cc-a069-2d669471410e,NVIDIA A30,0,0,24576,32.51,46
2026-10-04T21:28:30.259634+00:00,0,GPU-459c992a-cb19-fec9-a6ff-f14309e0e86a,NVIDIA A30,0,0,24576,31.70,31
2026-10-04T21:28:30.259634+00:00,1,GPU-e3de7dc8-620f-0d1f-8bd9-d047dad41fe1,NVIDIA A30,100,8881,24576,164.11,57
2026-10-04T21:28:30.259634+00:00,2,GPU-e40ecd4c-d662-37cc-a069-2d669471410e,NVIDIA A30,0,7417,24576,34.49,44
2026-10-04T21:28:35.387646+00:00,0,GPU-459c992a-cb19-fec9-a6ff-f14309e0e86a,NVIDIA A30,0,0,24576,31.71,31
2026-10-04T21:28:35.387646+00:00,1,GPU-e3de7dc8-620f-0d1f-8bd9-d047dad41fe1,NVIDIA A30,98,8881,24576,169.74,57
2026-10-04T21:28:35.387646+00:00,2,GPU-e40ecd4c-d662-37cc-a069-2d669471410e,NVIDIA A30,28,7667,24576,35.77,43
2026-10-04T21:28:40.491216+00:00,0,GPU-459c992a-cb19-fec9-a6ff-f14309e0e86a,NVIDIA A30,0,0,24576,31.71,31
2026-10-04T21:28:40.491216+00:00,1,GPU-e3de7dc8-620f-0d1f-8bd9-d047dad41fe1,NVIDIA A30,0,0,24576,56.97,48
2026-10-04T21:28:40.491216+00:00,2,GPU-e40ecd4c-d662-37cc-a069-2d669471410e,NVIDIA A30,98,15459,24576,174.31,49
2026-10-04T21:28:45.605292+00:00,0,GPU-459c992a-cb19-fec9-a6ff-f14309e0e86a,NVIDIA A30,0,0,24576,31.72,31
2026-10-04T21:28:45.605292+00:00,1,GPU-e3de7dc8-620f-0d1f-8bd9-d047dad41fe1,NVIDIA A30,0,4,24576,32.45,45
2026-10-04T21:28:45.605292+00:00,2,GPU-e40ecd4c-d662-37cc-a069-2d669471410e,NVIDIA A30,96,15459,24576,154.51,50
2026-10-04T21:28:50.717134+00:00,0,GPU-459c992a-cb19-fec9-a6ff-f14309e0e86a,NVIDIA A30,0,0,24576,31.62,31
2026-10-04T21:28:50.717134+00:00,1,GPU-e3de7dc8-620f-0d1f-8bd9-d047dad41fe1,NVIDIA A30,0,8449,24576,54.62,44
2026-10-04T21:28:50.717134+00:00,2,GPU-e40ecd4c-d662-37cc-a069-2d669471410e,NVIDIA A30,97,15459,24576,155.93,51
2026-10-04T21:28:55.828251+00:00,0,GPU-459c992a-cb19-fec9-a6ff-f14309e0e86a,NVIDIA A30,0,0,24576,31.79,31
2026-10-04T21:28:55.828251+00:00,1,GPU-e3de7dc8-620f-0d1f-8bd9-d047dad41fe1,NVIDIA A30,77,9171,24576,164.57,51
2026-10-04T21:28:55.828251+00:00,2,GPU-e40ecd4c-d662-37cc-a069-2d669471410e,NVIDIA A30,98,15459,24576,174.59,52
2026-10-04T21:29:00.935848+00:00,0,GPU-459c992a-cb19-fec9-a6ff-f14309e0e86a,NVIDIA A30,0,0,24576,31.61,31
2026-10-04T21:29:00.935848+00:00,1,GPU-e3de7dc8-620f-0d1f-8bd9-d047dad41fe1,NVIDIA A30,100,9171,24576,151.33,51
2026-10-04T21:29:00.935848+00:00,2,GPU-e40ecd4c-d662-37cc-a069-2d669471410e,NVIDIA A30,96,15459,24576,171.46,52
2026-10-04T21:29:06.048325+00:00,0,GPU-459c992a-cb19-fec9-a6ff-f14309e0e86a,NVIDIA A30,0,0,24576,31.59,31
2026-10-04T21:29:06.048325+00:00,1,GPU-e3de7dc8-620f-0d1f-8bd9-d047dad41fe1,NVIDIA A30,84,9171,24576,159.58,53
2026-10-04T21:29:06.048325+00:00,2,GPU-e40ecd4c-d662-37cc-a069-2d669471410e,NVIDIA A30,97,15459,24576,165.09,52
2026-10-04T21:29:11.154437+00:00,0,GPU-459c992a-cb19-fec9-a6ff-f14309e0e86a,NVIDIA A30,0,0,24576,31.69,31
2026-10-04T21:29:11.154437+00:00,1,GPU-e3de7dc8-620f-0d1f-8bd9-d047dad41fe1,NVIDIA A30,7,9171,24576,142.18,52
2026-10-04T21:29:11.154437+00:00,2,GPU-e40ecd4c-d662-37cc-a069-2d669471410e,NVIDIA A30,97,15459,24576,169.58,53
2026-10-04T21:29:16.261596+00:00,0,GPU-459c992a-cb19-fec9-a6ff-f14309e0e86a,NVIDIA A30,0,0,24576,31.69,31
2026-10-04T21:29:16.261596+00:00,1,GPU-e3de7dc8-620f-0d1f-8bd9-d047dad41fe1,NVIDIA A30,100,9189,24576,151.28,53
2026-10-04T21:29:16.261596+00:00,2,GPU-e40ecd4c-d662-37cc-a069-2d669471410e,NVIDIA A30,98,15459,24576,168.15,53
2026-10-04T21:29:21.391473+00:00,0,GPU-459c992a-cb19-fec9-a6ff-f14309e0e86a,NVIDIA A30,0,0,24576,31.50,31
2026-10-04T21:29:21.391473+00:00,1,GPU-e3de7dc8-620f-0d1f-8bd9-d047dad41fe1,NVIDIA A30,100,9189,24576,142.87,53
2026-10-04T21:29:21.391473+00:00,2,GPU-e40ecd4c-d662-37cc-a069-2d669471410e,NVIDIA A30,97,15459,24576,162.18,53
2026-10-04T21:29:26.511584+00:00,0,GPU-459c992a-cb19-fec9-a6ff-f14309e0e86a,NVIDIA A30,0,0,24576,31.59,31
2026-10-04T21:29:26.511584+00:00,1,GPU-e3de7dc8-620f-0d1f-8bd9-d047dad41fe1,NVIDIA A30,93,9189,24576,139.63,53
2026-10-04T21:29:26.511584+00:00,2,GPU-e40ecd4c-d662-37cc-a069-2d669471410e,NVIDIA A30,97,15459,24576,130.25,53
2026-10-04T21:29:31.638024+00:00,0,GPU-459c992a-cb19-fec9-a6ff-f14309e0e86a,NVIDIA A30,0,0,24576,31.71,31
2026-10-04T21:29:31.638024+00:00,1,GPU-e3de7dc8-620f-0d1f-8bd9-d047dad41fe1,NVIDIA A30,12,9189,24576,156.62,53
2026-10-04T21:29:31.638024+00:00,2,GPU-e40ecd4c-d662-37cc-a069-2d669471410e,NVIDIA A30,97,15459,24576,174.51,54
2026-10-04T21:29:36.747953+00:00,0,GPU-459c992a-cb19-fec9-a6ff-f14309e0e86a,NVIDIA A30,0,0,24576,31.69,31
2026-10-04T21:29:36.747953+00:00,1,GPU-e3de7dc8-620f-0d1f-8bd9-d047dad41fe1,NVIDIA A30,86,9189,24576,148.72,54
2026-10-04T21:29:36.747953+00:00,2,GPU-e40ecd4c-d662-37cc-a069-2d669471410e,NVIDIA A30,97,15459,24576,149.40,54
2026-10-04T21:29:41.858088+00:00,0,GPU-459c992a-cb19-fec9-a6ff-f14309e0e86a,NVIDIA A30,0,0,24576,31.69,31
2026-10-04T21:29:41.858088+00:00,1,GPU-e3de7dc8-620f-0d1f-8bd9-d047dad41fe1,NVIDIA A30,100,9189,24576,152.70,54
2026-10-04T21:29:41.858088+00:00,2,GPU-e40ecd4c-d662-37cc-a069-2d669471410e,NVIDIA A30,100,15459,24576,178.73,54
2026-10-04T21:29:46.976458+00:00,0,GPU-459c992a-cb19-fec9-a6ff-f14309e0e86a,NVIDIA A30,0,4,24576,31.79,31
2026-10-04T21:29:46.976458+00:00,1,GPU-e3de7dc8-620f-0d1f-8bd9-d047dad41fe1,NVIDIA A30,99,9189,24576,142.67,54
2026-10-04T21:29:46.976458+00:00,2,GPU-e40ecd4c-d662-37cc-a069-2d669471410e,NVIDIA A30,100,15459,24576,170.42,54
2026-10-04T21:29:52.087132+00:00,0,GPU-459c992a-cb19-fec9-a6ff-f14309e0e86a,NVIDIA A30,0,0,24576,31.71,31
2026-10-04T21:29:52.087132+00:00,1,GPU-e3de7dc8-620f-0d1f-8bd9-d047dad41fe1,NVIDIA A30,100,9189,24576,115.72,53
2026-10-04T21:29:52.087132+00:00,2,GPU-e40ecd4c-d662-37cc-a069-2d669471410e,NVIDIA A30,100,15459,24576,170.86,54
2026-10-04T21:29:57.202689+00:00,0,GPU-459c992a-cb19-fec9-a6ff-f14309e0e86a,NVIDIA A30,3,2063,24576,62.71,32
2026-10-04T21:29:57.202689+00:00,1,GPU-e3de7dc8-620f-0d1f-8bd9-d047dad41fe1,NVIDIA A30,93,9189,24576,137.39,53
2026-10-04T21:29:57.202689+00:00,2,GPU-e40ecd4c-d662-37cc-a069-2d669471410e,NVIDIA A30,98,15459,24576,168.90,55
2026-10-04T21:30:02.316604+00:00,0,GPU-459c992a-cb19-fec9-a6ff-f14309e0e86a,NVIDIA A30,91,2063,24576,133.75,38
2026-10-04T21:30:02.316604+00:00,1,GPU-e3de7dc8-620f-0d1f-8bd9-d047dad41fe1,NVIDIA A30,75,9189,24576,139.28,54
2026-10-04T21:30:02.316604+00:00,2,GPU-e40ecd4c-d662-37cc-a069-2d669471410e,NVIDIA A30,97,15459,24576,151.67,55
2026-10-04T21:30:07.442303+00:00,0,GPU-459c992a-cb19-fec9-a6ff-f14309e0e86a,NVIDIA A30,89,2063,24576,138.61,40
2026-10-04T21:30:07.442303+00:00,1,GPU-e3de7dc8-620f-0d1f-8bd9-d047dad41fe1,NVIDIA A30,0,9189,24576,57.22,49
2026-10-04T21:30:07.442303+00:00,2,GPU-e40ecd4c-d662-37cc-a069-2d669471410e,NVIDIA A30,100,15459,24576,168.12,55
2026-10-04T21:30:12.581081+00:00,0,GPU-459c992a-cb19-fec9-a6ff-f14309e0e86a,NVIDIA A30,87,2063,24576,137.84,40
2026-10-04T21:30:12.581081+00:00,1,GPU-e3de7dc8-620f-0d1f-8bd9-d047dad41fe1,NVIDIA A30,94,9189,24576,133.14,54
2026-10-04T21:30:12.581081+00:00,2,GPU-e40ecd4c-d662-37cc-a069-2d669471410e,NVIDIA A30,100,15459,24576,160.89,55
2026-10-04T21:30:17.691258+00:00,0,GPU-459c992a-cb19-fec9-a6ff-f14309e0e86a,NVIDIA A30,90,2063,24576,136.21,42
2026-10-04T21:30:17.691258+00:00,1,GPU-e3de7dc8-620f-0d1f-8bd9-d047dad41fe1,NVIDIA A30,78,9189,24576,175.66,53
2026-10-04T21:30:17.691258+00:00,2,GPU-e40ecd4c-d662-37cc-a069-2d669471410e,NVIDIA A30,100,15459,24576,170.50,55
2026-10-04T21:30:22.805061+00:00,0,GPU-459c992a-cb19-fec9-a6ff-f14309e0e86a,NVIDIA A30,89,2063,24576,131.38,43
2026-10-04T21:30:22.805061+00:00,1,GPU-e3de7dc8-620f-0d1f-8bd9-d047dad41fe1,NVIDIA A30,0,9189,24576,57.71,49
2026-10-04T21:30:22.805061+00:00,2,GPU-e40ecd4c-d662-37cc-a069-2d669471410e,NVIDIA A30,98,15459,24576,163.81,55
2026-10-04T21:30:27.902585+00:00,0,GPU-459c992a-cb19-fec9-a6ff-f14309e0e86a,NVIDIA A30,85,2063,24576,124.27,43
2026-10-04T21:30:27.902585+00:00,1,GPU-e3de7dc8-620f-0d1f-8bd9-d047dad41fe1,NVIDIA A30,90,9189,24576,159.29,53
2026-10-04T21:30:27.902585+00:00,2,GPU-e40ecd4c-d662-37cc-a069-2d669471410e,NVIDIA A30,97,15459,24576,157.04,55
2026-10-04T21:30:33.015151+00:00,0,GPU-459c992a-cb19-fec9-a6ff-f14309e0e86a,NVIDIA A30,5,2063,24576,58.67,41
2026-10-04T21:30:33.015151+00:00,1,GPU-e3de7dc8-620f-0d1f-8bd9-d047dad41fe1,NVIDIA A30,71,9189,24576,134.69,53
2026-10-04T21:30:33.015151+00:00,2,GPU-e40ecd4c-d662-37cc-a069-2d669471410e,NVIDIA A30,97,15459,24576,168.82,55
2026-10-04T21:30:38.116883+00:00,0,GPU-459c992a-cb19-fec9-a6ff-f14309e0e86a,NVIDIA A30,88,2063,24576,111.53,45
2026-10-04T21:30:38.116883+00:00,1,GPU-e3de7dc8-620f-0d1f-8bd9-d047dad41fe1,NVIDIA A30,15,0,24576,36.20,45
2026-10-04T21:30:38.116883+00:00,2,GPU-e40ecd4c-d662-37cc-a069-2d669471410e,NVIDIA A30,97,15459,24576,161.01,55
2026-10-04T21:30:43.233317+00:00,0,GPU-459c992a-cb19-fec9-a6ff-f14309e0e86a,NVIDIA A30,89,2063,24576,131.13,46
2026-10-04T21:30:43.233317+00:00,1,GPU-e3de7dc8-620f-0d1f-8bd9-d047dad41fe1,NVIDIA A30,0,0,24576,31.75,43
2026-10-04T21:30:43.233317+00:00,2,GPU-e40ecd4c-d662-37cc-a069-2d669471410e,NVIDIA A30,97,15459,24576,156.63,55
2026-10-04T21:30:48.342300+00:00,0,GPU-459c992a-cb19-fec9-a6ff-f14309e0e86a,NVIDIA A30,87,2063,24576,131.02,46
2026-10-04T21:30:48.342300+00:00,1,GPU-e3de7dc8-620f-0d1f-8bd9-d047dad41fe1,NVIDIA A30,49,5399,24576,54.77,42
2026-10-04T21:30:48.342300+00:00,2,GPU-e40ecd4c-d662-37cc-a069-2d669471410e,NVIDIA A30,98,15459,24576,168.47,55
2026-10-04T21:30:53.451340+00:00,0,GPU-459c992a-cb19-fec9-a6ff-f14309e0e86a,NVIDIA A30,91,2063,24576,116.12,47
2026-10-04T21:30:53.451340+00:00,1,GPU-e3de7dc8-620f-0d1f-8bd9-d047dad41fe1,NVIDIA A30,98,8741,24576,152.15,51
2026-10-04T21:30:53.451340+00:00,2,GPU-e40ecd4c-d662-37cc-a069-2d669471410e,NVIDIA A30,98,15459,24576,165.73,55
2026-10-04T21:30:58.567019+00:00,0,GPU-459c992a-cb19-fec9-a6ff-f14309e0e86a,NVIDIA A30,90,2063,24576,131.76,47
2026-10-04T21:30:58.567019+00:00,1,GPU-e3de7dc8-620f-0d1f-8bd9-d047dad41fe1,NVIDIA A30,98,8881,24576,167.07,52
2026-10-04T21:30:58.567019+00:00,2,GPU-e40ecd4c-d662-37cc-a069-2d669471410e,NVIDIA A30,100,15459,24576,161.10,55
2026-10-04T21:31:03.683678+00:00,0,GPU-459c992a-cb19-fec9-a6ff-f14309e0e86a,NVIDIA A30,91,2063,24576,143.01,48
2026-10-04T21:31:03.683678+00:00,1,GPU-e3de7dc8-620f-0d1f-8bd9-d047dad41fe1,NVIDIA A30,97,8881,24576,166.81,53
2026-10-04T21:31:03.683678+00:00,2,GPU-e40ecd4c-d662-37cc-a069-2d669471410e,NVIDIA A30,100,15459,24576,171.18,56
2026-10-04T21:31:08.787571+00:00,0,GPU-459c992a-cb19-fec9-a6ff-f14309e0e86a,NVIDIA A30,90,2063,24576,128.68,49
2026-10-04T21:31:08.787571+00:00,1,GPU-e3de7dc8-620f-0d1f-8bd9-d047dad41fe1,NVIDIA A30,97,8881,24576,162.76,53
2026-10-04T21:31:08.787571+00:00,2,GPU-e40ecd4c-d662-37cc-a069-2d669471410e,NVIDIA A30,100,15459,24576,163.41,55
2026-10-04T21:31:13.895390+00:00,0,GPU-459c992a-cb19-fec9-a6ff-f14309e0e86a,NVIDIA A30,89,2063,24576,136.79,49
2026-10-04T21:31:13.895390+00:00,1,GPU-e3de7dc8-620f-0d1f-8bd9-d047dad41fe1,NVIDIA A30,98,8881,24576,170.38,54
2026-10-04T21:31:13.895390+00:00,2,GPU-e40ecd4c-d662-37cc-a069-2d669471410e,NVIDIA A30,98,15459,24576,165.42,55
2026-10-04T21:31:19.012048+00:00,0,GPU-459c992a-cb19-fec9-a6ff-f14309e0e86a,NVIDIA A30,91,2063,24576,143.11,49
2026-10-04T21:31:19.012048+00:00,1,GPU-e3de7dc8-620f-0d1f-8bd9-d047dad41fe1,NVIDIA A30,98,8881,24576,163.25,54
2026-10-04T21:31:19.012048+00:00,2,GPU-e40ecd4c-d662-37cc-a069-2d669471410e,NVIDIA A30,96,15459,24576,166.69,56
2026-10-04T21:31:24.136815+00:00,0,GPU-459c992a-cb19-fec9-a6ff-f14309e0e86a,NVIDIA A30,88,2063,24576,144.94,50
2026-10-04T21:31:24.136815+00:00,1,GPU-e3de7dc8-620f-0d1f-8bd9-d047dad41fe1,NVIDIA A30,96,8881,24576,171.69,54
2026-10-04T21:31:24.136815+00:00,2,GPU-e40ecd4c-d662-37cc-a069-2d669471410e,NVIDIA A30,95,4,24576,56.02,48
2026-10-04T21:31:29.235867+00:00,0,GPU-459c992a-cb19-fec9-a6ff-f14309e0e86a,NVIDIA A30,92,2063,24576,122.76,50
2026-10-04T21:31:29.235867+00:00,1,GPU-e3de7dc8-620f-0d1f-8bd9-d047dad41fe1,NVIDIA A30,96,8881,24576,167.29,54
2026-10-04T21:31:29.235867+00:00,2,GPU-e40ecd4c-d662-37cc-a069-2d669471410e,NVIDIA A30,0,0,24576,32.31,45
2026-10-04T21:31:34.343398+00:00,0,GPU-459c992a-cb19-fec9-a6ff-f14309e0e86a,NVIDIA A30,88,2063,24576,140.00,50
2026-10-04T21:31:34.343398+00:00,1,GPU-e3de7dc8-620f-0d1f-8bd9-d047dad41fe1,NVIDIA A30,97,8881,24576,171.71,55
2026-10-04T21:31:34.343398+00:00,2,GPU-e40ecd4c-d662-37cc-a069-2d669471410e,NVIDIA A30,0,19,24576,34.38,44
2026-10-04T21:31:39.484381+00:00,0,GPU-459c992a-cb19-fec9-a6ff-f14309e0e86a,NVIDIA A30,92,2063,24576,132.93,51
2026-10-04T21:31:39.484381+00:00,1,GPU-e3de7dc8-620f-0d1f-8bd9-d047dad41fe1,NVIDIA A30,98,8881,24576,141.64,55
2026-10-04T21:31:39.484381+00:00,2,GPU-e40ecd4c-d662-37cc-a069-2d669471410e,NVIDIA A30,0,7667,24576,33.90,43
2026-10-04T21:31:44.585651+00:00,0,GPU-459c992a-cb19-fec9-a6ff-f14309e0e86a,NVIDIA A30,88,2063,24576,141.82,51
2026-10-04T21:31:44.585651+00:00,1,GPU-e3de7dc8-620f-0d1f-8bd9-d047dad41fe1,NVIDIA A30,77,8881,24576,169.49,55
2026-10-04T21:31:44.585651+00:00,2,GPU-e40ecd4c-d662-37cc-a069-2d669471410e,NVIDIA A30,90,15511,24576,160.91,49
2026-10-04T21:31:49.698465+00:00,0,GPU-459c992a-cb19-fec9-a6ff-f14309e0e86a,NVIDIA A30,91,2063,24576,142.71,51
2026-10-04T21:31:49.698465+00:00,1,GPU-e3de7dc8-620f-0d1f-8bd9-d047dad41fe1,NVIDIA A30,98,8881,24576,137.46,56
2026-10-04T21:31:49.698465+00:00,2,GPU-e40ecd4c-d662-37cc-a069-2d669471410e,NVIDIA A30,88,15511,24576,55.14,46
2026-10-04T21:31:54.808116+00:00,0,GPU-459c992a-cb19-fec9-a6ff-f14309e0e86a,NVIDIA A30,91,2063,24576,137.39,51
2026-10-04T21:31:54.808116+00:00,1,GPU-e3de7dc8-620f-0d1f-8bd9-d047dad41fe1,NVIDIA A30,99,8881,24576,163.12,56
2026-10-04T21:31:54.808116+00:00,2,GPU-e40ecd4c-d662-37cc-a069-2d669471410e,NVIDIA A30,85,15511,24576,98.94,50
2026-10-04T21:31:59.923651+00:00,0,GPU-459c992a-cb19-fec9-a6ff-f14309e0e86a,NVIDIA A30,88,2063,24576,143.65,52
2026-10-04T21:31:59.923651+00:00,1,GPU-e3de7dc8-620f-0d1f-8bd9-d047dad41fe1,NVIDIA A30,98,8881,24576,165.28,56
2026-10-04T21:31:59.923651+00:00,2,GPU-e40ecd4c-d662-37cc-a069-2d669471410e,NVIDIA A30,100,15513,24576,183.48,51
2026-10-04T21:32:05.048694+00:00,0,GPU-459c992a-cb19-fec9-a6ff-f14309e0e86a,NVIDIA A30,90,2063,24576,145.72,52
2026-10-04T21:32:05.048694+00:00,1,GPU-e3de7dc8-620f-0d1f-8bd9-d047dad41fe1,NVIDIA A30,98,8881,24576,172.91,56
2026-10-04T21:32:05.048694+00:00,2,GPU-e40ecd4c-d662-37cc-a069-2d669471410e,NVIDIA A30,100,15513,24576,154.00,51
2026-10-04T21:32:10.175192+00:00,0,GPU-459c992a-cb19-fec9-a6ff-f14309e0e86a,NVIDIA A30,91,2063,24576,145.88,52
2026-10-04T21:32:10.175192+00:00,1,GPU-e3de7dc8-620f-0d1f-8bd9-d047dad41fe1,NVIDIA A30,98,8881,24576,165.45,56
2026-10-04T21:32:10.175192+00:00,2,GPU-e40ecd4c-d662-37cc-a069-2d669471410e,NVIDIA A30,90,15513,24576,163.22,52
2026-10-04T21:32:15.279760+00:00,0,GPU-459c992a-cb19-fec9-a6ff-f14309e0e86a,NVIDIA A30,88,2063,24576,126.73,52
2026-10-04T21:32:15.279760+00:00,1,GPU-e3de7dc8-620f-0d1f-8bd9-d047dad41fe1,NVIDIA A30,98,8881,24576,165.03,56
2026-10-04T21:32:15.279760+00:00,2,GPU-e40ecd4c-d662-37cc-a069-2d669471410e,NVIDIA A30,98,15513,24576,169.61,52
2026-10-04T21:32:20.397565+00:00,0,GPU-459c992a-cb19-fec9-a6ff-f14309e0e86a,NVIDIA A30,91,2063,24576,144.69,53
2026-10-04T21:32:20.397565+00:00,1,GPU-e3de7dc8-620f-0d1f-8bd9-d047dad41fe1,NVIDIA A30,98,8881,24576,163.75,57
2026-10-04T21:32:20.397565+00:00,2,GPU-e40ecd4c-d662-37cc-a069-2d669471410e,NVIDIA A30,100,15513,24576,68.55,52
2026-10-04T21:32:25.514400+00:00,0,GPU-459c992a-cb19-fec9-a6ff-f14309e0e86a,NVIDIA A30,90,2063,24576,145.57,53
2026-10-04T21:32:25.514400+00:00,1,GPU-e3de7dc8-620f-0d1f-8bd9-d047dad41fe1,NVIDIA A30,98,8881,24576,162.79,56
2026-10-04T21:32:25.514400+00:00,2,GPU-e40ecd4c-d662-37cc-a069-2d669471410e,NVIDIA A30,100,15513,24576,143.11,52
2026-10-04T21:32:30.624339+00:00,0,GPU-459c992a-cb19-fec9-a6ff-f14309e0e86a,NVIDIA A30,89,2063,24576,130.39,53
2026-10-04T21:32:30.624339+00:00,1,GPU-e3de7dc8-620f-0d1f-8bd9-d047dad41fe1,NVIDIA A30,98,8881,24576,165.07,57
2026-10-04T21:32:30.624339+00:00,2,GPU-e40ecd4c-d662-37cc-a069-2d669471410e,NVIDIA A30,100,15513,24576,143.04,52
2026-10-04T21:32:35.726382+00:00,0,GPU-459c992a-cb19-fec9-a6ff-f14309e0e86a,NVIDIA A30,92,2063,24576,146.06,54
2026-10-04T21:32:35.726382+00:00,1,GPU-e3de7dc8-620f-0d1f-8bd9-d047dad41fe1,NVIDIA A30,100,8881,24576,153.54,57
2026-10-04T21:32:35.726382+00:00,2,GPU-e40ecd4c-d662-37cc-a069-2d669471410e,NVIDIA A30,94,15513,24576,164.49,53
2026-10-04T21:32:40.849799+00:00,0,GPU-459c992a-cb19-fec9-a6ff-f14309e0e86a,NVIDIA A30,80,2063,24576,105.38,53
2026-10-04T21:32:40.849799+00:00,1,GPU-e3de7dc8-620f-0d1f-8bd9-d047dad41fe1,NVIDIA A30,0,8881,24576,35.82,48
2026-10-04T21:32:40.849799+00:00,2,GPU-e40ecd4c-d662-37cc-a069-2d669471410e,NVIDIA A30,100,15513,24576,55.67,50
2026-10-04T21:32:45.951236+00:00,0,GPU-459c992a-cb19-fec9-a6ff-f14309e0e86a,NVIDIA A30,79,2063,24576,133.65,53
2026-10-04T21:32:45.951236+00:00,1,GPU-e3de7dc8-620f-0d1f-8bd9-d047dad41fe1,NVIDIA A30,0,0,24576,32.43,45
2026-10-04T21:32:45.951236+00:00,2,GPU-e40ecd4c-d662-37cc-a069-2d669471410e,NVIDIA A30,100,15513,24576,169.91,53
2026-10-04T21:32:51.061550+00:00,0,GPU-459c992a-cb19-fec9-a6ff-f14309e0e86a,NVIDIA A30,82,2063,24576,140.79,53
2026-10-04T21:32:51.061550+00:00,1,GPU-e3de7dc8-620f-0d1f-8bd9-d047dad41fe1,NVIDIA A30,0,4,24576,31.94,43
2026-10-04T21:32:51.061550+00:00,2,GPU-e40ecd4c-d662-37cc-a069-2d669471410e,NVIDIA A30,100,15513,24576,177.90,53
2026-10-04T21:32:56.177477+00:00,0,GPU-459c992a-cb19-fec9-a6ff-f14309e0e86a,NVIDIA A30,86,2063,24576,133.88,53
2026-10-04T21:32:56.177477+00:00,1,GPU-e3de7dc8-620f-0d1f-8bd9-d047dad41fe1,NVIDIA A30,99,9127,24576,161.24,49
2026-10-04T21:32:56.177477+00:00,2,GPU-e40ecd4c-d662-37cc-a069-2d669471410e,NVIDIA A30,94,15513,24576,162.34,53
2026-10-04T21:33:01.299014+00:00,0,GPU-459c992a-cb19-fec9-a6ff-f14309e0e86a,NVIDIA A30,100,4021,24576,142.77,54
2026-10-04T21:33:01.299014+00:00,1,GPU-e3de7dc8-620f-0d1f-8bd9-d047dad41fe1,NVIDIA A30,94,9155,24576,177.48,52
2026-10-04T21:33:01.299014+00:00,2,GPU-e40ecd4c-d662-37cc-a069-2d669471410e,NVIDIA A30,100,15513,24576,146.06,54
2026-10-04T21:33:06.400541+00:00,0,GPU-459c992a-cb19-fec9-a6ff-f14309e0e86a,NVIDIA A30,98,4023,24576,148.75,54
2026-10-04T21:33:06.400541+00:00,1,GPU-e3de7dc8-620f-0d1f-8bd9-d047dad41fe1,NVIDIA A30,92,9155,24576,140.42,52
2026-10-04T21:33:06.400541+00:00,2,GPU-e40ecd4c-d662-37cc-a069-2d669471410e,NVIDIA A30,100,15513,24576,157.87,53
2026-10-04T21:33:11.505880+00:00,0,GPU-459c992a-cb19-fec9-a6ff-f14309e0e86a,NVIDIA A30,84,1963,24576,132.20,53
2026-10-04T21:33:11.505880+00:00,1,GPU-e3de7dc8-620f-0d1f-8bd9-d047dad41fe1,NVIDIA A30,78,9155,24576,146.37,52
2026-10-04T21:33:11.505880+00:00,2,GPU-e40ecd4c-d662-37cc-a069-2d669471410e,NVIDIA A30,94,15513,24576,155.53,54
2026-10-04T21:33:16.629874+00:00,0,GPU-459c992a-cb19-fec9-a6ff-f14309e0e86a,NVIDIA A30,77,1963,24576,125.87,53
2026-10-04T21:33:16.629874+00:00,1,GPU-e3de7dc8-620f-0d1f-8bd9-d047dad41fe1,NVIDIA A30,100,9155,24576,156.14,52
2026-10-04T21:33:16.629874+00:00,2,GPU-e40ecd4c-d662-37cc-a069-2d669471410e,NVIDIA A30,100,15513,24576,141.15,54
2026-10-04T21:33:21.762926+00:00,0,GPU-459c992a-cb19-fec9-a6ff-f14309e0e86a,NVIDIA A30,76,1963,24576,120.80,53
2026-10-04T21:33:21.762926+00:00,1,GPU-e3de7dc8-620f-0d1f-8bd9-d047dad41fe1,NVIDIA A30,95,9155,24576,156.44,53
2026-10-04T21:33:21.762926+00:00,2,GPU-e40ecd4c-d662-37cc-a069-2d669471410e,NVIDIA A30,100,15513,24576,144.55,54
2026-10-04T21:33:26.866180+00:00,0,GPU-459c992a-cb19-fec9-a6ff-f14309e0e86a,NVIDIA A30,78,1963,24576,136.11,53
2026-10-04T21:33:26.866180+00:00,1,GPU-e3de7dc8-620f-0d1f-8bd9-d047dad41fe1,NVIDIA A30,80,9191,24576,138.16,53
2026-10-04T21:33:26.866180+00:00,2,GPU-e40ecd4c-d662-37cc-a069-2d669471410e,NVIDIA A30,100,15513,24576,148.72,54
2026-10-04T21:33:31.969735+00:00,0,GPU-459c992a-cb19-fec9-a6ff-f14309e0e86a,NVIDIA A30,78,1963,24576,132.92,53
2026-10-04T21:33:31.969735+00:00,1,GPU-e3de7dc8-620f-0d1f-8bd9-d047dad41fe1,NVIDIA A30,97,9191,24576,146.26,53
2026-10-04T21:33:31.969735+00:00,2,GPU-e40ecd4c-d662-37cc-a069-2d669471410e,NVIDIA A30,95,15513,24576,171.13,55
2026-10-04T21:33:37.073320+00:00,0,GPU-459c992a-cb19-fec9-a6ff-f14309e0e86a,NVIDIA A30,78,1963,24576,128.70,53
2026-10-04T21:33:37.073320+00:00,1,GPU-e3de7dc8-620f-0d1f-8bd9-d047dad41fe1,NVIDIA A30,100,9191,24576,142.61,53
2026-10-04T21:33:37.073320+00:00,2,GPU-e40ecd4c-d662-37cc-a069-2d669471410e,NVIDIA A30,92,15513,24576,141.94,54
2026-10-04T21:33:42.182948+00:00,0,GPU-459c992a-cb19-fec9-a6ff-f14309e0e86a,NVIDIA A30,78,1963,24576,126.18,53
2026-10-04T21:33:42.182948+00:00,1,GPU-e3de7dc8-620f-0d1f-8bd9-d047dad41fe1,NVIDIA A30,81,9191,24576,139.34,54
2026-10-04T21:33:42.182948+00:00,2,GPU-e40ecd4c-d662-37cc-a069-2d669471410e,NVIDIA A30,100,15513,24576,152.86,54
2026-10-04T21:33:47.283193+00:00,0,GPU-459c992a-cb19-fec9-a6ff-f14309e0e86a,NVIDIA A30,85,3767,24576,131.39,53
2026-10-04T21:33:47.283193+00:00,1,GPU-e3de7dc8-620f-0d1f-8bd9-d047dad41fe1,NVIDIA A30,77,9191,24576,145.81,54
2026-10-04T21:33:47.283193+00:00,2,GPU-e40ecd4c-d662-37cc-a069-2d669471410e,NVIDIA A30,100,15513,24576,120.30,54
2026-10-04T21:33:52.390473+00:00,0,GPU-459c992a-cb19-fec9-a6ff-f14309e0e86a,NVIDIA A30,98,4041,24576,140.91,54
2026-10-04T21:33:52.390473+00:00,1,GPU-e3de7dc8-620f-0d1f-8bd9-d047dad41fe1,NVIDIA A30,99,9191,24576,168.77,53
2026-10-04T21:33:52.390473+00:00,2,GPU-e40ecd4c-d662-37cc-a069-2d669471410e,NVIDIA A30,97,15513,24576,161.36,55
2026-10-04T21:33:57.494851+00:00,0,GPU-459c992a-cb19-fec9-a6ff-f14309e0e86a,NVIDIA A30,98,4041,24576,143.52,54
2026-10-04T21:33:57.494851+00:00,1,GPU-e3de7dc8-620f-0d1f-8bd9-d047dad41fe1,NVIDIA A30,97,9191,24576,160.70,55
2026-10-04T21:33:57.494851+00:00,2,GPU-e40ecd4c-d662-37cc-a069-2d669471410e,NVIDIA A30,100,15513,24576,140.74,55
2026-10-04T21:34:02.608978+00:00,0,GPU-459c992a-cb19-fec9-a6ff-f14309e0e86a,NVIDIA A30,86,4041,24576,127.57,54
2026-10-04T21:34:02.608978+00:00,1,GPU-e3de7dc8-620f-0d1f-8bd9-d047dad41fe1,NVIDIA A30,83,9191,24576,160.50,54
2026-10-04T21:34:02.608978+00:00,2,GPU-e40ecd4c-d662-37cc-a069-2d669471410e,NVIDIA A30,100,15513,24576,144.57,55
2026-10-04T21:34:07.715050+00:00,0,GPU-459c992a-cb19-fec9-a6ff-f14309e0e86a,NVIDIA A30,76,2081,24576,131.68,53
2026-10-04T21:34:07.715050+00:00,1,GPU-e3de7dc8-620f-0d1f-8bd9-d047dad41fe1,NVIDIA A30,81,9191,24576,144.36,54
2026-10-04T21:34:07.715050+00:00,2,GPU-e40ecd4c-d662-37cc-a069-2d669471410e,NVIDIA A30,100,15513,24576,162.22,55
2026-10-04T21:34:12.836267+00:00,0,GPU-459c992a-cb19-fec9-a6ff-f14309e0e86a,NVIDIA A30,80,2081,24576,124.44,53
2026-10-04T21:34:12.836267+00:00,1,GPU-e3de7dc8-620f-0d1f-8bd9-d047dad41fe1,NVIDIA A30,95,9191,24576,119.16,54
2026-10-04T21:34:12.836267+00:00,2,GPU-e40ecd4c-d662-37cc-a069-2d669471410e,NVIDIA A30,95,15513,24576,156.88,54
2026-10-04T21:34:17.939187+00:00,0,GPU-459c992a-cb19-fec9-a6ff-f14309e0e86a,NVIDIA A30,77,2081,24576,131.67,53
2026-10-04T21:34:17.939187+00:00,1,GPU-e3de7dc8-620f-0d1f-8bd9-d047dad41fe1,NVIDIA A30,98,9191,24576,140.38,55
2026-10-04T21:34:17.939187+00:00,2,GPU-e40ecd4c-d662-37cc-a069-2d669471410e,NVIDIA A30,100,15513,24576,164.81,55
2026-10-04T21:34:23.045493+00:00,0,GPU-459c992a-cb19-fec9-a6ff-f14309e0e86a,NVIDIA A30,82,2081,24576,117.21,54
2026-10-04T21:34:23.045493+00:00,1,GPU-e3de7dc8-620f-0d1f-8bd9-d047dad41fe1,NVIDIA A30,98,9191,24576,143.91,55
2026-10-04T21:34:23.045493+00:00,2,GPU-e40ecd4c-d662-37cc-a069-2d669471410e,NVIDIA A30,0,0,24576,56.14,48
2026-10-04T21:34:28.145979+00:00,0,GPU-459c992a-cb19-fec9-a6ff-f14309e0e86a,NVIDIA A30,79,2081,24576,145.42,54
2026-10-04T21:34:28.145979+00:00,1,GPU-e3de7dc8-620f-0d1f-8bd9-d047dad41fe1,NVIDIA A30,100,9191,24576,151.30,54
2026-10-04T21:34:28.145979+00:00,2,GPU-e40ecd4c-d662-37cc-a069-2d669471410e,NVIDIA A30,0,4,24576,32.19,45
2026-10-04T21:34:33.263680+00:00,0,GPU-459c992a-cb19-fec9-a6ff-f14309e0e86a,NVIDIA A30,78,2081,24576,136.54,53
2026-10-04T21:34:33.263680+00:00,1,GPU-e3de7dc8-620f-0d1f-8bd9-d047dad41fe1,NVIDIA A30,94,9191,24576,174.80,55
2026-10-04T21:34:33.263680+00:00,2,GPU-e40ecd4c-d662-37cc-a069-2d669471410e,NVIDIA A30,29,7667,24576,54.06,45
2026-10-04T21:34:38.378672+00:00,0,GPU-459c992a-cb19-fec9-a6ff-f14309e0e86a,NVIDIA A30,86,2081,24576,136.36,53
2026-10-04T21:34:38.378672+00:00,1,GPU-e3de7dc8-620f-0d1f-8bd9-d047dad41fe1,NVIDIA A30,79,9191,24576,147.75,54
2026-10-04T21:34:38.378672+00:00,2,GPU-e40ecd4c-d662-37cc-a069-2d669471410e,NVIDIA A30,97,15459,24576,167.03,51
2026-10-04T21:34:43.496826+00:00,0,GPU-459c992a-cb19-fec9-a6ff-f14309e0e86a,NVIDIA A30,77,2081,24576,124.83,53
2026-10-04T21:34:43.496826+00:00,1,GPU-e3de7dc8-620f-0d1f-8bd9-d047dad41fe1,NVIDIA A30,100,9191,24576,161.74,55
2026-10-04T21:34:43.496826+00:00,2,GPU-e40ecd4c-d662-37cc-a069-2d669471410e,NVIDIA A30,100,15459,24576,159.37,51
2026-10-04T21:34:48.616989+00:00,0,GPU-459c992a-cb19-fec9-a6ff-f14309e0e86a,NVIDIA A30,0,0,24576,37.15,47
2026-10-04T21:34:48.616989+00:00,1,GPU-e3de7dc8-620f-0d1f-8bd9-d047dad41fe1,NVIDIA A30,100,9191,24576,141.82,55
2026-10-04T21:34:48.616989+00:00,2,GPU-e40ecd4c-d662-37cc-a069-2d669471410e,NVIDIA A30,100,15459,24576,163.81,52
2026-10-04T21:34:53.727484+00:00,0,GPU-459c992a-cb19-fec9-a6ff-f14309e0e86a,NVIDIA A30,0,0,24576,36.55,45
2026-10-04T21:34:53.727484+00:00,1,GPU-e3de7dc8-620f-0d1f-8bd9-d047dad41fe1,NVIDIA A30,79,9191,24576,164.45,55
2026-10-04T21:34:53.727484+00:00,2,GPU-e40ecd4c-d662-37cc-a069-2d669471410e,NVIDIA A30,100,15459,24576,177.54,53
2026-10-04T21:34:58.851111+00:00,0,GPU-459c992a-cb19-fec9-a6ff-f14309e0e86a,NVIDIA A30,0,0,24576,35.98,44
2026-10-04T21:34:58.851111+00:00,1,GPU-e3de7dc8-620f-0d1f-8bd9-d047dad41fe1,NVIDIA A30,0,0,24576,32.66,46
2026-10-04T21:34:58.851111+00:00,2,GPU-e40ecd4c-d662-37cc-a069-2d669471410e,NVIDIA A30,98,15459,24576,153.58,53
2026-10-04T21:35:03.977269+00:00,0,GPU-459c992a-cb19-fec9-a6ff-f14309e0e86a,NVIDIA A30,0,0,24576,35.58,43
2026-10-04T21:35:03.977269+00:00,1,GPU-e3de7dc8-620f-0d1f-8bd9-d047dad41fe1,NVIDIA A30,0,4,24576,31.87,43
2026-10-04T21:35:03.977269+00:00,2,GPU-e40ecd4c-d662-37cc-a069-2d669471410e,NVIDIA A30,98,15459,24576,161.04,53
2026-10-04T21:35:09.103751+00:00,0,GPU-459c992a-cb19-fec9-a6ff-f14309e0e86a,NVIDIA A30,0,0,24576,35.16,42
2026-10-04T21:35:09.103751+00:00,1,GPU-e3de7dc8-620f-0d1f-8bd9-d047dad41fe1,NVIDIA A30,98,8741,24576,162.59,51
2026-10-04T21:35:09.103751+00:00,2,GPU-e40ecd4c-d662-37cc-a069-2d669471410e,NVIDIA A30,100,15459,24576,153.83,53
2026-10-04T21:35:14.246606+00:00,0,GPU-459c992a-cb19-fec9-a6ff-f14309e0e86a,NVIDIA A30,38,8111,24576,38.63,42
2026-10-04T21:35:14.246606+00:00,1,GPU-e3de7dc8-620f-0d1f-8bd9-d047dad41fe1,NVIDIA A30,97,8881,24576,164.80,53
2026-10-04T21:35:14.246606+00:00,2,GPU-e40ecd4c-d662-37cc-a069-2d669471410e,NVIDIA A30,100,15459,24576,161.25,53
2026-10-04T21:35:19.350211+00:00,0,GPU-459c992a-cb19-fec9-a6ff-f14309e0e86a,NVIDIA A30,0,0,24576,35.06,41
2026-10-04T21:35:19.350211+00:00,1,GPU-e3de7dc8-620f-0d1f-8bd9-d047dad41fe1,NVIDIA A30,98,8881,24576,159.84,53
2026-10-04T21:35:19.350211+00:00,2,GPU-e40ecd4c-d662-37cc-a069-2d669471410e,NVIDIA A30,100,15459,24576,156.14,54
2026-10-04T21:35:24.459395+00:00,0,GPU-459c992a-cb19-fec9-a6ff-f14309e0e86a,NVIDIA A30,0,4,24576,34.58,40
2026-10-04T21:35:24.459395+00:00,1,GPU-e3de7dc8-620f-0d1f-8bd9-d047dad41fe1,NVIDIA A30,98,8881,24576,166.84,54
2026-10-04T21:35:24.459395+00:00,2,GPU-e40ecd4c-d662-37cc-a069-2d669471410e,NVIDIA A30,100,15459,24576,160.90,54
2026-10-04T21:35:29.578088+00:00,0,GPU-459c992a-cb19-fec9-a6ff-f14309e0e86a,NVIDIA A30,98,8679,24576,157.58,46
2026-10-04T21:35:29.578088+00:00,1,GPU-e3de7dc8-620f-0d1f-8bd9-d047dad41fe1,NVIDIA A30,98,8881,24576,167.19,54
2026-10-04T21:35:29.578088+00:00,2,GPU-e40ecd4c-d662-37cc-a069-2d669471410e,NVIDIA A30,98,15459,24576,155.83,54
2026-10-04T21:35:34.690358+00:00,0,GPU-459c992a-cb19-fec9-a6ff-f14309e0e86a,NVIDIA A30,98,8809,24576,172.84,49
2026-10-04T21:35:34.690358+00:00,1,GPU-e3de7dc8-620f-0d1f-8bd9-d047dad41fe1,NVIDIA A30,98,8881,24576,167.59,54
2026-10-04T21:35:34.690358+00:00,2,GPU-e40ecd4c-d662-37cc-a069-2d669471410e,NVIDIA A30,98,15459,24576,143.48,54
2026-10-04T21:35:39.807239+00:00,0,GPU-459c992a-cb19-fec9-a6ff-f14309e0e86a,NVIDIA A30,97,8809,24576,166.43,50
2026-10-04T21:35:39.807239+00:00,1,GPU-e3de7dc8-620f-0d1f-8bd9-d047dad41fe1,NVIDIA A30,97,8881,24576,143.80,55
2026-10-04T21:35:39.807239+00:00,2,GPU-e40ecd4c-d662-37cc-a069-2d669471410e,NVIDIA A30,98,15459,24576,154.27,54
2026-10-04T21:35:44.931813+00:00,0,GPU-459c992a-cb19-fec9-a6ff-f14309e0e86a,NVIDIA A30,98,8809,24576,167.91,51
2026-10-04T21:35:44.931813+00:00,1,GPU-e3de7dc8-620f-0d1f-8bd9-d047dad41fe1,NVIDIA A30,98,8881,24576,171.21,55
2026-10-04T21:35:44.931813+00:00,2,GPU-e40ecd4c-d662-37cc-a069-2d669471410e,NVIDIA A30,98,15459,24576,154.97,54
2026-10-04T21:35:50.035560+00:00,0,GPU-459c992a-cb19-fec9-a6ff-f14309e0e86a,NVIDIA A30,98,8809,24576,169.98,52
2026-10-04T21:35:50.035560+00:00,1,GPU-e3de7dc8-620f-0d1f-8bd9-d047dad41fe1,NVIDIA A30,98,8881,24576,169.71,55
2026-10-04T21:35:50.035560+00:00,2,GPU-e40ecd4c-d662-37cc-a069-2d669471410e,NVIDIA A30,98,15459,24576,152.70,54
2026-10-04T21:35:55.148682+00:00,0,GPU-459c992a-cb19-fec9-a6ff-f14309e0e86a,NVIDIA A30,98,8809,24576,162.24,52
2026-10-04T21:35:55.148682+00:00,1,GPU-e3de7dc8-620f-0d1f-8bd9-d047dad41fe1,NVIDIA A30,98,8881,24576,161.88,55
2026-10-04T21:35:55.148682+00:00,2,GPU-e40ecd4c-d662-37cc-a069-2d669471410e,NVIDIA A30,100,15459,24576,172.35,55
2026-10-04T21:36:00.257193+00:00,0,GPU-459c992a-cb19-fec9-a6ff-f14309e0e86a,NVIDIA A30,98,8809,24576,171.46,53
2026-10-04T21:36:00.257193+00:00,1,GPU-e3de7dc8-620f-0d1f-8bd9-d047dad41fe1,NVIDIA A30,97,8881,24576,166.02,56
2026-10-04T21:36:00.257193+00:00,2,GPU-e40ecd4c-d662-37cc-a069-2d669471410e,NVIDIA A30,97,15459,24576,155.35,55
2026-10-04T21:36:05.377840+00:00,0,GPU-459c992a-cb19-fec9-a6ff-f14309e0e86a,NVIDIA A30,98,8809,24576,155.70,54
2026-10-04T21:36:05.377840+00:00,1,GPU-e3de7dc8-620f-0d1f-8bd9-d047dad41fe1,NVIDIA A30,97,8881,24576,156.69,56
2026-10-04T21:36:05.377840+00:00,2,GPU-e40ecd4c-d662-37cc-a069-2d669471410e,NVIDIA A30,97,15459,24576,168.67,55
2026-10-04T21:36:10.506000+00:00,0,GPU-459c992a-cb19-fec9-a6ff-f14309e0e86a,NVIDIA A30,98,8809,24576,161.36,54
2026-10-04T21:36:10.506000+00:00,1,GPU-e3de7dc8-620f-0d1f-8bd9-d047dad41fe1,NVIDIA A30,97,8881,24576,169.38,56
2026-10-04T21:36:10.506000+00:00,2,GPU-e40ecd4c-d662-37cc-a069-2d669471410e,NVIDIA A30,97,15459,24576,158.82,54
2026-10-04T21:36:15.638331+00:00,0,GPU-459c992a-cb19-fec9-a6ff-f14309e0e86a,NVIDIA A30,98,8809,24576,164.05,55
2026-10-04T21:36:15.638331+00:00,1,GPU-e3de7dc8-620f-0d1f-8bd9-d047dad41fe1,NVIDIA A30,97,8881,24576,156.00,56
2026-10-04T21:36:15.638331+00:00,2,GPU-e40ecd4c-d662-37cc-a069-2d669471410e,NVIDIA A30,97,15459,24576,164.46,55
2026-10-04T21:36:20.774323+00:00,0,GPU-459c992a-cb19-fec9-a6ff-f14309e0e86a,NVIDIA A30,98,8809,24576,162.21,55
2026-10-04T21:36:20.774323+00:00,1,GPU-e3de7dc8-620f-0d1f-8bd9-d047dad41fe1,NVIDIA A30,98,8881,24576,168.08,56
2026-10-04T21:36:20.774323+00:00,2,GPU-e40ecd4c-d662-37cc-a069-2d669471410e,NVIDIA A30,100,15459,24576,156.78,55
2026-10-04T21:36:25.890981+00:00,0,GPU-459c992a-cb19-fec9-a6ff-f14309e0e86a,NVIDIA A30,99,8809,24576,170.61,55
2026-10-04T21:36:25.890981+00:00,1,GPU-e3de7dc8-620f-0d1f-8bd9-d047dad41fe1,NVIDIA A30,98,8881,24576,164.24,56
2026-10-04T21:36:25.890981+00:00,2,GPU-e40ecd4c-d662-37cc-a069-2d669471410e,NVIDIA A30,98,15459,24576,145.70,55
2026-10-04T21:36:31.006509+00:00,0,GPU-459c992a-cb19-fec9-a6ff-f14309e0e86a,NVIDIA A30,98,8809,24576,167.49,56
2026-10-04T21:36:31.006509+00:00,1,GPU-e3de7dc8-620f-0d1f-8bd9-d047dad41fe1,NVIDIA A30,97,8881,24576,175.57,56
2026-10-04T21:36:31.006509+00:00,2,GPU-e40ecd4c-d662-37cc-a069-2d669471410e,NVIDIA A30,98,15459,24576,174.30,55
2026-10-04T21:36:36.117606+00:00,0,GPU-459c992a-cb19-fec9-a6ff-f14309e0e86a,NVIDIA A30,98,8809,24576,164.50,56
2026-10-04T21:36:36.117606+00:00,1,GPU-e3de7dc8-620f-0d1f-8bd9-d047dad41fe1,NVIDIA A30,97,8881,24576,159.62,56
2026-10-04T21:36:36.117606+00:00,2,GPU-e40ecd4c-d662-37cc-a069-2d669471410e,NVIDIA A30,98,15459,24576,168.58,55
2026-10-04T21:36:41.241614+00:00,0,GPU-459c992a-cb19-fec9-a6ff-f14309e0e86a,NVIDIA A30,98,8809,24576,152.93,57
2026-10-04T21:36:41.241614+00:00,1,GPU-e3de7dc8-620f-0d1f-8bd9-d047dad41fe1,NVIDIA A30,97,8881,24576,168.17,57
2026-10-04T21:36:41.241614+00:00,2,GPU-e40ecd4c-d662-37cc-a069-2d669471410e,NVIDIA A30,100,15459,24576,178.94,55
2026-10-04T21:36:46.370642+00:00,0,GPU-459c992a-cb19-fec9-a6ff-f14309e0e86a,NVIDIA A30,98,8809,24576,169.20,57
2026-10-04T21:36:46.370642+00:00,1,GPU-e3de7dc8-620f-0d1f-8bd9-d047dad41fe1,NVIDIA A30,97,8881,24576,166.49,56
2026-10-04T21:36:46.370642+00:00,2,GPU-e40ecd4c-d662-37cc-a069-2d669471410e,NVIDIA A30,99,15459,24576,142.95,55
2026-10-04T21:36:51.501308+00:00,0,GPU-459c992a-cb19-fec9-a6ff-f14309e0e86a,NVIDIA A30,98,8809,24576,170.08,57
2026-10-04T21:36:51.501308+00:00,1,GPU-e3de7dc8-620f-0d1f-8bd9-d047dad41fe1,NVIDIA A30,98,8881,24576,166.91,57
2026-10-04T21:36:51.501308+00:00,2,GPU-e40ecd4c-d662-37cc-a069-2d669471410e,NVIDIA A30,97,15459,24576,173.21,55
2026-10-04T21:36:56.629485+00:00,0,GPU-459c992a-cb19-fec9-a6ff-f14309e0e86a,NVIDIA A30,98,8809,24576,163.76,57
2026-10-04T21:36:56.629485+00:00,1,GPU-e3de7dc8-620f-0d1f-8bd9-d047dad41fe1,NVIDIA A30,57,8881,24576,58.79,53
2026-10-04T21:36:56.629485+00:00,2,GPU-e40ecd4c-d662-37cc-a069-2d669471410e,NVIDIA A30,97,15459,24576,165.40,56
2026-10-04T21:37:01.757391+00:00,0,GPU-459c992a-cb19-fec9-a6ff-f14309e0e86a,NVIDIA A30,98,8809,24576,159.03,58
2026-10-04T21:37:01.757391+00:00,1,GPU-e3de7dc8-620f-0d1f-8bd9-d047dad41fe1,NVIDIA A30,0,0,24576,56.22,47
2026-10-04T21:37:01.757391+00:00,2,GPU-e40ecd4c-d662-37cc-a069-2d669471410e,NVIDIA A30,98,15459,24576,161.45,55
2026-10-04T21:37:06.887227+00:00,0,GPU-459c992a-cb19-fec9-a6ff-f14309e0e86a,NVIDIA A30,98,8809,24576,164.40,58
2026-10-04T21:37:06.887227+00:00,1,GPU-e3de7dc8-620f-0d1f-8bd9-d047dad41fe1,NVIDIA A30,0,4,24576,32.13,44
2026-10-04T21:37:06.887227+00:00,2,GPU-e40ecd4c-d662-37cc-a069-2d669471410e,NVIDIA A30,100,15459,24576,146.96,55
2026-10-04T21:37:12.020597+00:00,0,GPU-459c992a-cb19-fec9-a6ff-f14309e0e86a,NVIDIA A30,98,8809,24576,156.74,58
2026-10-04T21:37:12.020597+00:00,1,GPU-e3de7dc8-620f-0d1f-8bd9-d047dad41fe1,NVIDIA A30,12,8355,24576,34.32,43
2026-10-04T21:37:12.020597+00:00,2,GPU-e40ecd4c-d662-37cc-a069-2d669471410e,NVIDIA A30,100,15459,24576,178.21,55
2026-10-04T21:37:17.127496+00:00,0,GPU-459c992a-cb19-fec9-a6ff-f14309e0e86a,NVIDIA A30,0,8809,24576,42.69,52
2026-10-04T21:37:17.127496+00:00,1,GPU-e3de7dc8-620f-0d1f-8bd9-d047dad41fe1,NVIDIA A30,95,9155,24576,170.94,50
2026-10-04T21:37:17.127496+00:00,2,GPU-e40ecd4c-d662-37cc-a069-2d669471410e,NVIDIA A30,0,15459,24576,58.21,51
2026-10-04T21:37:22.393342+00:00,0,GPU-459c992a-cb19-fec9-a6ff-f14309e0e86a,NVIDIA A30,0,0,24576,38.25,49
2026-10-04T21:37:22.393342+00:00,1,GPU-e3de7dc8-620f-0d1f-8bd9-d047dad41fe1,NVIDIA A30,83,9155,24576,163.70,51
2026-10-04T21:37:22.393342+00:00,2,GPU-e40ecd4c-d662-37cc-a069-2d669471410e,NVIDIA A30,0,0,24576,33.10,47
2026-10-04T21:37:27.517772+00:00,0,GPU-459c992a-cb19-fec9-a6ff-f14309e0e86a,NVIDIA A30,18,7467,24576,42.79,48
2026-10-04T21:37:27.517772+00:00,1,GPU-e3de7dc8-620f-0d1f-8bd9-d047dad41fe1,NVIDIA A30,97,9155,24576,142.88,52
2026-10-04T21:37:27.517772+00:00,2,GPU-e40ecd4c-d662-37cc-a069-2d669471410e,NVIDIA A30,0,4,24576,32.11,45
2026-10-04T21:37:32.627527+00:00,0,GPU-459c992a-cb19-fec9-a6ff-f14309e0e86a,NVIDIA A30,0,15427,24576,39.61,46
2026-10-04T21:37:32.627527+00:00,1,GPU-e3de7dc8-620f-0d1f-8bd9-d047dad41fe1,NVIDIA A30,99,9155,24576,165.35,52
2026-10-04T21:37:32.627527+00:00,2,GPU-e40ecd4c-d662-37cc-a069-2d669471410e,NVIDIA A30,99,15467,24576,156.82,50
2026-10-04T21:37:37.792271+00:00,0,GPU-459c992a-cb19-fec9-a6ff-f14309e0e86a,NVIDIA A30,0,0,24576,36.35,45
2026-10-04T21:37:37.792271+00:00,1,GPU-e3de7dc8-620f-0d1f-8bd9-d047dad41fe1,NVIDIA A30,90,9155,24576,162.36,53
2026-10-04T21:37:37.792271+00:00,2,GPU-e40ecd4c-d662-37cc-a069-2d669471410e,NVIDIA A30,100,15511,24576,141.02,51
2026-10-04T21:37:42.900430+00:00,0,GPU-459c992a-cb19-fec9-a6ff-f14309e0e86a,NVIDIA A30,8,7417,24576,38.90,44
2026-10-04T21:37:42.900430+00:00,1,GPU-e3de7dc8-620f-0d1f-8bd9-d047dad41fe1,NVIDIA A30,100,9155,24576,172.34,53
2026-10-04T21:37:42.900430+00:00,2,GPU-e40ecd4c-d662-37cc-a069-2d669471410e,NVIDIA A30,100,15511,24576,149.05,52
2026-10-04T21:37:48.002665+00:00,0,GPU-459c992a-cb19-fec9-a6ff-f14309e0e86a,NVIDIA A30,0,7667,24576,38.01,43
2026-10-04T21:37:48.002665+00:00,1,GPU-e3de7dc8-620f-0d1f-8bd9-d047dad41fe1,NVIDIA A30,100,9191,24576,175.82,52
2026-10-04T21:37:48.002665+00:00,2,GPU-e40ecd4c-d662-37cc-a069-2d669471410e,NVIDIA A30,100,15513,24576,168.13,52
2026-10-04T21:37:53.108771+00:00,0,GPU-459c992a-cb19-fec9-a6ff-f14309e0e86a,NVIDIA A30,98,15451,24576,162.12,51
2026-10-04T21:37:53.108771+00:00,1,GPU-e3de7dc8-620f-0d1f-8bd9-d047dad41fe1,NVIDIA A30,87,9191,24576,167.77,53
2026-10-04T21:37:53.108771+00:00,2,GPU-e40ecd4c-d662-37cc-a069-2d669471410e,NVIDIA A30,61,15513,24576,55.15,49
2026-10-04T21:37:58.277070+00:00,0,GPU-459c992a-cb19-fec9-a6ff-f14309e0e86a,NVIDIA A30,98,15451,24576,148.12,52
2026-10-04T21:37:58.277070+00:00,1,GPU-e3de7dc8-620f-0d1f-8bd9-d047dad41fe1,NVIDIA A30,90,9191,24576,154.12,53
2026-10-04T21:37:58.277070+00:00,2,GPU-e40ecd4c-d662-37cc-a069-2d669471410e,NVIDIA A30,100,15513,24576,160.63,52
2026-10-04T21:38:03.400341+00:00,0,GPU-459c992a-cb19-fec9-a6ff-f14309e0e86a,NVIDIA A30,98,15451,24576,154.05,53
2026-10-04T21:38:03.400341+00:00,1,GPU-e3de7dc8-620f-0d1f-8bd9-d047dad41fe1,NVIDIA A30,79,9191,24576,97.40,52
2026-10-04T21:38:03.400341+00:00,2,GPU-e40ecd4c-d662-37cc-a069-2d669471410e,NVIDIA A30,93,15513,24576,165.72,53
2026-10-04T21:38:08.519695+00:00,0,GPU-459c992a-cb19-fec9-a6ff-f14309e0e86a,NVIDIA A30,98,15451,24576,170.97,53
2026-10-04T21:38:08.519695+00:00,1,GPU-e3de7dc8-620f-0d1f-8bd9-d047dad41fe1,NVIDIA A30,100,9191,24576,176.43,53
2026-10-04T21:38:08.519695+00:00,2,GPU-e40ecd4c-d662-37cc-a069-2d669471410e,NVIDIA A30,100,15513,24576,145.65,53
2026-10-04T21:38:13.643970+00:00,0,GPU-459c992a-cb19-fec9-a6ff-f14309e0e86a,NVIDIA A30,98,15451,24576,159.29,54
2026-10-04T21:38:13.643970+00:00,1,GPU-e3de7dc8-620f-0d1f-8bd9-d047dad41fe1,NVIDIA A30,100,9191,24576,152.51,53
2026-10-04T21:38:13.643970+00:00,2,GPU-e40ecd4c-d662-37cc-a069-2d669471410e,NVIDIA A30,100,15513,24576,165.37,53
2026-10-04T21:38:18.772813+00:00,0,GPU-459c992a-cb19-fec9-a6ff-f14309e0e86a,NVIDIA A30,100,15451,24576,157.47,54
2026-10-04T21:38:18.772813+00:00,1,GPU-e3de7dc8-620f-0d1f-8bd9-d047dad41fe1,NVIDIA A30,87,9191,24576,136.28,54
2026-10-04T21:38:18.772813+00:00,2,GPU-e40ecd4c-d662-37cc-a069-2d669471410e,NVIDIA A30,100,15513,24576,144.38,53
2026-10-04T21:38:23.895748+00:00,0,GPU-459c992a-cb19-fec9-a6ff-f14309e0e86a,NVIDIA A30,98,15451,24576,162.57,55
2026-10-04T21:38:23.895748+00:00,1,GPU-e3de7dc8-620f-0d1f-8bd9-d047dad41fe1,NVIDIA A30,100,9191,24576,143.75,54
2026-10-04T21:38:23.895748+00:00,2,GPU-e40ecd4c-d662-37cc-a069-2d669471410e,NVIDIA A30,100,15513,24576,138.75,53
2026-10-04T21:38:29.023821+00:00,0,GPU-459c992a-cb19-fec9-a6ff-f14309e0e86a,NVIDIA A30,98,15451,24576,167.03,55
2026-10-04T21:38:29.023821+00:00,1,GPU-e3de7dc8-620f-0d1f-8bd9-d047dad41fe1,NVIDIA A30,23,9191,24576,146.12,52
2026-10-04T21:38:29.023821+00:00,2,GPU-e40ecd4c-d662-37cc-a069-2d669471410e,NVIDIA A30,92,15513,24576,173.99,54
2026-10-04T21:38:34.161381+00:00,0,GPU-459c992a-cb19-fec9-a6ff-f14309e0e86a,NVIDIA A30,98,15451,24576,169.55,56
2026-10-04T21:38:34.161381+00:00,1,GPU-e3de7dc8-620f-0d1f-8bd9-d047dad41fe1,NVIDIA A30,96,9191,24576,149.86,54
2026-10-04T21:38:34.161381+00:00,2,GPU-e40ecd4c-d662-37cc-a069-2d669471410e,NVIDIA A30,100,15513,24576,168.40,53
2026-10-04T21:38:39.277670+00:00,0,GPU-459c992a-cb19-fec9-a6ff-f14309e0e86a,NVIDIA A30,98,15451,24576,172.76,56
2026-10-04T21:38:39.277670+00:00,1,GPU-e3de7dc8-620f-0d1f-8bd9-d047dad41fe1,NVIDIA A30,100,9191,24576,150.89,54
2026-10-04T21:38:39.277670+00:00,2,GPU-e40ecd4c-d662-37cc-a069-2d669471410e,NVIDIA A30,96,15513,24576,161.29,54
2026-10-04T21:38:44.406260+00:00,0,GPU-459c992a-cb19-fec9-a6ff-f14309e0e86a,NVIDIA A30,98,15451,24576,156.45,56
2026-10-04T21:38:44.406260+00:00,1,GPU-e3de7dc8-620f-0d1f-8bd9-d047dad41fe1,NVIDIA A30,95,9191,24576,166.83,55
2026-10-04T21:38:44.406260+00:00,2,GPU-e40ecd4c-d662-37cc-a069-2d669471410e,NVIDIA A30,100,15513,24576,185.20,54
2026-10-04T21:38:49.526273+00:00,0,GPU-459c992a-cb19-fec9-a6ff-f14309e0e86a,NVIDIA A30,98,15451,24576,166.31,57
2026-10-04T21:38:49.526273+00:00,1,GPU-e3de7dc8-620f-0d1f-8bd9-d047dad41fe1,NVIDIA A30,85,9191,24576,156.25,54
2026-10-04T21:38:49.526273+00:00,2,GPU-e40ecd4c-d662-37cc-a069-2d669471410e,NVIDIA A30,100,15513,24576,186.94,54
2026-10-04T21:38:54.636361+00:00,0,GPU-459c992a-cb19-fec9-a6ff-f14309e0e86a,NVIDIA A30,97,15451,24576,166.65,57
2026-10-04T21:38:54.636361+00:00,1,GPU-e3de7dc8-620f-0d1f-8bd9-d047dad41fe1,NVIDIA A30,5,9191,24576,148.62,53
2026-10-04T21:38:54.636361+00:00,2,GPU-e40ecd4c-d662-37cc-a069-2d669471410e,NVIDIA A30,100,15513,24576,143.49,53
2026-10-04T21:38:59.758681+00:00,0,GPU-459c992a-cb19-fec9-a6ff-f14309e0e86a,NVIDIA A30,98,15451,24576,168.72,57
2026-10-04T21:38:59.758681+00:00,1,GPU-e3de7dc8-620f-0d1f-8bd9-d047dad41fe1,NVIDIA A30,96,9191,24576,134.21,54
2026-10-04T21:38:59.758681+00:00,2,GPU-e40ecd4c-d662-37cc-a069-2d669471410e,NVIDIA A30,100,15513,24576,161.83,54
2026-10-04T21:39:04.879544+00:00,0,GPU-459c992a-cb19-fec9-a6ff-f14309e0e86a,NVIDIA A30,100,15451,24576,162.88,58
2026-10-04T21:39:04.879544+00:00,1,GPU-e3de7dc8-620f-0d1f-8bd9-d047dad41fe1,NVIDIA A30,72,9191,24576,134.94,54
2026-10-04T21:39:04.879544+00:00,2,GPU-e40ecd4c-d662-37cc-a069-2d669471410e,NVIDIA A30,91,15513,24576,153.10,54
2026-10-04T21:39:09.999361+00:00,0,GPU-459c992a-cb19-fec9-a6ff-f14309e0e86a,NVIDIA A30,98,15451,24576,169.04,58
2026-10-04T21:39:09.999361+00:00,1,GPU-e3de7dc8-620f-0d1f-8bd9-d047dad41fe1,NVIDIA A30,96,9191,24576,169.18,54
2026-10-04T21:39:09.999361+00:00,2,GPU-e40ecd4c-d662-37cc-a069-2d669471410e,NVIDIA A30,100,15513,24576,142.98,54
2026-10-04T21:39:15.117096+00:00,0,GPU-459c992a-cb19-fec9-a6ff-f14309e0e86a,NVIDIA A30,100,15451,24576,154.86,58
2026-10-04T21:39:15.117096+00:00,1,GPU-e3de7dc8-620f-0d1f-8bd9-d047dad41fe1,NVIDIA A30,100,9191,24576,142.88,54
2026-10-04T21:39:15.117096+00:00,2,GPU-e40ecd4c-d662-37cc-a069-2d669471410e,NVIDIA A30,100,15513,24576,166.57,54
2026-10-04T21:39:20.237969+00:00,0,GPU-459c992a-cb19-fec9-a6ff-f14309e0e86a,NVIDIA A30,98,15451,24576,156.50,58
2026-10-04T21:39:20.237969+00:00,1,GPU-e3de7dc8-620f-0d1f-8bd9-d047dad41fe1,NVIDIA A30,0,9193,24576,35.19,46
2026-10-04T21:39:20.237969+00:00,2,GPU-e40ecd4c-d662-37cc-a069-2d669471410e,NVIDIA A30,100,15513,24576,143.64,54
2026-10-04T21:39:25.343119+00:00,0,GPU-459c992a-cb19-fec9-a6ff-f14309e0e86a,NVIDIA A30,97,15451,24576,163.57,58
2026-10-04T21:39:25.343119+00:00,1,GPU-e3de7dc8-620f-0d1f-8bd9-d047dad41fe1,NVIDIA A30,0,0,24576,32.04,44
2026-10-04T21:39:25.343119+00:00,2,GPU-e40ecd4c-d662-37cc-a069-2d669471410e,NVIDIA A30,55,15513,24576,157.59,54
2026-10-04T21:39:30.466058+00:00,0,GPU-459c992a-cb19-fec9-a6ff-f14309e0e86a,NVIDIA A30,98,15451,24576,150.97,58
2026-10-04T21:39:30.466058+00:00,1,GPU-e3de7dc8-620f-0d1f-8bd9-d047dad41fe1,NVIDIA A30,0,18,24576,31.36,42
2026-10-04T21:39:30.466058+00:00,2,GPU-e40ecd4c-d662-37cc-a069-2d669471410e,NVIDIA A30,100,15513,24576,156.50,54
2026-10-04T21:39:35.654922+00:00,0,GPU-459c992a-cb19-fec9-a6ff-f14309e0e86a,NVIDIA A30,98,15451,24576,166.50,58
2026-10-04T21:39:35.654922+00:00,1,GPU-e3de7dc8-620f-0d1f-8bd9-d047dad41fe1,NVIDIA A30,98,8741,24576,139.57,51
2026-10-04T21:39:35.654922+00:00,2,GPU-e40ecd4c-d662-37cc-a069-2d669471410e,NVIDIA A30,100,15513,24576,152.38,55
2026-10-04T21:39:40.771993+00:00,0,GPU-459c992a-cb19-fec9-a6ff-f14309e0e86a,NVIDIA A30,100,15451,24576,159.18,58
2026-10-04T21:39:40.771993+00:00,1,GPU-e3de7dc8-620f-0d1f-8bd9-d047dad41fe1,NVIDIA A30,98,8881,24576,155.42,52
2026-10-04T21:39:40.771993+00:00,2,GPU-e40ecd4c-d662-37cc-a069-2d669471410e,NVIDIA A30,92,15513,24576,168.32,55
2026-10-04T21:39:45.904248+00:00,0,GPU-459c992a-cb19-fec9-a6ff-f14309e0e86a,NVIDIA A30,97,15451,24576,165.01,59
2026-10-04T21:39:45.904248+00:00,1,GPU-e3de7dc8-620f-0d1f-8bd9-d047dad41fe1,NVIDIA A30,98,8881,24576,174.17,52
2026-10-04T21:39:45.904248+00:00,2,GPU-e40ecd4c-d662-37cc-a069-2d669471410e,NVIDIA A30,88,15513,24576,157.48,54
2026-10-04T21:39:51.030371+00:00,0,GPU-459c992a-cb19-fec9-a6ff-f14309e0e86a,NVIDIA A30,98,15451,24576,171.80,59
2026-10-04T21:39:51.030371+00:00,1,GPU-e3de7dc8-620f-0d1f-8bd9-d047dad41fe1,NVIDIA A30,98,8881,24576,155.32,53
2026-10-04T21:39:51.030371+00:00,2,GPU-e40ecd4c-d662-37cc-a069-2d669471410e,NVIDIA A30,100,15513,24576,144.78,54
2026-10-04T21:39:56.143041+00:00,0,GPU-459c992a-cb19-fec9-a6ff-f14309e0e86a,NVIDIA A30,98,15451,24576,166.60,59
2026-10-04T21:39:56.143041+00:00,1,GPU-e3de7dc8-620f-0d1f-8bd9-d047dad41fe1,NVIDIA A30,98,8881,24576,171.52,54
2026-10-04T21:39:56.143041+00:00,2,GPU-e40ecd4c-d662-37cc-a069-2d669471410e,NVIDIA A30,100,15513,24576,172.16,55
2026-10-04T21:40:01.249529+00:00,0,GPU-459c992a-cb19-fec9-a6ff-f14309e0e86a,NVIDIA A30,98,15451,24576,151.58,59
2026-10-04T21:40:01.249529+00:00,1,GPU-e3de7dc8-620f-0d1f-8bd9-d047dad41fe1,NVIDIA A30,98,8881,24576,161.15,54
2026-10-04T21:40:01.249529+00:00,2,GPU-e40ecd4c-d662-37cc-a069-2d669471410e,NVIDIA A30,100,15513,24576,157.02,54
2026-10-04T21:40:06.375044+00:00,0,GPU-459c992a-cb19-fec9-a6ff-f14309e0e86a,NVIDIA A30,98,15451,24576,167.38,59
2026-10-04T21:40:06.375044+00:00,1,GPU-e3de7dc8-620f-0d1f-8bd9-d047dad41fe1,NVIDIA A30,98,8881,24576,168.18,54
2026-10-04T21:40:06.375044+00:00,2,GPU-e40ecd4c-d662-37cc-a069-2d669471410e,NVIDIA A30,93,15513,24576,143.43,55
2026-10-04T21:40:11.484848+00:00,0,GPU-459c992a-cb19-fec9-a6ff-f14309e0e86a,NVIDIA A30,98,15451,24576,161.75,59
2026-10-04T21:40:11.484848+00:00,1,GPU-e3de7dc8-620f-0d1f-8bd9-d047dad41fe1,NVIDIA A30,97,8881,24576,170.43,55
2026-10-04T21:40:11.484848+00:00,2,GPU-e40ecd4c-d662-37cc-a069-2d669471410e,NVIDIA A30,0,15515,24576,57.21,49
2026-10-04T21:40:16.596116+00:00,0,GPU-459c992a-cb19-fec9-a6ff-f14309e0e86a,NVIDIA A30,97,15451,24576,150.95,59
2026-10-04T21:40:16.596116+00:00,1,GPU-e3de7dc8-620f-0d1f-8bd9-d047dad41fe1,NVIDIA A30,97,8881,24576,166.20,55
2026-10-04T21:40:16.596116+00:00,2,GPU-e40ecd4c-d662-37cc-a069-2d669471410e,NVIDIA A30,0,0,24576,32.50,46
2026-10-04T21:40:21.705307+00:00,0,GPU-459c992a-cb19-fec9-a6ff-f14309e0e86a,NVIDIA A30,100,15451,24576,156.75,59
2026-10-04T21:40:21.705307+00:00,1,GPU-e3de7dc8-620f-0d1f-8bd9-d047dad41fe1,NVIDIA A30,97,8881,24576,159.94,55
2026-10-04T21:40:21.705307+00:00,2,GPU-e40ecd4c-d662-37cc-a069-2d669471410e,NVIDIA A30,79,7507,24576,56.71,46
2026-10-04T21:40:26.814072+00:00,0,GPU-459c992a-cb19-fec9-a6ff-f14309e0e86a,NVIDIA A30,98,15451,24576,171.32,59
2026-10-04T21:40:26.814072+00:00,1,GPU-e3de7dc8-620f-0d1f-8bd9-d047dad41fe1,NVIDIA A30,98,8881,24576,168.30,56
2026-10-04T21:40:26.814072+00:00,2,GPU-e40ecd4c-d662-37cc-a069-2d669471410e,NVIDIA A30,98,15459,24576,168.20,51
2026-10-04T21:40:31.944064+00:00,0,GPU-459c992a-cb19-fec9-a6ff-f14309e0e86a,NVIDIA A30,98,15451,24576,151.96,59
2026-10-04T21:40:31.944064+00:00,1,GPU-e3de7dc8-620f-0d1f-8bd9-d047dad41fe1,NVIDIA A30,98,8881,24576,163.26,56
2026-10-04T21:40:31.944064+00:00,2,GPU-e40ecd4c-d662-37cc-a069-2d669471410e,NVIDIA A30,98,15459,24576,162.76,52
2026-10-04T21:40:37.053826+00:00,0,GPU-459c992a-cb19-fec9-a6ff-f14309e0e86a,NVIDIA A30,0,0,24576,68.44,53
2026-10-04T21:40:37.053826+00:00,1,GPU-e3de7dc8-620f-0d1f-8bd9-d047dad41fe1,NVIDIA A30,98,8881,24576,163.22,56
2026-10-04T21:40:37.053826+00:00,2,GPU-e40ecd4c-d662-37cc-a069-2d669471410e,NVIDIA A30,98,15459,24576,153.54,52
2026-10-04T21:40:42.168682+00:00,0,GPU-459c992a-cb19-fec9-a6ff-f14309e0e86a,NVIDIA A30,0,0,24576,38.73,50
2026-10-04T21:40:42.168682+00:00,1,GPU-e3de7dc8-620f-0d1f-8bd9-d047dad41fe1,NVIDIA A30,98,8881,24576,161.84,56
2026-10-04T21:40:42.168682+00:00,2,GPU-e40ecd4c-d662-37cc-a069-2d669471410e,NVIDIA A30,98,15459,24576,175.09,52
2026-10-04T21:40:47.273950+00:00,0,GPU-459c992a-cb19-fec9-a6ff-f14309e0e86a,NVIDIA A30,0,0,24576,37.74,48
2026-10-04T21:40:47.273950+00:00,1,GPU-e3de7dc8-620f-0d1f-8bd9-d047dad41fe1,NVIDIA A30,98,8881,24576,171.11,56
2026-10-04T21:40:47.273950+00:00,2,GPU-e40ecd4c-d662-37cc-a069-2d669471410e,NVIDIA A30,98,15459,24576,151.98,53
2026-10-04T21:40:52.377536+00:00,0,GPU-459c992a-cb19-fec9-a6ff-f14309e0e86a,NVIDIA A30,0,0,24576,37.06,47
2026-10-04T21:40:52.377536+00:00,1,GPU-e3de7dc8-620f-0d1f-8bd9-d047dad41fe1,NVIDIA A30,97,8881,24576,176.21,56
2026-10-04T21:40:52.377536+00:00,2,GPU-e40ecd4c-d662-37cc-a069-2d669471410e,NVIDIA A30,98,15459,24576,147.33,53
2026-10-04T21:40:57.485988+00:00,0,GPU-459c992a-cb19-fec9-a6ff-f14309e0e86a,NVIDIA A30,0,0,24576,36.54,46
2026-10-04T21:40:57.485988+00:00,1,GPU-e3de7dc8-620f-0d1f-8bd9-d047dad41fe1,NVIDIA A30,98,8881,24576,169.07,57
2026-10-04T21:40:57.485988+00:00,2,GPU-e40ecd4c-d662-37cc-a069-2d669471410e,NVIDIA A30,100,15459,24576,145.65,53
2026-10-04T21:41:02.594939+00:00,0,GPU-459c992a-cb19-fec9-a6ff-f14309e0e86a,NVIDIA A30,0,0,24576,36.25,44
2026-10-04T21:41:02.594939+00:00,1,GPU-e3de7dc8-620f-0d1f-8bd9-d047dad41fe1,NVIDIA A30,97,8881,24576,145.98,57
2026-10-04T21:41:02.594939+00:00,2,GPU-e40ecd4c-d662-37cc-a069-2d669471410e,NVIDIA A30,98,15459,24576,166.98,54
2026-10-04T21:41:07.714685+00:00,0,GPU-459c992a-cb19-fec9-a6ff-f14309e0e86a,NVIDIA A30,0,0,24576,35.66,44
2026-10-04T21:41:07.714685+00:00,1,GPU-e3de7dc8-620f-0d1f-8bd9-d047dad41fe1,NVIDIA A30,97,8881,24576,168.59,57
2026-10-04T21:41:07.714685+00:00,2,GPU-e40ecd4c-d662-37cc-a069-2d669471410e,NVIDIA A30,98,15459,24576,172.02,54
2026-10-04T21:41:12.838523+00:00,0,GPU-459c992a-cb19-fec9-a6ff-f14309e0e86a,NVIDIA A30,0,0,24576,35.26,43
2026-10-04T21:41:12.838523+00:00,1,GPU-e3de7dc8-620f-0d1f-8bd9-d047dad41fe1,NVIDIA A30,97,8881,24576,174.04,57
2026-10-04T21:41:12.838523+00:00,2,GPU-e40ecd4c-d662-37cc-a069-2d669471410e,NVIDIA A30,98,15459,24576,172.22,54
2026-10-04T21:41:17.948983+00:00,0,GPU-459c992a-cb19-fec9-a6ff-f14309e0e86a,NVIDIA A30,0,0,24576,34.87,42
2026-10-04T21:41:17.948983+00:00,1,GPU-e3de7dc8-620f-0d1f-8bd9-d047dad41fe1,NVIDIA A30,97,8881,24576,149.81,57
2026-10-04T21:41:17.948983+00:00,2,GPU-e40ecd4c-d662-37cc-a069-2d669471410e,NVIDIA A30,98,15459,24576,183.40,54
2026-10-04T21:41:23.060066+00:00,0,GPU-459c992a-cb19-fec9-a6ff-f14309e0e86a,NVIDIA A30,0,0,24576,34.89,41
2026-10-04T21:41:23.060066+00:00,1,GPU-e3de7dc8-620f-0d1f-8bd9-d047dad41fe1,NVIDIA A30,0,8881,24576,57.45,49
2026-10-04T21:41:23.060066+00:00,2,GPU-e40ecd4c-d662-37cc-a069-2d669471410e,NVIDIA A30,98,15459,24576,158.51,54
2026-10-04T21:41:28.163101+00:00,0,GPU-459c992a-cb19-fec9-a6ff-f14309e0e86a,NVIDIA A30,0,0,24576,34.60,40
2026-10-04T21:41:28.163101+00:00,1,GPU-e3de7dc8-620f-0d1f-8bd9-d047dad41fe1,NVIDIA A30,0,0,24576,32.55,46
2026-10-04T21:41:28.163101+00:00,2,GPU-e40ecd4c-d662-37cc-a069-2d669471410e,NVIDIA A30,98,15459,24576,152.36,55
2026-10-04T21:41:33.288604+00:00,0,GPU-459c992a-cb19-fec9-a6ff-f14309e0e86a,NVIDIA A30,0,0,24576,34.32,40
2026-10-04T21:41:33.288604+00:00,1,GPU-e3de7dc8-620f-0d1f-8bd9-d047dad41fe1,NVIDIA A30,0,0,24576,32.06,44
2026-10-04T21:41:33.288604+00:00,2,GPU-e40ecd4c-d662-37cc-a069-2d669471410e,NVIDIA A30,100,15459,24576,166.54,55
2026-10-04T21:41:38.395916+00:00,0,GPU-459c992a-cb19-fec9-a6ff-f14309e0e86a,NVIDIA A30,0,0,24576,34.10,39
2026-10-04T21:41:38.395916+00:00,1,GPU-e3de7dc8-620f-0d1f-8bd9-d047dad41fe1,NVIDIA A30,0,0,24576,31.48,42
2026-10-04T21:41:38.395916+00:00,2,GPU-e40ecd4c-d662-37cc-a069-2d669471410e,NVIDIA A30,100,15459,24576,172.44,55
2026-10-04T21:41:43.515429+00:00,0,GPU-459c992a-cb19-fec9-a6ff-f14309e0e86a,NVIDIA A30,0,0,24576,33.90,39
2026-10-04T21:41:43.515429+00:00,1,GPU-e3de7dc8-620f-0d1f-8bd9-d047dad41fe1,NVIDIA A30,0,0,24576,31.08,41
2026-10-04T21:41:43.515429+00:00,2,GPU-e40ecd4c-d662-37cc-a069-2d669471410e,NVIDIA A30,100,15459,24576,135.61,55
2026-10-04T21:41:48.637245+00:00,0,GPU-459c992a-cb19-fec9-a6ff-f14309e0e86a,NVIDIA A30,0,0,24576,33.80,38
2026-10-04T21:41:48.637245+00:00,1,GPU-e3de7dc8-620f-0d1f-8bd9-d047dad41fe1,NVIDIA A30,0,0,24576,31.08,40
2026-10-04T21:41:48.637245+00:00,2,GPU-e40ecd4c-d662-37cc-a069-2d669471410e,NVIDIA A30,98,15459,24576,158.85,55
2026-10-04T21:41:53.746511+00:00,0,GPU-459c992a-cb19-fec9-a6ff-f14309e0e86a,NVIDIA A30,0,0,24576,33.60,38
2026-10-04T21:41:53.746511+00:00,1,GPU-e3de7dc8-620f-0d1f-8bd9-d047dad41fe1,NVIDIA A30,0,0,24576,30.79,39
2026-10-04T21:41:53.746511+00:00,2,GPU-e40ecd4c-d662-37cc-a069-2d669471410e,NVIDIA A30,98,15459,24576,160.08,55
2026-10-04T21:41:58.855301+00:00,0,GPU-459c992a-cb19-fec9-a6ff-f14309e0e86a,NVIDIA A30,0,0,24576,33.41,37
2026-10-04T21:41:58.855301+00:00,1,GPU-e3de7dc8-620f-0d1f-8bd9-d047dad41fe1,NVIDIA A30,0,0,24576,30.58,38
2026-10-04T21:41:58.855301+00:00,2,GPU-e40ecd4c-d662-37cc-a069-2d669471410e,NVIDIA A30,98,15459,24576,151.43,55
2026-10-04T21:42:03.970352+00:00,0,GPU-459c992a-cb19-fec9-a6ff-f14309e0e86a,NVIDIA A30,0,0,24576,33.41,37
2026-10-04T21:42:03.970352+00:00,1,GPU-e3de7dc8-620f-0d1f-8bd9-d047dad41fe1,NVIDIA A30,0,0,24576,30.28,37
2026-10-04T21:42:03.970352+00:00,2,GPU-e40ecd4c-d662-37cc-a069-2d669471410e,NVIDIA A30,98,15459,24576,164.84,55
2026-10-04T21:42:09.082667+00:00,0,GPU-459c992a-cb19-fec9-a6ff-f14309e0e86a,NVIDIA A30,0,0,24576,33.20,36
2026-10-04T21:42:09.082667+00:00,1,GPU-e3de7dc8-620f-0d1f-8bd9-d047dad41fe1,NVIDIA A30,0,0,24576,30.09,36
2026-10-04T21:42:09.082667+00:00,2,GPU-e40ecd4c-d662-37cc-a069-2d669471410e,NVIDIA A30,98,15459,24576,168.90,56
2026-10-04T21:42:14.191926+00:00,0,GPU-459c992a-cb19-fec9-a6ff-f14309e0e86a,NVIDIA A30,0,0,24576,33.00,36
2026-10-04T21:42:14.191926+00:00,1,GPU-e3de7dc8-620f-0d1f-8bd9-d047dad41fe1,NVIDIA A30,0,0,24576,29.90,35
2026-10-04T21:42:14.191926+00:00,2,GPU-e40ecd4c-d662-37cc-a069-2d669471410e,NVIDIA A30,100,15459,24576,169.83,56
2026-10-04T21:42:19.303648+00:00,0,GPU-459c992a-cb19-fec9-a6ff-f14309e0e86a,NVIDIA A30,0,0,24576,33.00,36
2026-10-04T21:42:19.303648+00:00,1,GPU-e3de7dc8-620f-0d1f-8bd9-d047dad41fe1,NVIDIA A30,0,0,24576,29.80,35
2026-10-04T21:42:19.303648+00:00,2,GPU-e40ecd4c-d662-37cc-a069-2d669471410e,NVIDIA A30,98,15459,24576,154.96,55
2026-10-04T21:42:24.417890+00:00,0,GPU-459c992a-cb19-fec9-a6ff-f14309e0e86a,NVIDIA A30,0,0,24576,32.81,35
2026-10-04T21:42:24.417890+00:00,1,GPU-e3de7dc8-620f-0d1f-8bd9-d047dad41fe1,NVIDIA A30,0,0,24576,29.59,34
2026-10-04T21:42:24.417890+00:00,2,GPU-e40ecd4c-d662-37cc-a069-2d669471410e,NVIDIA A30,98,15459,24576,157.85,55
2026-10-04T21:42:29.528230+00:00,0,GPU-459c992a-cb19-fec9-a6ff-f14309e0e86a,NVIDIA A30,0,0,24576,32.81,35
2026-10-04T21:42:29.528230+00:00,1,GPU-e3de7dc8-620f-0d1f-8bd9-d047dad41fe1,NVIDIA A30,0,0,24576,29.41,34
2026-10-04T21:42:29.528230+00:00,2,GPU-e40ecd4c-d662-37cc-a069-2d669471410e,NVIDIA A30,97,15459,24576,167.25,56
2026-10-04T21:42:34.640388+00:00,0,GPU-459c992a-cb19-fec9-a6ff-f14309e0e86a,NVIDIA A30,0,0,24576,32.71,35
2026-10-04T21:42:34.640388+00:00,1,GPU-e3de7dc8-620f-0d1f-8bd9-d047dad41fe1,NVIDIA A30,0,0,24576,29.31,33
2026-10-04T21:42:34.640388+00:00,2,GPU-e40ecd4c-d662-37cc-a069-2d669471410e,NVIDIA A30,100,15459,24576,145.85,56
2026-10-04T21:42:39.753731+00:00,0,GPU-459c992a-cb19-fec9-a6ff-f14309e0e86a,NVIDIA A30,0,0,24576,32.61,35
2026-10-04T21:42:39.753731+00:00,1,GPU-e3de7dc8-620f-0d1f-8bd9-d047dad41fe1,NVIDIA A30,0,0,24576,29.31,33
2026-10-04T21:42:39.753731+00:00,2,GPU-e40ecd4c-d662-37cc-a069-2d669471410e,NVIDIA A30,100,15459,24576,164.99,56
2026-10-04T21:42:44.864480+00:00,0,GPU-459c992a-cb19-fec9-a6ff-f14309e0e86a,NVIDIA A30,0,0,24576,32.42,34
2026-10-04T21:42:44.864480+00:00,1,GPU-e3de7dc8-620f-0d1f-8bd9-d047dad41fe1,NVIDIA A30,0,0,24576,29.21,32
2026-10-04T21:42:44.864480+00:00,2,GPU-e40ecd4c-d662-37cc-a069-2d669471410e,NVIDIA A30,100,15459,24576,152.83,55
2026-10-04T21:42:49.981982+00:00,0,GPU-459c992a-cb19-fec9-a6ff-f14309e0e86a,NVIDIA A30,0,0,24576,32.51,34
2026-10-04T21:42:49.981982+00:00,1,GPU-e3de7dc8-620f-0d1f-8bd9-d047dad41fe1,NVIDIA A30,0,0,24576,29.21,32
2026-10-04T21:42:49.981982+00:00,2,GPU-e40ecd4c-d662-37cc-a069-2d669471410e,NVIDIA A30,100,15459,24576,168.40,56
2026-10-04T21:42:55.101163+00:00,0,GPU-459c992a-cb19-fec9-a6ff-f14309e0e86a,NVIDIA A30,0,0,24576,32.42,34
2026-10-04T21:42:55.101163+00:00,1,GPU-e3de7dc8-620f-0d1f-8bd9-d047dad41fe1,NVIDIA A30,0,0,24576,29.01,31
2026-10-04T21:42:55.101163+00:00,2,GPU-e40ecd4c-d662-37cc-a069-2d669471410e,NVIDIA A30,98,15459,24576,164.99,56
2026-10-04T21:43:00.214695+00:00,0,GPU-459c992a-cb19-fec9-a6ff-f14309e0e86a,NVIDIA A30,0,0,24576,32.31,34
2026-10-04T21:43:00.214695+00:00,1,GPU-e3de7dc8-620f-0d1f-8bd9-d047dad41fe1,NVIDIA A30,0,0,24576,28.80,31
2026-10-04T21:43:00.214695+00:00,2,GPU-e40ecd4c-d662-37cc-a069-2d669471410e,NVIDIA A30,98,15459,24576,176.00,56
2026-10-04T21:43:05.343946+00:00,0,GPU-459c992a-cb19-fec9-a6ff-f14309e0e86a,NVIDIA A30,0,0,24576,32.32,34
2026-10-04T21:43:05.343946+00:00,1,GPU-e3de7dc8-620f-0d1f-8bd9-d047dad41fe1,NVIDIA A30,0,0,24576,29.00,31
2026-10-04T21:43:05.343946+00:00,2,GPU-e40ecd4c-d662-37cc-a069-2d669471410e,NVIDIA A30,100,15459,24576,167.99,56
2026-10-04T21:43:10.478402+00:00,0,GPU-459c992a-cb19-fec9-a6ff-f14309e0e86a,NVIDIA A30,0,0,24576,35.31,34
2026-10-04T21:43:10.478402+00:00,1,GPU-e3de7dc8-620f-0d1f-8bd9-d047dad41fe1,NVIDIA A30,18,0,24576,32.28,31
2026-10-04T21:43:10.478402+00:00,2,GPU-e40ecd4c-d662-37cc-a069-2d669471410e,NVIDIA A30,0,15459,24576,35.60,47
2026-10-04T21:43:22.874952+00:00,0,GPU-459c992a-cb19-fec9-a6ff-f14309e0e86a,NVIDIA A30,0,1,24576,35.40,34
2026-10-04T21:43:22.874952+00:00,1,GPU-e3de7dc8-620f-0d1f-8bd9-d047dad41fe1,NVIDIA A30,0,1,24576,32.19,31
2026-10-04T21:43:22.874952+00:00,2,GPU-e40ecd4c-d662-37cc-a069-2d669471410e,NVIDIA A30,16,1,24576,35.01,45
2026-10-04T21:43:31.169348+00:00,0,GPU-459c992a-cb19-fec9-a6ff-f14309e0e86a,NVIDIA A30,0,0,24576,35.01,34
2026-10-04T21:43:31.169348+00:00,1,GPU-e3de7dc8-620f-0d1f-8bd9-d047dad41fe1,NVIDIA A30,0,0,24576,31.39,31
2026-10-04T21:43:31.169348+00:00,2,GPU-e40ecd4c-d662-37cc-a069-2d669471410e,NVIDIA A30,0,4,24576,33.62,42
2026-10-04T21:43:36.267268+00:00,0,GPU-459c992a-cb19-fec9-a6ff-f14309e0e86a,NVIDIA A30,0,0,24576,34.91,34
2026-10-04T21:43:36.267268+00:00,1,GPU-e3de7dc8-620f-0d1f-8bd9-d047dad41fe1,NVIDIA A30,0,0,24576,28.92,30
2026-10-04T21:43:36.267268+00:00,2,GPU-e40ecd4c-d662-37cc-a069-2d669471410e,NVIDIA A30,11,7667,24576,33.51,41
2026-10-04T21:43:41.368782+00:00,0,GPU-459c992a-cb19-fec9-a6ff-f14309e0e86a,NVIDIA A30,0,0,24576,32.41,34
2026-10-04T21:43:41.368782+00:00,1,GPU-e3de7dc8-620f-0d1f-8bd9-d047dad41fe1,NVIDIA A30,0,0,24576,28.81,30
2026-10-04T21:43:41.368782+00:00,2,GPU-e40ecd4c-d662-37cc-a069-2d669471410e,NVIDIA A30,98,15505,24576,172.76,47
2026-10-04T21:43:46.476174+00:00,0,GPU-459c992a-cb19-fec9-a6ff-f14309e0e86a,NVIDIA A30,0,0,24576,32.41,33
2026-10-04T21:43:46.476174+00:00,1,GPU-e3de7dc8-620f-0d1f-8bd9-d047dad41fe1,NVIDIA A30,0,0,24576,28.71,30
2026-10-04T21:43:46.476174+00:00,2,GPU-e40ecd4c-d662-37cc-a069-2d669471410e,NVIDIA A30,87,15505,24576,167.53,48
2026-10-04T21:43:51.581154+00:00,0,GPU-459c992a-cb19-fec9-a6ff-f14309e0e86a,NVIDIA A30,0,0,24576,32.42,33
2026-10-04T21:43:51.581154+00:00,1,GPU-e3de7dc8-620f-0d1f-8bd9-d047dad41fe1,NVIDIA A30,0,0,24576,28.72,29
2026-10-04T21:43:51.581154+00:00,2,GPU-e40ecd4c-d662-37cc-a069-2d669471410e,NVIDIA A30,100,15505,24576,187.02,49
2026-10-04T21:43:56.686757+00:00,0,GPU-459c992a-cb19-fec9-a6ff-f14309e0e86a,NVIDIA A30,0,0,24576,32.33,33
2026-10-04T21:43:56.686757+00:00,1,GPU-e3de7dc8-620f-0d1f-8bd9-d047dad41fe1,NVIDIA A30,0,0,24576,28.61,29
2026-10-04T21:43:56.686757+00:00,2,GPU-e40ecd4c-d662-37cc-a069-2d669471410e,NVIDIA A30,100,15505,24576,169.87,50
2026-10-04T21:44:01.798683+00:00,0,GPU-459c992a-cb19-fec9-a6ff-f14309e0e86a,NVIDIA A30,0,0,24576,32.32,33
2026-10-04T21:44:01.798683+00:00,1,GPU-e3de7dc8-620f-0d1f-8bd9-d047dad41fe1,NVIDIA A30,0,0,24576,28.61,29
2026-10-04T21:44:01.798683+00:00,2,GPU-e40ecd4c-d662-37cc-a069-2d669471410e,NVIDIA A30,100,15505,24576,164.70,50
2026-10-04T21:44:06.905896+00:00,0,GPU-459c992a-cb19-fec9-a6ff-f14309e0e86a,NVIDIA A30,0,0,24576,32.33,33
2026-10-04T21:44:06.905896+00:00,1,GPU-e3de7dc8-620f-0d1f-8bd9-d047dad41fe1,NVIDIA A30,0,0,24576,28.61,29
2026-10-04T21:44:06.905896+00:00,2,GPU-e40ecd4c-d662-37cc-a069-2d669471410e,NVIDIA A30,100,15505,24576,174.89,51
2026-10-04T21:44:12.014864+00:00,0,GPU-459c992a-cb19-fec9-a6ff-f14309e0e86a,NVIDIA A30,0,0,24576,32.33,33
2026-10-04T21:44:12.014864+00:00,1,GPU-e3de7dc8-620f-0d1f-8bd9-d047dad41fe1,NVIDIA A30,0,0,24576,28.50,29
2026-10-04T21:44:12.014864+00:00,2,GPU-e40ecd4c-d662-37cc-a069-2d669471410e,NVIDIA A30,100,15507,24576,180.86,51
2026-10-04T21:44:17.128891+00:00,0,GPU-459c992a-cb19-fec9-a6ff-f14309e0e86a,NVIDIA A30,0,0,24576,32.21,33
2026-10-04T21:44:17.128891+00:00,1,GPU-e3de7dc8-620f-0d1f-8bd9-d047dad41fe1,NVIDIA A30,0,0,24576,28.50,29
2026-10-04T21:44:17.128891+00:00,2,GPU-e40ecd4c-d662-37cc-a069-2d669471410e,NVIDIA A30,100,15507,24576,176.02,51
2026-10-04T21:44:22.238968+00:00,0,GPU-459c992a-cb19-fec9-a6ff-f14309e0e86a,NVIDIA A30,0,0,24576,32.22,33
2026-10-04T21:44:22.238968+00:00,1,GPU-e3de7dc8-620f-0d1f-8bd9-d047dad41fe1,NVIDIA A30,0,0,24576,28.59,29
2026-10-04T21:44:22.238968+00:00,2,GPU-e40ecd4c-d662-37cc-a069-2d669471410e,NVIDIA A30,100,15507,24576,135.69,52
2026-10-04T21:44:27.347335+00:00,0,GPU-459c992a-cb19-fec9-a6ff-f14309e0e86a,NVIDIA A30,0,4,24576,32.12,32
2026-10-04T21:44:27.347335+00:00,1,GPU-e3de7dc8-620f-0d1f-8bd9-d047dad41fe1,NVIDIA A30,0,4,24576,28.50,28
2026-10-04T21:44:27.347335+00:00,2,GPU-e40ecd4c-d662-37cc-a069-2d669471410e,NVIDIA A30,100,15507,24576,156.44,52
2026-10-04T21:44:32.493978+00:00,0,GPU-459c992a-cb19-fec9-a6ff-f14309e0e86a,NVIDIA A30,0,0,24576,32.12,32
2026-10-04T21:44:32.493978+00:00,1,GPU-e3de7dc8-620f-0d1f-8bd9-d047dad41fe1,NVIDIA A30,0,0,24576,28.51,28
2026-10-04T21:44:32.493978+00:00,2,GPU-e40ecd4c-d662-37cc-a069-2d669471410e,NVIDIA A30,100,15507,24576,147.62,52
2026-10-04T21:44:37.612939+00:00,0,GPU-459c992a-cb19-fec9-a6ff-f14309e0e86a,NVIDIA A30,0,4,24576,32.12,32
2026-10-04T21:44:37.612939+00:00,1,GPU-e3de7dc8-620f-0d1f-8bd9-d047dad41fe1,NVIDIA A30,0,4,24576,28.41,28
2026-10-04T21:44:37.612939+00:00,2,GPU-e40ecd4c-d662-37cc-a069-2d669471410e,NVIDIA A30,100,15507,24576,107.80,52
2026-10-04T21:44:42.785198+00:00,0,GPU-459c992a-cb19-fec9-a6ff-f14309e0e86a,NVIDIA A30,0,0,24576,32.13,32
2026-10-04T21:44:42.785198+00:00,1,GPU-e3de7dc8-620f-0d1f-8bd9-d047dad41fe1,NVIDIA A30,0,0,24576,28.31,28
2026-10-04T21:44:42.785198+00:00,2,GPU-e40ecd4c-d662-37cc-a069-2d669471410e,NVIDIA A30,100,15507,24576,145.56,53
2026-10-04T21:44:47.891307+00:00,0,GPU-459c992a-cb19-fec9-a6ff-f14309e0e86a,NVIDIA A30,0,0,24576,32.02,32
2026-10-04T21:44:47.891307+00:00,1,GPU-e3de7dc8-620f-0d1f-8bd9-d047dad41fe1,NVIDIA A30,0,0,24576,28.40,28
2026-10-04T21:44:47.891307+00:00,2,GPU-e40ecd4c-d662-37cc-a069-2d669471410e,NVIDIA A30,99,15507,24576,164.98,53
2026-10-04T21:44:53.011724+00:00,0,GPU-459c992a-cb19-fec9-a6ff-f14309e0e86a,NVIDIA A30,0,0,24576,32.02,32
2026-10-04T21:44:53.011724+00:00,1,GPU-e3de7dc8-620f-0d1f-8bd9-d047dad41fe1,NVIDIA A30,0,0,24576,28.31,28
2026-10-04T21:44:53.011724+00:00,2,GPU-e40ecd4c-d662-37cc-a069-2d669471410e,NVIDIA A30,86,15507,24576,153.34,53
2026-10-04T21:44:58.122316+00:00,0,GPU-459c992a-cb19-fec9-a6ff-f14309e0e86a,NVIDIA A30,0,0,24576,32.03,32
2026-10-04T21:44:58.122316+00:00,1,GPU-e3de7dc8-620f-0d1f-8bd9-d047dad41fe1,NVIDIA A30,0,0,24576,28.31,28
2026-10-04T21:44:58.122316+00:00,2,GPU-e40ecd4c-d662-37cc-a069-2d669471410e,NVIDIA A30,88,15507,24576,159.40,52
2026-10-04T21:45:03.247399+00:00,0,GPU-459c992a-cb19-fec9-a6ff-f14309e0e86a,NVIDIA A30,0,0,24576,32.02,32
2026-10-04T21:45:03.247399+00:00,1,GPU-e3de7dc8-620f-0d1f-8bd9-d047dad41fe1,NVIDIA A30,0,0,24576,28.31,28
2026-10-04T21:45:03.247399+00:00,2,GPU-e40ecd4c-d662-37cc-a069-2d669471410e,NVIDIA A30,87,15507,24576,145.36,53
2026-10-04T21:45:08.357757+00:00,0,GPU-459c992a-cb19-fec9-a6ff-f14309e0e86a,NVIDIA A30,0,0,24576,32.02,32
2026-10-04T21:45:08.357757+00:00,1,GPU-e3de7dc8-620f-0d1f-8bd9-d047dad41fe1,NVIDIA A30,0,0,24576,28.31,28
2026-10-04T21:45:08.357757+00:00,2,GPU-e40ecd4c-d662-37cc-a069-2d669471410e,NVIDIA A30,85,15507,24576,141.92,53
2026-10-04T21:45:13.468391+00:00,0,GPU-459c992a-cb19-fec9-a6ff-f14309e0e86a,NVIDIA A30,0,0,24576,32.03,32
2026-10-04T21:45:13.468391+00:00,1,GPU-e3de7dc8-620f-0d1f-8bd9-d047dad41fe1,NVIDIA A30,0,0,24576,28.31,28
2026-10-04T21:45:13.468391+00:00,2,GPU-e40ecd4c-d662-37cc-a069-2d669471410e,NVIDIA A30,100,15507,24576,140.73,53
2026-10-04T21:45:18.582886+00:00,0,GPU-459c992a-cb19-fec9-a6ff-f14309e0e86a,NVIDIA A30,0,0,24576,31.93,32
2026-10-04T21:45:18.582886+00:00,1,GPU-e3de7dc8-620f-0d1f-8bd9-d047dad41fe1,NVIDIA A30,0,0,24576,28.31,28
2026-10-04T21:45:18.582886+00:00,2,GPU-e40ecd4c-d662-37cc-a069-2d669471410e,NVIDIA A30,84,15507,24576,178.95,53
2026-10-04T21:45:23.704322+00:00,0,GPU-459c992a-cb19-fec9-a6ff-f14309e0e86a,NVIDIA A30,0,0,24576,31.93,32
2026-10-04T21:45:23.704322+00:00,1,GPU-e3de7dc8-620f-0d1f-8bd9-d047dad41fe1,NVIDIA A30,0,0,24576,28.31,28
2026-10-04T21:45:23.704322+00:00,2,GPU-e40ecd4c-d662-37cc-a069-2d669471410e,NVIDIA A30,93,15507,24576,161.04,54
2026-10-04T21:45:28.822107+00:00,0,GPU-459c992a-cb19-fec9-a6ff-f14309e0e86a,NVIDIA A30,0,0,24576,31.93,32
2026-10-04T21:45:28.822107+00:00,1,GPU-e3de7dc8-620f-0d1f-8bd9-d047dad41fe1,NVIDIA A30,0,0,24576,28.31,28
2026-10-04T21:45:28.822107+00:00,2,GPU-e40ecd4c-d662-37cc-a069-2d669471410e,NVIDIA A30,87,15507,24576,172.21,54
2026-10-04T21:45:33.942666+00:00,0,GPU-459c992a-cb19-fec9-a6ff-f14309e0e86a,NVIDIA A30,0,0,24576,31.94,32
2026-10-04T21:45:33.942666+00:00,1,GPU-e3de7dc8-620f-0d1f-8bd9-d047dad41fe1,NVIDIA A30,0,0,24576,28.31,27
2026-10-04T21:45:33.942666+00:00,2,GPU-e40ecd4c-d662-37cc-a069-2d669471410e,NVIDIA A30,100,15507,24576,169.04,54
2026-10-04T21:45:39.064773+00:00,0,GPU-459c992a-cb19-fec9-a6ff-f14309e0e86a,NVIDIA A30,0,0,24576,31.93,32
2026-10-04T21:45:39.064773+00:00,1,GPU-e3de7dc8-620f-0d1f-8bd9-d047dad41fe1,NVIDIA A30,0,0,24576,28.31,27
2026-10-04T21:45:39.064773+00:00,2,GPU-e40ecd4c-d662-37cc-a069-2d669471410e,NVIDIA A30,100,15507,24576,139.50,54
2026-10-04T21:45:44.187940+00:00,0,GPU-459c992a-cb19-fec9-a6ff-f14309e0e86a,NVIDIA A30,0,0,24576,31.93,32
2026-10-04T21:45:44.187940+00:00,1,GPU-e3de7dc8-620f-0d1f-8bd9-d047dad41fe1,NVIDIA A30,0,0,24576,28.30,27
2026-10-04T21:45:44.187940+00:00,2,GPU-e40ecd4c-d662-37cc-a069-2d669471410e,NVIDIA A30,100,15507,24576,188.63,54
2026-10-04T21:45:49.305096+00:00,0,GPU-459c992a-cb19-fec9-a6ff-f14309e0e86a,NVIDIA A30,0,0,24576,35.01,32
2026-10-04T21:45:49.305096+00:00,1,GPU-e3de7dc8-620f-0d1f-8bd9-d047dad41fe1,NVIDIA A30,2,0,24576,31.39,28
2026-10-04T21:45:49.305096+00:00,2,GPU-e40ecd4c-d662-37cc-a069-2d669471410e,NVIDIA A30,2,0,24576,35.79,46
2026-10-04T21:46:00.928103+00:00,0,GPU-459c992a-cb19-fec9-a6ff-f14309e0e86a,NVIDIA A30,0,4,24576,34.62,32
2026-10-04T21:46:00.928103+00:00,1,GPU-e3de7dc8-620f-0d1f-8bd9-d047dad41fe1,NVIDIA A30,0,4,24576,30.79,28
2026-10-04T21:46:00.928103+00:00,2,GPU-e40ecd4c-d662-37cc-a069-2d669471410e,NVIDIA A30,0,4,24576,34.02,43
2026-10-04T21:46:06.038870+00:00,0,GPU-459c992a-cb19-fec9-a6ff-f14309e0e86a,NVIDIA A30,0,0,24576,34.62,32
2026-10-04T21:46:06.038870+00:00,1,GPU-e3de7dc8-620f-0d1f-8bd9-d047dad41fe1,NVIDIA A30,0,0,24576,30.79,28
2026-10-04T21:46:06.038870+00:00,2,GPU-e40ecd4c-d662-37cc-a069-2d669471410e,NVIDIA A30,1,15441,24576,53.31,43
2026-10-04T21:46:11.133165+00:00,0,GPU-459c992a-cb19-fec9-a6ff-f14309e0e86a,NVIDIA A30,0,0,24576,32.03,32
2026-10-04T21:46:11.133165+00:00,1,GPU-e3de7dc8-620f-0d1f-8bd9-d047dad41fe1,NVIDIA A30,0,0,24576,28.31,28
2026-10-04T21:46:11.133165+00:00,2,GPU-e40ecd4c-d662-37cc-a069-2d669471410e,NVIDIA A30,100,15459,24576,161.80,50
2026-10-04T21:46:16.238608+00:00,0,GPU-459c992a-cb19-fec9-a6ff-f14309e0e86a,NVIDIA A30,0,0,24576,31.93,32
2026-10-04T21:46:16.238608+00:00,1,GPU-e3de7dc8-620f-0d1f-8bd9-d047dad41fe1,NVIDIA A30,0,0,24576,28.31,28
2026-10-04T21:46:16.238608+00:00,2,GPU-e40ecd4c-d662-37cc-a069-2d669471410e,NVIDIA A30,98,15459,24576,150.51,50
2026-10-04T21:46:21.343709+00:00,0,GPU-459c992a-cb19-fec9-a6ff-f14309e0e86a,NVIDIA A30,0,0,24576,31.92,32
2026-10-04T21:46:21.343709+00:00,1,GPU-e3de7dc8-620f-0d1f-8bd9-d047dad41fe1,NVIDIA A30,0,0,24576,28.31,28
2026-10-04T21:46:21.343709+00:00,2,GPU-e40ecd4c-d662-37cc-a069-2d669471410e,NVIDIA A30,98,15459,24576,163.23,51
2026-10-04T21:46:26.452371+00:00,0,GPU-459c992a-cb19-fec9-a6ff-f14309e0e86a,NVIDIA A30,0,0,24576,31.93,32
2026-10-04T21:46:26.452371+00:00,1,GPU-e3de7dc8-620f-0d1f-8bd9-d047dad41fe1,NVIDIA A30,0,0,24576,28.31,27
2026-10-04T21:46:26.452371+00:00,2,GPU-e40ecd4c-d662-37cc-a069-2d669471410e,NVIDIA A30,100,15459,24576,184.81,52
2026-10-04T21:46:31.562345+00:00,0,GPU-459c992a-cb19-fec9-a6ff-f14309e0e86a,NVIDIA A30,0,0,24576,31.93,32
2026-10-04T21:46:31.562345+00:00,1,GPU-e3de7dc8-620f-0d1f-8bd9-d047dad41fe1,NVIDIA A30,0,0,24576,28.31,27
2026-10-04T21:46:31.562345+00:00,2,GPU-e40ecd4c-d662-37cc-a069-2d669471410e,NVIDIA A30,100,15459,24576,169.26,52
2026-10-04T21:46:36.675015+00:00,0,GPU-459c992a-cb19-fec9-a6ff-f14309e0e86a,NVIDIA A30,0,0,24576,31.92,32
2026-10-04T21:46:36.675015+00:00,1,GPU-e3de7dc8-620f-0d1f-8bd9-d047dad41fe1,NVIDIA A30,0,0,24576,28.21,27
2026-10-04T21:46:36.675015+00:00,2,GPU-e40ecd4c-d662-37cc-a069-2d669471410e,NVIDIA A30,100,15459,24576,166.23,53
2026-10-04T21:46:41.785607+00:00,0,GPU-459c992a-cb19-fec9-a6ff-f14309e0e86a,NVIDIA A30,0,4,24576,31.93,32
2026-10-04T21:46:41.785607+00:00,1,GPU-e3de7dc8-620f-0d1f-8bd9-d047dad41fe1,NVIDIA A30,0,4,24576,28.20,27
2026-10-04T21:46:41.785607+00:00,2,GPU-e40ecd4c-d662-37cc-a069-2d669471410e,NVIDIA A30,98,15459,24576,148.96,53
2026-10-04T21:46:46.907396+00:00,0,GPU-459c992a-cb19-fec9-a6ff-f14309e0e86a,NVIDIA A30,0,0,24576,31.92,32
2026-10-04T21:46:46.907396+00:00,1,GPU-e3de7dc8-620f-0d1f-8bd9-d047dad41fe1,NVIDIA A30,0,0,24576,28.21,27
2026-10-04T21:46:46.907396+00:00,2,GPU-e40ecd4c-d662-37cc-a069-2d669471410e,NVIDIA A30,98,15459,24576,174.60,53
2026-10-04T21:46:52.020739+00:00,0,GPU-459c992a-cb19-fec9-a6ff-f14309e0e86a,NVIDIA A30,0,0,24576,31.93,32
2026-10-04T21:46:52.020739+00:00,1,GPU-e3de7dc8-620f-0d1f-8bd9-d047dad41fe1,NVIDIA A30,0,0,24576,28.40,27
2026-10-04T21:46:52.020739+00:00,2,GPU-e40ecd4c-d662-37cc-a069-2d669471410e,NVIDIA A30,98,15459,24576,157.18,53
2026-10-04T21:46:57.141638+00:00,0,GPU-459c992a-cb19-fec9-a6ff-f14309e0e86a,NVIDIA A30,0,0,24576,31.92,32
2026-10-04T21:46:57.141638+00:00,1,GPU-e3de7dc8-620f-0d1f-8bd9-d047dad41fe1,NVIDIA A30,0,0,24576,28.21,27
2026-10-04T21:46:57.141638+00:00,2,GPU-e40ecd4c-d662-37cc-a069-2d669471410e,NVIDIA A30,98,15459,24576,161.21,53
2026-10-04T21:47:02.257167+00:00,0,GPU-459c992a-cb19-fec9-a6ff-f14309e0e86a,NVIDIA A30,0,0,24576,31.83,32
2026-10-04T21:47:02.257167+00:00,1,GPU-e3de7dc8-620f-0d1f-8bd9-d047dad41fe1,NVIDIA A30,0,0,24576,28.21,27
2026-10-04T21:47:02.257167+00:00,2,GPU-e40ecd4c-d662-37cc-a069-2d669471410e,NVIDIA A30,98,15459,24576,167.11,54
2026-10-04T21:47:07.371593+00:00,0,GPU-459c992a-cb19-fec9-a6ff-f14309e0e86a,NVIDIA A30,0,0,24576,31.82,32
2026-10-04T21:47:07.371593+00:00,1,GPU-e3de7dc8-620f-0d1f-8bd9-d047dad41fe1,NVIDIA A30,0,0,24576,28.21,27
2026-10-04T21:47:07.371593+00:00,2,GPU-e40ecd4c-d662-37cc-a069-2d669471410e,NVIDIA A30,98,15459,24576,155.70,54
2026-10-04T21:47:12.491672+00:00,0,GPU-459c992a-cb19-fec9-a6ff-f14309e0e86a,NVIDIA A30,0,0,24576,31.82,32
2026-10-04T21:47:12.491672+00:00,1,GPU-e3de7dc8-620f-0d1f-8bd9-d047dad41fe1,NVIDIA A30,0,0,24576,28.20,27
2026-10-04T21:47:12.491672+00:00,2,GPU-e40ecd4c-d662-37cc-a069-2d669471410e,NVIDIA A30,100,15459,24576,151.85,54
2026-10-04T21:47:17.614890+00:00,0,GPU-459c992a-cb19-fec9-a6ff-f14309e0e86a,NVIDIA A30,0,4,24576,31.72,32
2026-10-04T21:47:17.614890+00:00,1,GPU-e3de7dc8-620f-0d1f-8bd9-d047dad41fe1,NVIDIA A30,0,4,24576,28.21,27
2026-10-04T21:47:17.614890+00:00,2,GPU-e40ecd4c-d662-37cc-a069-2d669471410e,NVIDIA A30,100,15459,24576,148.99,54
2026-10-04T21:47:22.734172+00:00,0,GPU-459c992a-cb19-fec9-a6ff-f14309e0e86a,NVIDIA A30,0,0,24576,31.71,31
2026-10-04T21:47:22.734172+00:00,1,GPU-e3de7dc8-620f-0d1f-8bd9-d047dad41fe1,NVIDIA A30,0,0,24576,28.20,27
2026-10-04T21:47:22.734172+00:00,2,GPU-e40ecd4c-d662-37cc-a069-2d669471410e,NVIDIA A30,100,15459,24576,169.50,55
2026-10-04T21:47:27.860793+00:00,0,GPU-459c992a-cb19-fec9-a6ff-f14309e0e86a,NVIDIA A30,0,0,24576,31.73,31
2026-10-04T21:47:27.860793+00:00,1,GPU-e3de7dc8-620f-0d1f-8bd9-d047dad41fe1,NVIDIA A30,0,0,24576,28.21,27
2026-10-04T21:47:27.860793+00:00,2,GPU-e40ecd4c-d662-37cc-a069-2d669471410e,NVIDIA A30,98,15459,24576,164.59,55
2026-10-04T21:47:32.986676+00:00,0,GPU-459c992a-cb19-fec9-a6ff-f14309e0e86a,NVIDIA A30,0,0,24576,31.93,31
2026-10-04T21:47:32.986676+00:00,1,GPU-e3de7dc8-620f-0d1f-8bd9-d047dad41fe1,NVIDIA A30,0,0,24576,28.21,27
2026-10-04T21:47:32.986676+00:00,2,GPU-e40ecd4c-d662-37cc-a069-2d669471410e,NVIDIA A30,98,15459,24576,170.59,55
2026-10-04T21:47:38.112967+00:00,0,GPU-459c992a-cb19-fec9-a6ff-f14309e0e86a,NVIDIA A30,0,0,24576,31.81,31
2026-10-04T21:47:38.112967+00:00,1,GPU-e3de7dc8-620f-0d1f-8bd9-d047dad41fe1,NVIDIA A30,0,0,24576,28.21,27
2026-10-04T21:47:38.112967+00:00,2,GPU-e40ecd4c-d662-37cc-a069-2d669471410e,NVIDIA A30,98,15459,24576,159.49,55
2026-10-04T21:47:43.237759+00:00,0,GPU-459c992a-cb19-fec9-a6ff-f14309e0e86a,NVIDIA A30,0,0,24576,31.82,31
2026-10-04T21:47:43.237759+00:00,1,GPU-e3de7dc8-620f-0d1f-8bd9-d047dad41fe1,NVIDIA A30,0,0,24576,28.11,27
2026-10-04T21:47:43.237759+00:00,2,GPU-e40ecd4c-d662-37cc-a069-2d669471410e,NVIDIA A30,98,15459,24576,142.64,55
2026-10-04T21:47:48.356677+00:00,0,GPU-459c992a-cb19-fec9-a6ff-f14309e0e86a,NVIDIA A30,0,0,24576,31.72,31
2026-10-04T21:47:48.356677+00:00,1,GPU-e3de7dc8-620f-0d1f-8bd9-d047dad41fe1,NVIDIA A30,0,0,24576,28.21,27
2026-10-04T21:47:48.356677+00:00,2,GPU-e40ecd4c-d662-37cc-a069-2d669471410e,NVIDIA A30,98,15459,24576,155.71,55
2026-10-04T21:47:53.473633+00:00,0,GPU-459c992a-cb19-fec9-a6ff-f14309e0e86a,NVIDIA A30,0,0,24576,31.82,31
2026-10-04T21:47:53.473633+00:00,1,GPU-e3de7dc8-620f-0d1f-8bd9-d047dad41fe1,NVIDIA A30,0,0,24576,28.10,27
2026-10-04T21:47:53.473633+00:00,2,GPU-e40ecd4c-d662-37cc-a069-2d669471410e,NVIDIA A30,98,15459,24576,155.95,55
2026-10-04T21:47:58.597852+00:00,0,GPU-459c992a-cb19-fec9-a6ff-f14309e0e86a,NVIDIA A30,0,4,24576,31.81,31
2026-10-04T21:47:58.597852+00:00,1,GPU-e3de7dc8-620f-0d1f-8bd9-d047dad41fe1,NVIDIA A30,0,1,24576,28.21,27
2026-10-04T21:47:58.597852+00:00,2,GPU-e40ecd4c-d662-37cc-a069-2d669471410e,NVIDIA A30,96,15459,24576,144.87,55
2026-10-04T21:48:03.787795+00:00,0,GPU-459c992a-cb19-fec9-a6ff-f14309e0e86a,NVIDIA A30,0,0,24576,31.82,31
2026-10-04T21:48:03.787795+00:00,1,GPU-e3de7dc8-620f-0d1f-8bd9-d047dad41fe1,NVIDIA A30,0,0,24576,28.21,27
2026-10-04T21:48:03.787795+00:00,2,GPU-e40ecd4c-d662-37cc-a069-2d669471410e,NVIDIA A30,100,15459,24576,121.81,55
2026-10-04T21:48:08.915153+00:00,0,GPU-459c992a-cb19-fec9-a6ff-f14309e0e86a,NVIDIA A30,0,0,24576,31.83,31
2026-10-04T21:48:08.915153+00:00,1,GPU-e3de7dc8-620f-0d1f-8bd9-d047dad41fe1,NVIDIA A30,0,0,24576,28.11,27
2026-10-04T21:48:08.915153+00:00,2,GPU-e40ecd4c-d662-37cc-a069-2d669471410e,NVIDIA A30,100,15459,24576,174.39,56
2026-10-04T21:48:14.029223+00:00,0,GPU-459c992a-cb19-fec9-a6ff-f14309e0e86a,NVIDIA A30,0,0,24576,31.63,31
2026-10-04T21:48:14.029223+00:00,1,GPU-e3de7dc8-620f-0d1f-8bd9-d047dad41fe1,NVIDIA A30,0,0,24576,28.11,27
2026-10-04T21:48:14.029223+00:00,2,GPU-e40ecd4c-d662-37cc-a069-2d669471410e,NVIDIA A30,100,15459,24576,131.74,56
2026-10-04T21:48:19.148391+00:00,0,GPU-459c992a-cb19-fec9-a6ff-f14309e0e86a,NVIDIA A30,0,0,24576,31.72,31
2026-10-04T21:48:19.148391+00:00,1,GPU-e3de7dc8-620f-0d1f-8bd9-d047dad41fe1,NVIDIA A30,0,0,24576,28.31,27
2026-10-04T21:48:19.148391+00:00,2,GPU-e40ecd4c-d662-37cc-a069-2d669471410e,NVIDIA A30,98,15459,24576,168.52,56
2026-10-04T21:48:24.266066+00:00,0,GPU-459c992a-cb19-fec9-a6ff-f14309e0e86a,NVIDIA A30,0,0,24576,31.82,31
2026-10-04T21:48:24.266066+00:00,1,GPU-e3de7dc8-620f-0d1f-8bd9-d047dad41fe1,NVIDIA A30,0,0,24576,28.11,27
2026-10-04T21:48:24.266066+00:00,2,GPU-e40ecd4c-d662-37cc-a069-2d669471410e,NVIDIA A30,98,15459,24576,149.84,56
2026-10-04T21:48:29.381050+00:00,0,GPU-459c992a-cb19-fec9-a6ff-f14309e0e86a,NVIDIA A30,0,0,24576,31.72,31
2026-10-04T21:48:29.381050+00:00,1,GPU-e3de7dc8-620f-0d1f-8bd9-d047dad41fe1,NVIDIA A30,0,0,24576,28.31,27
2026-10-04T21:48:29.381050+00:00,2,GPU-e40ecd4c-d662-37cc-a069-2d669471410e,NVIDIA A30,100,15459,24576,152.11,55
2026-10-04T21:48:34.505468+00:00,0,GPU-459c992a-cb19-fec9-a6ff-f14309e0e86a,NVIDIA A30,0,0,24576,31.81,31
2026-10-04T21:48:34.505468+00:00,1,GPU-e3de7dc8-620f-0d1f-8bd9-d047dad41fe1,NVIDIA A30,0,0,24576,28.11,27
2026-10-04T21:48:34.505468+00:00,2,GPU-e40ecd4c-d662-37cc-a069-2d669471410e,NVIDIA A30,100,15459,24576,167.99,56
2026-10-04T21:48:39.610794+00:00,0,GPU-459c992a-cb19-fec9-a6ff-f14309e0e86a,NVIDIA A30,0,0,24576,31.83,31
2026-10-04T21:48:39.610794+00:00,1,GPU-e3de7dc8-620f-0d1f-8bd9-d047dad41fe1,NVIDIA A30,0,0,24576,28.11,27
2026-10-04T21:48:39.610794+00:00,2,GPU-e40ecd4c-d662-37cc-a069-2d669471410e,NVIDIA A30,100,15459,24576,154.43,56
2026-10-04T21:48:44.720735+00:00,0,GPU-459c992a-cb19-fec9-a6ff-f14309e0e86a,NVIDIA A30,0,0,24576,31.72,31
2026-10-04T21:48:44.720735+00:00,1,GPU-e3de7dc8-620f-0d1f-8bd9-d047dad41fe1,NVIDIA A30,0,0,24576,28.11,27
2026-10-04T21:48:44.720735+00:00,2,GPU-e40ecd4c-d662-37cc-a069-2d669471410e,NVIDIA A30,100,15459,24576,161.17,56
2026-10-04T21:48:49.835437+00:00,0,GPU-459c992a-cb19-fec9-a6ff-f14309e0e86a,NVIDIA A30,0,0,24576,31.73,31
2026-10-04T21:48:49.835437+00:00,1,GPU-e3de7dc8-620f-0d1f-8bd9-d047dad41fe1,NVIDIA A30,0,0,24576,28.11,27
2026-10-04T21:48:49.835437+00:00,2,GPU-e40ecd4c-d662-37cc-a069-2d669471410e,NVIDIA A30,0,15459,24576,57.96,50
2026-10-04T21:48:54.937471+00:00,0,GPU-459c992a-cb19-fec9-a6ff-f14309e0e86a,NVIDIA A30,2,0,24576,35.20,32
2026-10-04T21:48:54.937471+00:00,1,GPU-e3de7dc8-620f-0d1f-8bd9-d047dad41fe1,NVIDIA A30,0,0,24576,30.79,28
2026-10-04T21:48:54.937471+00:00,2,GPU-e40ecd4c-d662-37cc-a069-2d669471410e,NVIDIA A30,2,0,24576,35.11,47
2026-10-04T21:49:05.094949+00:00,0,GPU-459c992a-cb19-fec9-a6ff-f14309e0e86a,NVIDIA A30,0,4,24576,34.91,32
2026-10-04T21:49:05.094949+00:00,1,GPU-e3de7dc8-620f-0d1f-8bd9-d047dad41fe1,NVIDIA A30,0,4,24576,31.49,28
2026-10-04T21:49:05.094949+00:00,2,GPU-e40ecd4c-d662-37cc-a069-2d669471410e,NVIDIA A30,0,4,24576,34.22,44
2026-10-04T21:49:10.216472+00:00,0,GPU-459c992a-cb19-fec9-a6ff-f14309e0e86a,NVIDIA A30,0,0,24576,34.49,32
2026-10-04T21:49:10.216472+00:00,1,GPU-e3de7dc8-620f-0d1f-8bd9-d047dad41fe1,NVIDIA A30,0,0,24576,30.78,28
2026-10-04T21:49:10.216472+00:00,2,GPU-e40ecd4c-d662-37cc-a069-2d669471410e,NVIDIA A30,97,15459,24576,165.37,48
2026-10-04T21:49:15.315882+00:00,0,GPU-459c992a-cb19-fec9-a6ff-f14309e0e86a,NVIDIA A30,0,0,24576,31.92,32
2026-10-04T21:49:15.315882+00:00,1,GPU-e3de7dc8-620f-0d1f-8bd9-d047dad41fe1,NVIDIA A30,0,0,24576,28.20,27
2026-10-04T21:49:15.315882+00:00,2,GPU-e40ecd4c-d662-37cc-a069-2d669471410e,NVIDIA A30,94,15505,24576,146.02,51
2026-10-04T21:49:20.439453+00:00,0,GPU-459c992a-cb19-fec9-a6ff-f14309e0e86a,NVIDIA A30,0,0,24576,31.92,32
2026-10-04T21:49:20.439453+00:00,1,GPU-e3de7dc8-620f-0d1f-8bd9-d047dad41fe1,NVIDIA A30,0,0,24576,28.20,27
2026-10-04T21:49:20.439453+00:00,2,GPU-e40ecd4c-d662-37cc-a069-2d669471410e,NVIDIA A30,87,15505,24576,155.81,50
2026-10-04T21:49:25.546124+00:00,0,GPU-459c992a-cb19-fec9-a6ff-f14309e0e86a,NVIDIA A30,0,0,24576,31.91,32
2026-10-04T21:49:25.546124+00:00,1,GPU-e3de7dc8-620f-0d1f-8bd9-d047dad41fe1,NVIDIA A30,0,0,24576,28.31,27
2026-10-04T21:49:25.546124+00:00,2,GPU-e40ecd4c-d662-37cc-a069-2d669471410e,NVIDIA A30,100,15505,24576,155.30,51
2026-10-04T21:49:30.666110+00:00,0,GPU-459c992a-cb19-fec9-a6ff-f14309e0e86a,NVIDIA A30,0,0,24576,31.82,32
2026-10-04T21:49:30.666110+00:00,1,GPU-e3de7dc8-620f-0d1f-8bd9-d047dad41fe1,NVIDIA A30,0,0,24576,28.21,27
2026-10-04T21:49:30.666110+00:00,2,GPU-e40ecd4c-d662-37cc-a069-2d669471410e,NVIDIA A30,83,15505,24576,183.49,51
2026-10-04T21:49:35.786840+00:00,0,GPU-459c992a-cb19-fec9-a6ff-f14309e0e86a,NVIDIA A30,0,0,24576,31.92,32
2026-10-04T21:49:35.786840+00:00,1,GPU-e3de7dc8-620f-0d1f-8bd9-d047dad41fe1,NVIDIA A30,0,0,24576,28.21,27
2026-10-04T21:49:35.786840+00:00,2,GPU-e40ecd4c-d662-37cc-a069-2d669471410e,NVIDIA A30,100,15505,24576,185.81,52
2026-10-04T21:49:40.910086+00:00,0,GPU-459c992a-cb19-fec9-a6ff-f14309e0e86a,NVIDIA A30,0,0,24576,31.83,32
2026-10-04T21:49:40.910086+00:00,1,GPU-e3de7dc8-620f-0d1f-8bd9-d047dad41fe1,NVIDIA A30,0,0,24576,28.21,27
2026-10-04T21:49:40.910086+00:00,2,GPU-e40ecd4c-d662-37cc-a069-2d669471410e,NVIDIA A30,100,15507,24576,147.96,52
2026-10-04T21:49:46.028785+00:00,0,GPU-459c992a-cb19-fec9-a6ff-f14309e0e86a,NVIDIA A30,0,0,24576,31.82,32
2026-10-04T21:49:46.028785+00:00,1,GPU-e3de7dc8-620f-0d1f-8bd9-d047dad41fe1,NVIDIA A30,0,0,24576,28.21,27
2026-10-04T21:49:46.028785+00:00,2,GPU-e40ecd4c-d662-37cc-a069-2d669471410e,NVIDIA A30,100,15507,24576,179.57,53
2026-10-04T21:49:51.142927+00:00,0,GPU-459c992a-cb19-fec9-a6ff-f14309e0e86a,NVIDIA A30,0,0,24576,31.91,32
2026-10-04T21:49:51.142927+00:00,1,GPU-e3de7dc8-620f-0d1f-8bd9-d047dad41fe1,NVIDIA A30,0,0,24576,28.21,27
2026-10-04T21:49:51.142927+00:00,2,GPU-e40ecd4c-d662-37cc-a069-2d669471410e,NVIDIA A30,100,15507,24576,182.62,52
2026-10-04T21:49:56.263750+00:00,0,GPU-459c992a-cb19-fec9-a6ff-f14309e0e86a,NVIDIA A30,0,0,24576,31.82,31
2026-10-04T21:49:56.263750+00:00,1,GPU-e3de7dc8-620f-0d1f-8bd9-d047dad41fe1,NVIDIA A30,0,0,24576,28.20,27
2026-10-04T21:49:56.263750+00:00,2,GPU-e40ecd4c-d662-37cc-a069-2d669471410e,NVIDIA A30,93,15507,24576,153.49,53
2026-10-04T21:50:01.382093+00:00,0,GPU-459c992a-cb19-fec9-a6ff-f14309e0e86a,NVIDIA A30,0,0,24576,31.82,31
2026-10-04T21:50:01.382093+00:00,1,GPU-e3de7dc8-620f-0d1f-8bd9-d047dad41fe1,NVIDIA A30,0,0,24576,28.21,27
2026-10-04T21:50:01.382093+00:00,2,GPU-e40ecd4c-d662-37cc-a069-2d669471410e,NVIDIA A30,93,15507,24576,166.48,53
2026-10-04T21:50:06.510080+00:00,0,GPU-459c992a-cb19-fec9-a6ff-f14309e0e86a,NVIDIA A30,0,0,24576,31.72,31
2026-10-04T21:50:06.510080+00:00,1,GPU-e3de7dc8-620f-0d1f-8bd9-d047dad41fe1,NVIDIA A30,0,0,24576,28.20,27
2026-10-04T21:50:06.510080+00:00,2,GPU-e40ecd4c-d662-37cc-a069-2d669471410e,NVIDIA A30,89,15507,24576,149.89,53
2026-10-04T21:50:11.634882+00:00,0,GPU-459c992a-cb19-fec9-a6ff-f14309e0e86a,NVIDIA A30,0,0,24576,31.82,31
2026-10-04T21:50:11.634882+00:00,1,GPU-e3de7dc8-620f-0d1f-8bd9-d047dad41fe1,NVIDIA A30,0,0,24576,28.11,27
2026-10-04T21:50:11.634882+00:00,2,GPU-e40ecd4c-d662-37cc-a069-2d669471410e,NVIDIA A30,100,15507,24576,160.40,54
2026-10-04T21:50:16.764525+00:00,0,GPU-459c992a-cb19-fec9-a6ff-f14309e0e86a,NVIDIA A30,0,0,24576,31.71,31
2026-10-04T21:50:16.764525+00:00,1,GPU-e3de7dc8-620f-0d1f-8bd9-d047dad41fe1,NVIDIA A30,0,0,24576,28.21,27
2026-10-04T21:50:16.764525+00:00,2,GPU-e40ecd4c-d662-37cc-a069-2d669471410e,NVIDIA A30,100,15507,24576,174.24,53
2026-10-04T21:50:21.894886+00:00,0,GPU-459c992a-cb19-fec9-a6ff-f14309e0e86a,NVIDIA A30,0,4,24576,31.72,31
2026-10-04T21:50:21.894886+00:00,1,GPU-e3de7dc8-620f-0d1f-8bd9-d047dad41fe1,NVIDIA A30,0,4,24576,28.10,27
2026-10-04T21:50:21.894886+00:00,2,GPU-e40ecd4c-d662-37cc-a069-2d669471410e,NVIDIA A30,100,15507,24576,151.27,54
2026-10-04T21:50:27.021980+00:00,0,GPU-459c992a-cb19-fec9-a6ff-f14309e0e86a,NVIDIA A30,0,0,24576,31.83,31
2026-10-04T21:50:27.021980+00:00,1,GPU-e3de7dc8-620f-0d1f-8bd9-d047dad41fe1,NVIDIA A30,0,0,24576,28.21,27
2026-10-04T21:50:27.021980+00:00,2,GPU-e40ecd4c-d662-37cc-a069-2d669471410e,NVIDIA A30,100,15507,24576,150.18,53
2026-10-04T21:50:32.148431+00:00,0,GPU-459c992a-cb19-fec9-a6ff-f14309e0e86a,NVIDIA A30,0,0,24576,31.93,31
2026-10-04T21:50:32.148431+00:00,1,GPU-e3de7dc8-620f-0d1f-8bd9-d047dad41fe1,NVIDIA A30,0,0,24576,28.21,27
2026-10-04T21:50:32.148431+00:00,2,GPU-e40ecd4c-d662-37cc-a069-2d669471410e,NVIDIA A30,100,15507,24576,147.96,54
2026-10-04T21:50:37.287867+00:00,0,GPU-459c992a-cb19-fec9-a6ff-f14309e0e86a,NVIDIA A30,0,0,24576,31.82,31
2026-10-04T21:50:37.287867+00:00,1,GPU-e3de7dc8-620f-0d1f-8bd9-d047dad41fe1,NVIDIA A30,0,0,24576,28.21,27
2026-10-04T21:50:37.287867+00:00,2,GPU-e40ecd4c-d662-37cc-a069-2d669471410e,NVIDIA A30,100,15507,24576,145.79,53
2026-10-04T21:50:42.400849+00:00,0,GPU-459c992a-cb19-fec9-a6ff-f14309e0e86a,NVIDIA A30,0,0,24576,31.72,31
2026-10-04T21:50:42.400849+00:00,1,GPU-e3de7dc8-620f-0d1f-8bd9-d047dad41fe1,NVIDIA A30,0,0,24576,28.21,27
2026-10-04T21:50:42.400849+00:00,2,GPU-e40ecd4c-d662-37cc-a069-2d669471410e,NVIDIA A30,100,15507,24576,161.57,54
2026-10-04T21:50:47.526356+00:00,0,GPU-459c992a-cb19-fec9-a6ff-f14309e0e86a,NVIDIA A30,0,0,24576,31.71,31
2026-10-04T21:50:47.526356+00:00,1,GPU-e3de7dc8-620f-0d1f-8bd9-d047dad41fe1,NVIDIA A30,0,0,24576,28.21,27
2026-10-04T21:50:47.526356+00:00,2,GPU-e40ecd4c-d662-37cc-a069-2d669471410e,NVIDIA A30,69,15507,24576,148.48,53
2026-10-04T21:50:52.644913+00:00,0,GPU-459c992a-cb19-fec9-a6ff-f14309e0e86a,NVIDIA A30,0,0,24576,31.82,31
2026-10-04T21:50:52.644913+00:00,1,GPU-e3de7dc8-620f-0d1f-8bd9-d047dad41fe1,NVIDIA A30,0,0,24576,28.11,27
2026-10-04T21:50:52.644913+00:00,2,GPU-e40ecd4c-d662-37cc-a069-2d669471410e,NVIDIA A30,100,15507,24576,155.63,54
2026-10-04T21:50:57.768869+00:00,0,GPU-459c992a-cb19-fec9-a6ff-f14309e0e86a,NVIDIA A30,0,0,24576,31.81,31
2026-10-04T21:50:57.768869+00:00,1,GPU-e3de7dc8-620f-0d1f-8bd9-d047dad41fe1,NVIDIA A30,0,0,24576,28.11,27
2026-10-04T21:50:57.768869+00:00,2,GPU-e40ecd4c-d662-37cc-a069-2d669471410e,NVIDIA A30,75,15507,24576,152.28,53
2026-10-04T21:51:02.886153+00:00,0,GPU-459c992a-cb19-fec9-a6ff-f14309e0e86a,NVIDIA A30,0,0,24576,31.81,31
2026-10-04T21:51:02.886153+00:00,1,GPU-e3de7dc8-620f-0d1f-8bd9-d047dad41fe1,NVIDIA A30,0,0,24576,28.11,27
2026-10-04T21:51:02.886153+00:00,2,GPU-e40ecd4c-d662-37cc-a069-2d669471410e,NVIDIA A30,86,15507,24576,151.92,54
2026-10-04T21:51:08.008506+00:00,0,GPU-459c992a-cb19-fec9-a6ff-f14309e0e86a,NVIDIA A30,0,0,24576,31.82,31
2026-10-04T21:51:08.008506+00:00,1,GPU-e3de7dc8-620f-0d1f-8bd9-d047dad41fe1,NVIDIA A30,0,0,24576,28.20,27
2026-10-04T21:51:08.008506+00:00,2,GPU-e40ecd4c-d662-37cc-a069-2d669471410e,NVIDIA A30,85,15507,24576,176.38,54
2026-10-04T21:51:13.134441+00:00,0,GPU-459c992a-cb19-fec9-a6ff-f14309e0e86a,NVIDIA A30,0,0,24576,31.81,31
2026-10-04T21:51:13.134441+00:00,1,GPU-e3de7dc8-620f-0d1f-8bd9-d047dad41fe1,NVIDIA A30,0,0,24576,28.11,27
2026-10-04T21:51:13.134441+00:00,2,GPU-e40ecd4c-d662-37cc-a069-2d669471410e,NVIDIA A30,100,15507,24576,146.99,54
2026-10-04T21:51:18.266347+00:00,0,GPU-459c992a-cb19-fec9-a6ff-f14309e0e86a,NVIDIA A30,0,0,24576,31.83,31
2026-10-04T21:51:18.266347+00:00,1,GPU-e3de7dc8-620f-0d1f-8bd9-d047dad41fe1,NVIDIA A30,0,0,24576,28.12,27
2026-10-04T21:51:18.266347+00:00,2,GPU-e40ecd4c-d662-37cc-a069-2d669471410e,NVIDIA A30,0,15507,24576,35.31,48
2026-10-04T21:51:23.377749+00:00,0,GPU-459c992a-cb19-fec9-a6ff-f14309e0e86a,NVIDIA A30,2,0,24576,34.72,32
2026-10-04T21:51:23.377749+00:00,1,GPU-e3de7dc8-620f-0d1f-8bd9-d047dad41fe1,NVIDIA A30,0,0,24576,30.89,28
2026-10-04T21:51:23.377749+00:00,2,GPU-e40ecd4c-d662-37cc-a069-2d669471410e,NVIDIA A30,0,0,24576,34.71,46
2026-10-04T21:51:35.978726+00:00,0,GPU-459c992a-cb19-fec9-a6ff-f14309e0e86a,NVIDIA A30,0,0,24576,35.11,32
2026-10-04T21:51:35.978726+00:00,1,GPU-e3de7dc8-620f-0d1f-8bd9-d047dad41fe1,NVIDIA A30,0,0,24576,30.79,28
2026-10-04T21:51:35.978726+00:00,2,GPU-e40ecd4c-d662-37cc-a069-2d669471410e,NVIDIA A30,0,4,24576,33.72,43
2026-10-04T21:51:41.079224+00:00,0,GPU-459c992a-cb19-fec9-a6ff-f14309e0e86a,NVIDIA A30,0,0,24576,34.50,32
2026-10-04T21:51:41.079224+00:00,1,GPU-e3de7dc8-620f-0d1f-8bd9-d047dad41fe1,NVIDIA A30,0,0,24576,30.79,28
2026-10-04T21:51:41.079224+00:00,2,GPU-e40ecd4c-d662-37cc-a069-2d669471410e,NVIDIA A30,64,7553,24576,58.05,43
2026-10-04T21:51:46.184296+00:00,0,GPU-459c992a-cb19-fec9-a6ff-f14309e0e86a,NVIDIA A30,0,0,24576,32.02,32
2026-10-04T21:51:46.184296+00:00,1,GPU-e3de7dc8-620f-0d1f-8bd9-d047dad41fe1,NVIDIA A30,0,0,24576,30.78,28
2026-10-04T21:51:46.184296+00:00,2,GPU-e40ecd4c-d662-37cc-a069-2d669471410e,NVIDIA A30,98,15459,24576,177.92,49
2026-10-04T21:51:51.304849+00:00,0,GPU-459c992a-cb19-fec9-a6ff-f14309e0e86a,NVIDIA A30,0,0,24576,31.93,32
2026-10-04T21:51:51.304849+00:00,1,GPU-e3de7dc8-620f-0d1f-8bd9-d047dad41fe1,NVIDIA A30,0,0,24576,28.21,27
2026-10-04T21:51:51.304849+00:00,2,GPU-e40ecd4c-d662-37cc-a069-2d669471410e,NVIDIA A30,100,15459,24576,161.10,50
2026-10-04T21:51:56.424373+00:00,0,GPU-459c992a-cb19-fec9-a6ff-f14309e0e86a,NVIDIA A30,0,4,24576,31.93,32
2026-10-04T21:51:56.424373+00:00,1,GPU-e3de7dc8-620f-0d1f-8bd9-d047dad41fe1,NVIDIA A30,0,4,24576,28.20,27
2026-10-04T21:51:56.424373+00:00,2,GPU-e40ecd4c-d662-37cc-a069-2d669471410e,NVIDIA A30,98,15459,24576,152.90,50
2026-10-04T21:52:01.529980+00:00,0,GPU-459c992a-cb19-fec9-a6ff-f14309e0e86a,NVIDIA A30,0,4,24576,31.81,32
2026-10-04T21:52:01.529980+00:00,1,GPU-e3de7dc8-620f-0d1f-8bd9-d047dad41fe1,NVIDIA A30,0,4,24576,28.31,27
2026-10-04T21:52:01.529980+00:00,2,GPU-e40ecd4c-d662-37cc-a069-2d669471410e,NVIDIA A30,97,15459,24576,168.54,51
2026-10-04T21:52:06.645932+00:00,0,GPU-459c992a-cb19-fec9-a6ff-f14309e0e86a,NVIDIA A30,0,4,24576,31.81,32
2026-10-04T21:52:06.645932+00:00,1,GPU-e3de7dc8-620f-0d1f-8bd9-d047dad41fe1,NVIDIA A30,0,4,24576,28.21,27
2026-10-04T21:52:06.645932+00:00,2,GPU-e40ecd4c-d662-37cc-a069-2d669471410e,NVIDIA A30,100,15459,24576,159.34,51
2026-10-04T21:52:11.759054+00:00,0,GPU-459c992a-cb19-fec9-a6ff-f14309e0e86a,NVIDIA A30,38,7417,24576,35.48,32
2026-10-04T21:52:11.759054+00:00,1,GPU-e3de7dc8-620f-0d1f-8bd9-d047dad41fe1,NVIDIA A30,0,4,24576,28.10,27
2026-10-04T21:52:11.759054+00:00,2,GPU-e40ecd4c-d662-37cc-a069-2d669471410e,NVIDIA A30,97,15459,24576,158.72,52
2026-10-04T21:52:16.866317+00:00,0,GPU-459c992a-cb19-fec9-a6ff-f14309e0e86a,NVIDIA A30,0,15459,24576,36.17,32
2026-10-04T21:52:16.866317+00:00,1,GPU-e3de7dc8-620f-0d1f-8bd9-d047dad41fe1,NVIDIA A30,7,8471,24576,31.48,28
2026-10-04T21:52:16.866317+00:00,2,GPU-e40ecd4c-d662-37cc-a069-2d669471410e,NVIDIA A30,97,15459,24576,146.46,52
2026-10-04T21:52:22.053302+00:00,0,GPU-459c992a-cb19-fec9-a6ff-f14309e0e86a,NVIDIA A30,0,0,24576,32.02,32
2026-10-04T21:52:22.053302+00:00,1,GPU-e3de7dc8-620f-0d1f-8bd9-d047dad41fe1,NVIDIA A30,0,0,24576,28.50,28
2026-10-04T21:52:22.053302+00:00,2,GPU-e40ecd4c-d662-37cc-a069-2d669471410e,NVIDIA A30,100,15459,24576,173.34,52
2026-10-04T21:52:27.163999+00:00,0,GPU-459c992a-cb19-fec9-a6ff-f14309e0e86a,NVIDIA A30,40,7615,24576,41.22,32
2026-10-04T21:52:27.163999+00:00,1,GPU-e3de7dc8-620f-0d1f-8bd9-d047dad41fe1,NVIDIA A30,0,4,24576,28.20,27
2026-10-04T21:52:27.163999+00:00,2,GPU-e40ecd4c-d662-37cc-a069-2d669471410e,NVIDIA A30,100,15459,24576,172.55,53
2026-10-04T21:52:32.275955+00:00,0,GPU-459c992a-cb19-fec9-a6ff-f14309e0e86a,NVIDIA A30,0,15463,24576,55.11,35
2026-10-04T21:52:32.275955+00:00,1,GPU-e3de7dc8-620f-0d1f-8bd9-d047dad41fe1,NVIDIA A30,100,9917,24576,172.30,36
2026-10-04T21:52:32.275955+00:00,2,GPU-e40ecd4c-d662-37cc-a069-2d669471410e,NVIDIA A30,97,15459,24576,149.88,53
2026-10-04T21:52:37.393083+00:00,0,GPU-459c992a-cb19-fec9-a6ff-f14309e0e86a,NVIDIA A30,0,0,24576,32.32,33
2026-10-04T21:52:37.393083+00:00,1,GPU-e3de7dc8-620f-0d1f-8bd9-d047dad41fe1,NVIDIA A30,0,0,24576,28.40,28
2026-10-04T21:52:37.393083+00:00,2,GPU-e40ecd4c-d662-37cc-a069-2d669471410e,NVIDIA A30,98,15459,24576,165.49,53
2026-10-04T21:52:42.515172+00:00,0,GPU-459c992a-cb19-fec9-a6ff-f14309e0e86a,NVIDIA A30,0,0,24576,32.12,33
2026-10-04T21:52:42.515172+00:00,1,GPU-e3de7dc8-620f-0d1f-8bd9-d047dad41fe1,NVIDIA A30,0,0,24576,28.40,28
2026-10-04T21:52:42.515172+00:00,2,GPU-e40ecd4c-d662-37cc-a069-2d669471410e,NVIDIA A30,98,15459,24576,152.95,53
2026-10-04T21:52:47.626815+00:00,0,GPU-459c992a-cb19-fec9-a6ff-f14309e0e86a,NVIDIA A30,0,0,24576,32.13,32
2026-10-04T21:52:47.626815+00:00,1,GPU-e3de7dc8-620f-0d1f-8bd9-d047dad41fe1,NVIDIA A30,0,0,24576,28.40,28
2026-10-04T21:52:47.626815+00:00,2,GPU-e40ecd4c-d662-37cc-a069-2d669471410e,NVIDIA A30,97,15459,24576,174.29,54
2026-10-04T21:52:52.734421+00:00,0,GPU-459c992a-cb19-fec9-a6ff-f14309e0e86a,NVIDIA A30,0,0,24576,32.12,32
2026-10-04T21:52:52.734421+00:00,1,GPU-e3de7dc8-620f-0d1f-8bd9-d047dad41fe1,NVIDIA A30,0,0,24576,28.30,28
2026-10-04T21:52:52.734421+00:00,2,GPU-e40ecd4c-d662-37cc-a069-2d669471410e,NVIDIA A30,98,15459,24576,163.38,54
2026-10-04T21:52:57.855509+00:00,0,GPU-459c992a-cb19-fec9-a6ff-f14309e0e86a,NVIDIA A30,0,0,24576,32.12,32
2026-10-04T21:52:57.855509+00:00,1,GPU-e3de7dc8-620f-0d1f-8bd9-d047dad41fe1,NVIDIA A30,0,0,24576,28.31,28
2026-10-04T21:52:57.855509+00:00,2,GPU-e40ecd4c-d662-37cc-a069-2d669471410e,NVIDIA A30,98,15459,24576,156.10,54
2026-10-04T21:53:02.973621+00:00,0,GPU-459c992a-cb19-fec9-a6ff-f14309e0e86a,NVIDIA A30,0,0,24576,32.02,32
2026-10-04T21:53:02.973621+00:00,1,GPU-e3de7dc8-620f-0d1f-8bd9-d047dad41fe1,NVIDIA A30,0,0,24576,28.21,27
2026-10-04T21:53:02.973621+00:00,2,GPU-e40ecd4c-d662-37cc-a069-2d669471410e,NVIDIA A30,97,15459,24576,152.61,54
2026-10-04T21:53:08.103519+00:00,0,GPU-459c992a-cb19-fec9-a6ff-f14309e0e86a,NVIDIA A30,0,0,24576,32.02,32
2026-10-04T21:53:08.103519+00:00,1,GPU-e3de7dc8-620f-0d1f-8bd9-d047dad41fe1,NVIDIA A30,6,8427,24576,48.59,28
2026-10-04T21:53:08.103519+00:00,2,GPU-e40ecd4c-d662-37cc-a069-2d669471410e,NVIDIA A30,98,15459,24576,163.76,55
2026-10-04T21:53:13.221597+00:00,0,GPU-459c992a-cb19-fec9-a6ff-f14309e0e86a,NVIDIA A30,0,0,24576,32.02,32
2026-10-04T21:53:13.221597+00:00,1,GPU-e3de7dc8-620f-0d1f-8bd9-d047dad41fe1,NVIDIA A30,0,321,24576,30.98,28
2026-10-04T21:53:13.221597+00:00,2,GPU-e40ecd4c-d662-37cc-a069-2d669471410e,NVIDIA A30,98,15459,24576,165.74,55
2026-10-04T21:53:18.336658+00:00,0,GPU-459c992a-cb19-fec9-a6ff-f14309e0e86a,NVIDIA A30,0,0,24576,32.02,32
2026-10-04T21:53:18.336658+00:00,1,GPU-e3de7dc8-620f-0d1f-8bd9-d047dad41fe1,NVIDIA A30,0,321,24576,30.87,28
2026-10-04T21:53:18.336658+00:00,2,GPU-e40ecd4c-d662-37cc-a069-2d669471410e,NVIDIA A30,98,15459,24576,175.43,55
2026-10-04T21:53:23.454663+00:00,0,GPU-459c992a-cb19-fec9-a6ff-f14309e0e86a,NVIDIA A30,0,4,24576,32.02,32
2026-10-04T21:53:23.454663+00:00,1,GPU-e3de7dc8-620f-0d1f-8bd9-d047dad41fe1,NVIDIA A30,0,8789,24576,31.07,28
2026-10-04T21:53:23.454663+00:00,2,GPU-e40ecd4c-d662-37cc-a069-2d669471410e,NVIDIA A30,98,15459,24576,162.92,55
2026-10-04T21:53:28.561585+00:00,0,GPU-459c992a-cb19-fec9-a6ff-f14309e0e86a,NVIDIA A30,20,7519,24576,35.77,32
2026-10-04T21:53:28.561585+00:00,1,GPU-e3de7dc8-620f-0d1f-8bd9-d047dad41fe1,NVIDIA A30,0,0,24576,28.50,28
2026-10-04T21:53:28.561585+00:00,2,GPU-e40ecd4c-d662-37cc-a069-2d669471410e,NVIDIA A30,98,15459,24576,155.48,55
2026-10-04T21:53:33.672450+00:00,0,GPU-459c992a-cb19-fec9-a6ff-f14309e0e86a,NVIDIA A30,100,15467,24576,170.61,39
2026-10-04T21:53:33.672450+00:00,1,GPU-e3de7dc8-620f-0d1f-8bd9-d047dad41fe1,NVIDIA A30,0,0,24576,28.38,28
2026-10-04T21:53:33.672450+00:00,2,GPU-e40ecd4c-d662-37cc-a069-2d669471410e,NVIDIA A30,98,15459,24576,162.13,55
2026-10-04T21:53:38.784760+00:00,0,GPU-459c992a-cb19-fec9-a6ff-f14309e0e86a,NVIDIA A30,0,7485,24576,34.79,33
2026-10-04T21:53:38.784760+00:00,1,GPU-e3de7dc8-620f-0d1f-8bd9-d047dad41fe1,NVIDIA A30,0,0,24576,28.40,28
2026-10-04T21:53:38.784760+00:00,2,GPU-e40ecd4c-d662-37cc-a069-2d669471410e,NVIDIA A30,98,15459,24576,166.96,55
2026-10-04T21:53:43.890757+00:00,0,GPU-459c992a-cb19-fec9-a6ff-f14309e0e86a,NVIDIA A30,32,14947,24576,39.15,33
2026-10-04T21:53:43.890757+00:00,1,GPU-e3de7dc8-620f-0d1f-8bd9-d047dad41fe1,NVIDIA A30,0,0,24576,28.30,28
2026-10-04T21:53:43.890757+00:00,2,GPU-e40ecd4c-d662-37cc-a069-2d669471410e,NVIDIA A30,96,15459,24576,164.01,55
2026-10-04T21:53:49.007012+00:00,0,GPU-459c992a-cb19-fec9-a6ff-f14309e0e86a,NVIDIA A30,23,7485,24576,52.49,33
2026-10-04T21:53:49.007012+00:00,1,GPU-e3de7dc8-620f-0d1f-8bd9-d047dad41fe1,NVIDIA A30,0,0,24576,28.31,27
2026-10-04T21:53:49.007012+00:00,2,GPU-e40ecd4c-d662-37cc-a069-2d669471410e,NVIDIA A30,100,15459,24576,162.24,55
2026-10-04T21:53:54.111575+00:00,0,GPU-459c992a-cb19-fec9-a6ff-f14309e0e86a,NVIDIA A30,0,0,24576,32.21,33
2026-10-04T21:53:54.111575+00:00,1,GPU-e3de7dc8-620f-0d1f-8bd9-d047dad41fe1,NVIDIA A30,0,0,24576,28.30,27
2026-10-04T21:53:54.111575+00:00,2,GPU-e40ecd4c-d662-37cc-a069-2d669471410e,NVIDIA A30,98,15459,24576,171.80,55
2026-10-04T21:53:59.238203+00:00,0,GPU-459c992a-cb19-fec9-a6ff-f14309e0e86a,NVIDIA A30,0,0,24576,32.22,32
2026-10-04T21:53:59.238203+00:00,1,GPU-e3de7dc8-620f-0d1f-8bd9-d047dad41fe1,NVIDIA A30,0,0,24576,28.30,27
2026-10-04T21:53:59.238203+00:00,2,GPU-e40ecd4c-d662-37cc-a069-2d669471410e,NVIDIA A30,97,15459,24576,171.63,55
2026-10-04T21:54:04.364000+00:00,0,GPU-459c992a-cb19-fec9-a6ff-f14309e0e86a,NVIDIA A30,0,0,24576,32.22,32
2026-10-04T21:54:04.364000+00:00,1,GPU-e3de7dc8-620f-0d1f-8bd9-d047dad41fe1,NVIDIA A30,0,0,24576,28.21,27
2026-10-04T21:54:04.364000+00:00,2,GPU-e40ecd4c-d662-37cc-a069-2d669471410e,NVIDIA A30,97,15459,24576,152.21,55
2026-10-04T21:54:09.470564+00:00,0,GPU-459c992a-cb19-fec9-a6ff-f14309e0e86a,NVIDIA A30,0,0,24576,32.12,32
2026-10-04T21:54:09.470564+00:00,1,GPU-e3de7dc8-620f-0d1f-8bd9-d047dad41fe1,NVIDIA A30,0,0,24576,28.30,27
2026-10-04T21:54:09.470564+00:00,2,GPU-e40ecd4c-d662-37cc-a069-2d669471410e,NVIDIA A30,97,15459,24576,148.16,56
2026-10-04T21:54:14.584542+00:00,0,GPU-459c992a-cb19-fec9-a6ff-f14309e0e86a,NVIDIA A30,0,4,24576,32.12,32
2026-10-04T21:54:14.584542+00:00,1,GPU-e3de7dc8-620f-0d1f-8bd9-d047dad41fe1,NVIDIA A30,0,4,24576,28.21,27
2026-10-04T21:54:14.584542+00:00,2,GPU-e40ecd4c-d662-37cc-a069-2d669471410e,NVIDIA A30,97,15459,24576,165.70,56
2026-10-04T21:54:19.700632+00:00,0,GPU-459c992a-cb19-fec9-a6ff-f14309e0e86a,NVIDIA A30,0,0,24576,32.12,32
2026-10-04T21:54:19.700632+00:00,1,GPU-e3de7dc8-620f-0d1f-8bd9-d047dad41fe1,NVIDIA A30,0,0,24576,28.21,27
2026-10-04T21:54:19.700632+00:00,2,GPU-e40ecd4c-d662-37cc-a069-2d669471410e,NVIDIA A30,100,15459,24576,174.85,56
2026-10-04T21:54:24.811587+00:00,0,GPU-459c992a-cb19-fec9-a6ff-f14309e0e86a,NVIDIA A30,0,0,24576,32.02,32
2026-10-04T21:54:24.811587+00:00,1,GPU-e3de7dc8-620f-0d1f-8bd9-d047dad41fe1,NVIDIA A30,0,0,24576,28.21,27
2026-10-04T21:54:24.811587+00:00,2,GPU-e40ecd4c-d662-37cc-a069-2d669471410e,NVIDIA A30,97,15459,24576,166.99,56
2026-10-04T21:54:29.916902+00:00,0,GPU-459c992a-cb19-fec9-a6ff-f14309e0e86a,NVIDIA A30,0,0,24576,34.82,33
2026-10-04T21:54:29.916902+00:00,1,GPU-e3de7dc8-620f-0d1f-8bd9-d047dad41fe1,NVIDIA A30,0,0,24576,30.99,28
2026-10-04T21:54:29.916902+00:00,2,GPU-e40ecd4c-d662-37cc-a069-2d669471410e,NVIDIA A30,2,0,24576,35.40,47
2026-10-04T21:54:42.540888+00:00,0,GPU-459c992a-cb19-fec9-a6ff-f14309e0e86a,NVIDIA A30,2,0,24576,34.91,33
2026-10-04T21:54:42.540888+00:00,1,GPU-e3de7dc8-620f-0d1f-8bd9-d047dad41fe1,NVIDIA A30,0,0,24576,30.89,28
2026-10-04T21:54:42.540888+00:00,2,GPU-e40ecd4c-d662-37cc-a069-2d669471410e,NVIDIA A30,0,4,24576,34.31,44
2026-10-04T21:54:47.640272+00:00,0,GPU-459c992a-cb19-fec9-a6ff-f14309e0e86a,NVIDIA A30,0,0,24576,34.60,33
2026-10-04T21:54:47.640272+00:00,1,GPU-e3de7dc8-620f-0d1f-8bd9-d047dad41fe1,NVIDIA A30,0,0,24576,31.18,28
2026-10-04T21:54:47.640272+00:00,2,GPU-e40ecd4c-d662-37cc-a069-2d669471410e,NVIDIA A30,48,7547,24576,60.22,44
2026-10-04T21:54:52.735902+00:00,0,GPU-459c992a-cb19-fec9-a6ff-f14309e0e86a,NVIDIA A30,0,0,24576,34.60,33
2026-10-04T21:54:52.735902+00:00,1,GPU-e3de7dc8-620f-0d1f-8bd9-d047dad41fe1,NVIDIA A30,0,0,24576,30.87,28
2026-10-04T21:54:52.735902+00:00,2,GPU-e40ecd4c-d662-37cc-a069-2d669471410e,NVIDIA A30,100,15507,24576,142.65,49
2026-10-04T21:54:57.845373+00:00,0,GPU-459c992a-cb19-fec9-a6ff-f14309e0e86a,NVIDIA A30,0,0,24576,32.12,32
2026-10-04T21:54:57.845373+00:00,1,GPU-e3de7dc8-620f-0d1f-8bd9-d047dad41fe1,NVIDIA A30,0,0,24576,28.21,27
2026-10-04T21:54:57.845373+00:00,2,GPU-e40ecd4c-d662-37cc-a069-2d669471410e,NVIDIA A30,100,15511,24576,162.04,50
2026-10-04T21:55:02.950294+00:00,0,GPU-459c992a-cb19-fec9-a6ff-f14309e0e86a,NVIDIA A30,0,0,24576,32.03,32
2026-10-04T21:55:02.950294+00:00,1,GPU-e3de7dc8-620f-0d1f-8bd9-d047dad41fe1,NVIDIA A30,0,0,24576,28.21,27
2026-10-04T21:55:02.950294+00:00,2,GPU-e40ecd4c-d662-37cc-a069-2d669471410e,NVIDIA A30,100,15511,24576,151.18,50
2026-10-04T21:55:08.056877+00:00,0,GPU-459c992a-cb19-fec9-a6ff-f14309e0e86a,NVIDIA A30,0,0,24576,32.13,32
2026-10-04T21:55:08.056877+00:00,1,GPU-e3de7dc8-620f-0d1f-8bd9-d047dad41fe1,NVIDIA A30,0,0,24576,28.21,27
2026-10-04T21:55:08.056877+00:00,2,GPU-e40ecd4c-d662-37cc-a069-2d669471410e,NVIDIA A30,97,15511,24576,149.55,51
2026-10-04T21:55:13.167350+00:00,0,GPU-459c992a-cb19-fec9-a6ff-f14309e0e86a,NVIDIA A30,0,0,24576,32.02,32
2026-10-04T21:55:13.167350+00:00,1,GPU-e3de7dc8-620f-0d1f-8bd9-d047dad41fe1,NVIDIA A30,0,0,24576,28.21,27
2026-10-04T21:55:13.167350+00:00,2,GPU-e40ecd4c-d662-37cc-a069-2d669471410e,NVIDIA A30,95,15511,24576,167.06,51
2026-10-04T21:55:18.281227+00:00,0,GPU-459c992a-cb19-fec9-a6ff-f14309e0e86a,NVIDIA A30,0,0,24576,32.12,32
2026-10-04T21:55:18.281227+00:00,1,GPU-e3de7dc8-620f-0d1f-8bd9-d047dad41fe1,NVIDIA A30,0,0,24576,28.20,27
2026-10-04T21:55:18.281227+00:00,2,GPU-e40ecd4c-d662-37cc-a069-2d669471410e,NVIDIA A30,100,15511,24576,165.75,52
2026-10-04T21:55:23.400931+00:00,0,GPU-459c992a-cb19-fec9-a6ff-f14309e0e86a,NVIDIA A30,0,0,24576,32.02,32
2026-10-04T21:55:23.400931+00:00,1,GPU-e3de7dc8-620f-0d1f-8bd9-d047dad41fe1,NVIDIA A30,0,0,24576,28.21,27
2026-10-04T21:55:23.400931+00:00,2,GPU-e40ecd4c-d662-37cc-a069-2d669471410e,NVIDIA A30,100,15511,24576,146.54,51
2026-10-04T21:55:28.509271+00:00,0,GPU-459c992a-cb19-fec9-a6ff-f14309e0e86a,NVIDIA A30,0,0,24576,32.03,32
2026-10-04T21:55:28.509271+00:00,1,GPU-e3de7dc8-620f-0d1f-8bd9-d047dad41fe1,NVIDIA A30,0,0,24576,28.21,27
2026-10-04T21:55:28.509271+00:00,2,GPU-e40ecd4c-d662-37cc-a069-2d669471410e,NVIDIA A30,100,15511,24576,152.30,52
2026-10-04T21:55:33.625647+00:00,0,GPU-459c992a-cb19-fec9-a6ff-f14309e0e86a,NVIDIA A30,0,0,24576,31.93,32
2026-10-04T21:55:33.625647+00:00,1,GPU-e3de7dc8-620f-0d1f-8bd9-d047dad41fe1,NVIDIA A30,0,0,24576,28.21,27
2026-10-04T21:55:33.625647+00:00,2,GPU-e40ecd4c-d662-37cc-a069-2d669471410e,NVIDIA A30,100,15513,24576,177.12,53
2026-10-04T21:55:38.739484+00:00,0,GPU-459c992a-cb19-fec9-a6ff-f14309e0e86a,NVIDIA A30,0,0,24576,31.92,32
2026-10-04T21:55:38.739484+00:00,1,GPU-e3de7dc8-620f-0d1f-8bd9-d047dad41fe1,NVIDIA A30,0,0,24576,28.21,27
2026-10-04T21:55:38.739484+00:00,2,GPU-e40ecd4c-d662-37cc-a069-2d669471410e,NVIDIA A30,97,15513,24576,160.76,53
2026-10-04T21:55:43.844329+00:00,0,GPU-459c992a-cb19-fec9-a6ff-f14309e0e86a,NVIDIA A30,0,0,24576,31.93,32
2026-10-04T21:55:43.844329+00:00,1,GPU-e3de7dc8-620f-0d1f-8bd9-d047dad41fe1,NVIDIA A30,0,0,24576,28.11,27
2026-10-04T21:55:43.844329+00:00,2,GPU-e40ecd4c-d662-37cc-a069-2d669471410e,NVIDIA A30,97,15513,24576,163.28,53
2026-10-04T21:55:48.950475+00:00,0,GPU-459c992a-cb19-fec9-a6ff-f14309e0e86a,NVIDIA A30,0,0,24576,31.92,32
2026-10-04T21:55:48.950475+00:00,1,GPU-e3de7dc8-620f-0d1f-8bd9-d047dad41fe1,NVIDIA A30,0,0,24576,28.21,27
2026-10-04T21:55:48.950475+00:00,2,GPU-e40ecd4c-d662-37cc-a069-2d669471410e,NVIDIA A30,92,15513,24576,149.99,53
2026-10-04T21:55:54.069386+00:00,0,GPU-459c992a-cb19-fec9-a6ff-f14309e0e86a,NVIDIA A30,0,0,24576,31.92,32
2026-10-04T21:55:54.069386+00:00,1,GPU-e3de7dc8-620f-0d1f-8bd9-d047dad41fe1,NVIDIA A30,0,0,24576,28.20,27
2026-10-04T21:55:54.069386+00:00,2,GPU-e40ecd4c-d662-37cc-a069-2d669471410e,NVIDIA A30,89,15513,24576,168.54,53
2026-10-04T21:55:59.185075+00:00,0,GPU-459c992a-cb19-fec9-a6ff-f14309e0e86a,NVIDIA A30,0,0,24576,31.93,32
2026-10-04T21:55:59.185075+00:00,1,GPU-e3de7dc8-620f-0d1f-8bd9-d047dad41fe1,NVIDIA A30,0,0,24576,28.20,27
2026-10-04T21:55:59.185075+00:00,2,GPU-e40ecd4c-d662-37cc-a069-2d669471410e,NVIDIA A30,100,15513,24576,146.31,53
2026-10-04T21:56:04.302359+00:00,0,GPU-459c992a-cb19-fec9-a6ff-f14309e0e86a,NVIDIA A30,0,0,24576,32.12,32
2026-10-04T21:56:04.302359+00:00,1,GPU-e3de7dc8-620f-0d1f-8bd9-d047dad41fe1,NVIDIA A30,0,0,24576,28.20,27
2026-10-04T21:56:04.302359+00:00,2,GPU-e40ecd4c-d662-37cc-a069-2d669471410e,NVIDIA A30,91,15513,24576,155.45,54
2026-10-04T21:56:09.418310+00:00,0,GPU-459c992a-cb19-fec9-a6ff-f14309e0e86a,NVIDIA A30,0,0,24576,31.92,32
2026-10-04T21:56:09.418310+00:00,1,GPU-e3de7dc8-620f-0d1f-8bd9-d047dad41fe1,NVIDIA A30,0,0,24576,28.21,27
2026-10-04T21:56:09.418310+00:00,2,GPU-e40ecd4c-d662-37cc-a069-2d669471410e,NVIDIA A30,96,15513,24576,162.76,54
2026-10-04T21:56:14.532849+00:00,0,GPU-459c992a-cb19-fec9-a6ff-f14309e0e86a,NVIDIA A30,0,0,24576,31.83,32
2026-10-04T21:56:14.532849+00:00,1,GPU-e3de7dc8-620f-0d1f-8bd9-d047dad41fe1,NVIDIA A30,0,0,24576,28.21,27
2026-10-04T21:56:14.532849+00:00,2,GPU-e40ecd4c-d662-37cc-a069-2d669471410e,NVIDIA A30,98,15513,24576,161.47,54
2026-10-04T21:56:19.664834+00:00,0,GPU-459c992a-cb19-fec9-a6ff-f14309e0e86a,NVIDIA A30,0,0,24576,31.81,32
2026-10-04T21:56:19.664834+00:00,1,GPU-e3de7dc8-620f-0d1f-8bd9-d047dad41fe1,NVIDIA A30,0,0,24576,28.21,27
2026-10-04T21:56:19.664834+00:00,2,GPU-e40ecd4c-d662-37cc-a069-2d669471410e,NVIDIA A30,100,15513,24576,178.73,54
2026-10-04T21:56:24.775338+00:00,0,GPU-459c992a-cb19-fec9-a6ff-f14309e0e86a,NVIDIA A30,0,0,24576,31.93,32
2026-10-04T21:56:24.775338+00:00,1,GPU-e3de7dc8-620f-0d1f-8bd9-d047dad41fe1,NVIDIA A30,0,0,24576,28.11,27
2026-10-04T21:56:24.775338+00:00,2,GPU-e40ecd4c-d662-37cc-a069-2d669471410e,NVIDIA A30,100,15513,24576,144.33,54
2026-10-04T21:56:29.878733+00:00,0,GPU-459c992a-cb19-fec9-a6ff-f14309e0e86a,NVIDIA A30,0,0,24576,31.82,32
2026-10-04T21:56:29.878733+00:00,1,GPU-e3de7dc8-620f-0d1f-8bd9-d047dad41fe1,NVIDIA A30,0,0,24576,28.21,27
2026-10-04T21:56:29.878733+00:00,2,GPU-e40ecd4c-d662-37cc-a069-2d669471410e,NVIDIA A30,93,15513,24576,163.47,54
2026-10-04T21:56:34.982322+00:00,0,GPU-459c992a-cb19-fec9-a6ff-f14309e0e86a,NVIDIA A30,0,0,24576,31.82,32
2026-10-04T21:56:34.982322+00:00,1,GPU-e3de7dc8-620f-0d1f-8bd9-d047dad41fe1,NVIDIA A30,0,0,24576,28.21,27
2026-10-04T21:56:34.982322+00:00,2,GPU-e40ecd4c-d662-37cc-a069-2d669471410e,NVIDIA A30,99,15513,24576,100.53,54
2026-10-04T21:56:40.090723+00:00,0,GPU-459c992a-cb19-fec9-a6ff-f14309e0e86a,NVIDIA A30,0,0,24576,31.81,32
2026-10-04T21:56:40.090723+00:00,1,GPU-e3de7dc8-620f-0d1f-8bd9-d047dad41fe1,NVIDIA A30,0,0,24576,28.21,27
2026-10-04T21:56:40.090723+00:00,2,GPU-e40ecd4c-d662-37cc-a069-2d669471410e,NVIDIA A30,100,15513,24576,140.96,54
2026-10-04T21:56:45.210176+00:00,0,GPU-459c992a-cb19-fec9-a6ff-f14309e0e86a,NVIDIA A30,0,0,24576,31.82,32
2026-10-04T21:56:45.210176+00:00,1,GPU-e3de7dc8-620f-0d1f-8bd9-d047dad41fe1,NVIDIA A30,0,0,24576,28.21,27
2026-10-04T21:56:45.210176+00:00,2,GPU-e40ecd4c-d662-37cc-a069-2d669471410e,NVIDIA A30,100,15513,24576,170.60,54
2026-10-04T21:56:50.314841+00:00,0,GPU-459c992a-cb19-fec9-a6ff-f14309e0e86a,NVIDIA A30,0,0,24576,31.82,32
2026-10-04T21:56:50.314841+00:00,1,GPU-e3de7dc8-620f-0d1f-8bd9-d047dad41fe1,NVIDIA A30,0,0,24576,28.21,27
2026-10-04T21:56:50.314841+00:00,2,GPU-e40ecd4c-d662-37cc-a069-2d669471410e,NVIDIA A30,96,15513,24576,165.23,55
2026-10-04T21:56:55.434544+00:00,0,GPU-459c992a-cb19-fec9-a6ff-f14309e0e86a,NVIDIA A30,0,0,24576,31.83,32
2026-10-04T21:56:55.434544+00:00,1,GPU-e3de7dc8-620f-0d1f-8bd9-d047dad41fe1,NVIDIA A30,0,0,24576,28.21,27
2026-10-04T21:56:55.434544+00:00,2,GPU-e40ecd4c-d662-37cc-a069-2d669471410e,NVIDIA A30,0,15513,24576,57.17,50
2026-10-04T21:57:00.552588+00:00,0,GPU-459c992a-cb19-fec9-a6ff-f14309e0e86a,NVIDIA A30,0,0,24576,31.93,32
2026-10-04T21:57:00.552588+00:00,1,GPU-e3de7dc8-620f-0d1f-8bd9-d047dad41fe1,NVIDIA A30,0,0,24576,28.11,27
2026-10-04T21:57:00.552588+00:00,2,GPU-e40ecd4c-d662-37cc-a069-2d669471410e,NVIDIA A30,85,15513,24576,177.18,54
2026-10-04T21:57:05.678867+00:00,0,GPU-459c992a-cb19-fec9-a6ff-f14309e0e86a,NVIDIA A30,0,0,24576,31.82,31
2026-10-04T21:57:05.678867+00:00,1,GPU-e3de7dc8-620f-0d1f-8bd9-d047dad41fe1,NVIDIA A30,0,0,24576,28.21,27
2026-10-04T21:57:05.678867+00:00,2,GPU-e40ecd4c-d662-37cc-a069-2d669471410e,NVIDIA A30,100,15513,24576,180.04,54
2026-10-04T21:57:10.801237+00:00,0,GPU-459c992a-cb19-fec9-a6ff-f14309e0e86a,NVIDIA A30,0,0,24576,31.81,32
2026-10-04T21:57:10.801237+00:00,1,GPU-e3de7dc8-620f-0d1f-8bd9-d047dad41fe1,NVIDIA A30,0,0,24576,28.21,27
2026-10-04T21:57:10.801237+00:00,2,GPU-e40ecd4c-d662-37cc-a069-2d669471410e,NVIDIA A30,100,15513,24576,171.73,54
2026-10-04T21:57:15.923003+00:00,0,GPU-459c992a-cb19-fec9-a6ff-f14309e0e86a,NVIDIA A30,0,0,24576,31.92,32
2026-10-04T21:57:15.923003+00:00,1,GPU-e3de7dc8-620f-0d1f-8bd9-d047dad41fe1,NVIDIA A30,0,0,24576,28.11,27
2026-10-04T21:57:15.923003+00:00,2,GPU-e40ecd4c-d662-37cc-a069-2d669471410e,NVIDIA A30,100,15513,24576,148.67,55
2026-10-04T21:57:21.043526+00:00,0,GPU-459c992a-cb19-fec9-a6ff-f14309e0e86a,NVIDIA A30,0,0,24576,31.92,31
2026-10-04T21:57:21.043526+00:00,1,GPU-e3de7dc8-620f-0d1f-8bd9-d047dad41fe1,NVIDIA A30,0,0,24576,28.21,27
2026-10-04T21:57:21.043526+00:00,2,GPU-e40ecd4c-d662-37cc-a069-2d669471410e,NVIDIA A30,94,15513,24576,156.49,55
2026-10-04T21:57:26.163812+00:00,0,GPU-459c992a-cb19-fec9-a6ff-f14309e0e86a,NVIDIA A30,0,0,24576,31.82,31
2026-10-04T21:57:26.163812+00:00,1,GPU-e3de7dc8-620f-0d1f-8bd9-d047dad41fe1,NVIDIA A30,0,0,24576,28.11,27
2026-10-04T21:57:26.163812+00:00,2,GPU-e40ecd4c-d662-37cc-a069-2d669471410e,NVIDIA A30,95,15513,24576,172.88,55
2026-10-04T21:57:31.272348+00:00,0,GPU-459c992a-cb19-fec9-a6ff-f14309e0e86a,NVIDIA A30,0,0,24576,31.83,31
2026-10-04T21:57:31.272348+00:00,1,GPU-e3de7dc8-620f-0d1f-8bd9-d047dad41fe1,NVIDIA A30,0,0,24576,28.21,27
2026-10-04T21:57:31.272348+00:00,2,GPU-e40ecd4c-d662-37cc-a069-2d669471410e,NVIDIA A30,5,15515,24576,57.17,50
2026-10-04T21:57:36.390505+00:00,0,GPU-459c992a-cb19-fec9-a6ff-f14309e0e86a,NVIDIA A30,0,0,24576,35.99,32
2026-10-04T21:57:36.390505+00:00,1,GPU-e3de7dc8-620f-0d1f-8bd9-d047dad41fe1,NVIDIA A30,0,0,24576,30.89,27
2026-10-04T21:57:36.390505+00:00,2,GPU-e40ecd4c-d662-37cc-a069-2d669471410e,NVIDIA A30,2,0,24576,34.90,46
2026-10-04T21:57:46.440822+00:00,0,GPU-459c992a-cb19-fec9-a6ff-f14309e0e86a,NVIDIA A30,0,0,24576,34.61,32
2026-10-04T21:57:46.440822+00:00,1,GPU-e3de7dc8-620f-0d1f-8bd9-d047dad41fe1,NVIDIA A30,0,0,24576,30.79,28
2026-10-04T21:57:46.440822+00:00,2,GPU-e40ecd4c-d662-37cc-a069-2d669471410e,NVIDIA A30,3,7417,24576,34.51,44
2026-10-04T21:57:51.550165+00:00,0,GPU-459c992a-cb19-fec9-a6ff-f14309e0e86a,NVIDIA A30,0,0,24576,34.60,32
2026-10-04T21:57:51.550165+00:00,1,GPU-e3de7dc8-620f-0d1f-8bd9-d047dad41fe1,NVIDIA A30,0,0,24576,30.68,27
2026-10-04T21:57:51.550165+00:00,2,GPU-e40ecd4c-d662-37cc-a069-2d669471410e,NVIDIA A30,98,15459,24576,165.10,49
2026-10-04T21:57:56.658605+00:00,0,GPU-459c992a-cb19-fec9-a6ff-f14309e0e86a,NVIDIA A30,0,0,24576,31.92,32
2026-10-04T21:57:56.658605+00:00,1,GPU-e3de7dc8-620f-0d1f-8bd9-d047dad41fe1,NVIDIA A30,0,0,24576,28.20,27
2026-10-04T21:57:56.658605+00:00,2,GPU-e40ecd4c-d662-37cc-a069-2d669471410e,NVIDIA A30,98,15459,24576,165.80,51
2026-10-04T21:58:01.762759+00:00,0,GPU-459c992a-cb19-fec9-a6ff-f14309e0e86a,NVIDIA A30,0,4,24576,31.63,32
2026-10-04T21:58:01.762759+00:00,1,GPU-e3de7dc8-620f-0d1f-8bd9-d047dad41fe1,NVIDIA A30,0,4,24576,28.20,27
2026-10-04T21:58:01.762759+00:00,2,GPU-e40ecd4c-d662-37cc-a069-2d669471410e,NVIDIA A30,97,15459,24576,171.23,51
2026-10-04T21:58:06.868551+00:00,0,GPU-459c992a-cb19-fec9-a6ff-f14309e0e86a,NVIDIA A30,0,0,24576,31.93,32
2026-10-04T21:58:06.868551+00:00,1,GPU-e3de7dc8-620f-0d1f-8bd9-d047dad41fe1,NVIDIA A30,0,0,24576,28.21,27
2026-10-04T21:58:06.868551+00:00,2,GPU-e40ecd4c-d662-37cc-a069-2d669471410e,NVIDIA A30,98,15459,24576,158.12,52
2026-10-04T21:58:11.976174+00:00,0,GPU-459c992a-cb19-fec9-a6ff-f14309e0e86a,NVIDIA A30,0,0,24576,31.93,32
2026-10-04T21:58:11.976174+00:00,1,GPU-e3de7dc8-620f-0d1f-8bd9-d047dad41fe1,NVIDIA A30,0,0,24576,28.21,27
2026-10-04T21:58:11.976174+00:00,2,GPU-e40ecd4c-d662-37cc-a069-2d669471410e,NVIDIA A30,98,15459,24576,157.29,52
2026-10-04T21:58:17.084074+00:00,0,GPU-459c992a-cb19-fec9-a6ff-f14309e0e86a,NVIDIA A30,0,0,24576,31.82,32
2026-10-04T21:58:17.084074+00:00,1,GPU-e3de7dc8-620f-0d1f-8bd9-d047dad41fe1,NVIDIA A30,0,0,24576,28.21,27
2026-10-04T21:58:17.084074+00:00,2,GPU-e40ecd4c-d662-37cc-a069-2d669471410e,NVIDIA A30,98,15459,24576,175.66,52
2026-10-04T21:58:22.188392+00:00,0,GPU-459c992a-cb19-fec9-a6ff-f14309e0e86a,NVIDIA A30,0,0,24576,31.93,32
2026-10-04T21:58:22.188392+00:00,1,GPU-e3de7dc8-620f-0d1f-8bd9-d047dad41fe1,NVIDIA A30,0,0,24576,28.21,27
2026-10-04T21:58:22.188392+00:00,2,GPU-e40ecd4c-d662-37cc-a069-2d669471410e,NVIDIA A30,98,15459,24576,152.06,53
2026-10-04T21:58:27.293573+00:00,0,GPU-459c992a-cb19-fec9-a6ff-f14309e0e86a,NVIDIA A30,0,0,24576,31.93,32
2026-10-04T21:58:27.293573+00:00,1,GPU-e3de7dc8-620f-0d1f-8bd9-d047dad41fe1,NVIDIA A30,0,0,24576,28.21,27
2026-10-04T21:58:27.293573+00:00,2,GPU-e40ecd4c-d662-37cc-a069-2d669471410e,NVIDIA A30,100,15459,24576,163.82,53
2026-10-04T21:58:32.401443+00:00,0,GPU-459c992a-cb19-fec9-a6ff-f14309e0e86a,NVIDIA A30,0,0,24576,31.93,32
2026-10-04T21:58:32.401443+00:00,1,GPU-e3de7dc8-620f-0d1f-8bd9-d047dad41fe1,NVIDIA A30,0,0,24576,28.21,27
2026-10-04T21:58:32.401443+00:00,2,GPU-e40ecd4c-d662-37cc-a069-2d669471410e,NVIDIA A30,100,15459,24576,145.96,53
2026-10-04T21:58:37.507624+00:00,0,GPU-459c992a-cb19-fec9-a6ff-f14309e0e86a,NVIDIA A30,0,0,24576,31.91,32
2026-10-04T21:58:37.507624+00:00,1,GPU-e3de7dc8-620f-0d1f-8bd9-d047dad41fe1,NVIDIA A30,0,0,24576,28.31,27
2026-10-04T21:58:37.507624+00:00,2,GPU-e40ecd4c-d662-37cc-a069-2d669471410e,NVIDIA A30,100,15459,24576,172.25,54
2026-10-04T21:58:42.611706+00:00,0,GPU-459c992a-cb19-fec9-a6ff-f14309e0e86a,NVIDIA A30,0,0,24576,31.94,32
2026-10-04T21:58:42.611706+00:00,1,GPU-e3de7dc8-620f-0d1f-8bd9-d047dad41fe1,NVIDIA A30,0,0,24576,28.10,27
2026-10-04T21:58:42.611706+00:00,2,GPU-e40ecd4c-d662-37cc-a069-2d669471410e,NVIDIA A30,100,15459,24576,174.54,54
2026-10-04T21:58:47.719927+00:00,0,GPU-459c992a-cb19-fec9-a6ff-f14309e0e86a,NVIDIA A30,0,0,24576,31.63,32
2026-10-04T21:58:47.719927+00:00,1,GPU-e3de7dc8-620f-0d1f-8bd9-d047dad41fe1,NVIDIA A30,0,0,24576,28.21,27
2026-10-04T21:58:47.719927+00:00,2,GPU-e40ecd4c-d662-37cc-a069-2d669471410e,NVIDIA A30,100,15459,24576,166.29,54
2026-10-04T21:58:52.827758+00:00,0,GPU-459c992a-cb19-fec9-a6ff-f14309e0e86a,NVIDIA A30,0,0,24576,31.82,32
2026-10-04T21:58:52.827758+00:00,1,GPU-e3de7dc8-620f-0d1f-8bd9-d047dad41fe1,NVIDIA A30,0,0,24576,28.11,27
2026-10-04T21:58:52.827758+00:00,2,GPU-e40ecd4c-d662-37cc-a069-2d669471410e,NVIDIA A30,98,15459,24576,168.72,54
2026-10-04T21:58:57.932489+00:00,0,GPU-459c992a-cb19-fec9-a6ff-f14309e0e86a,NVIDIA A30,0,0,24576,31.93,32
2026-10-04T21:58:57.932489+00:00,1,GPU-e3de7dc8-620f-0d1f-8bd9-d047dad41fe1,NVIDIA A30,0,0,24576,28.11,27
2026-10-04T21:58:57.932489+00:00,2,GPU-e40ecd4c-d662-37cc-a069-2d669471410e,NVIDIA A30,97,15459,24576,166.08,54
2026-10-04T21:59:03.037054+00:00,0,GPU-459c992a-cb19-fec9-a6ff-f14309e0e86a,NVIDIA A30,0,0,24576,31.81,32
2026-10-04T21:59:03.037054+00:00,1,GPU-e3de7dc8-620f-0d1f-8bd9-d047dad41fe1,NVIDIA A30,0,0,24576,28.21,27
2026-10-04T21:59:03.037054+00:00,2,GPU-e40ecd4c-d662-37cc-a069-2d669471410e,NVIDIA A30,98,15459,24576,164.86,55
2026-10-04T21:59:08.142859+00:00,0,GPU-459c992a-cb19-fec9-a6ff-f14309e0e86a,NVIDIA A30,0,0,24576,31.93,32
2026-10-04T21:59:08.142859+00:00,1,GPU-e3de7dc8-620f-0d1f-8bd9-d047dad41fe1,NVIDIA A30,0,0,24576,28.11,27
2026-10-04T21:59:08.142859+00:00,2,GPU-e40ecd4c-d662-37cc-a069-2d669471410e,NVIDIA A30,97,15459,24576,179.34,55
2026-10-04T21:59:13.249556+00:00,0,GPU-459c992a-cb19-fec9-a6ff-f14309e0e86a,NVIDIA A30,0,0,24576,31.72,32
2026-10-04T21:59:13.249556+00:00,1,GPU-e3de7dc8-620f-0d1f-8bd9-d047dad41fe1,NVIDIA A30,0,0,24576,28.11,27
2026-10-04T21:59:13.249556+00:00,2,GPU-e40ecd4c-d662-37cc-a069-2d669471410e,NVIDIA A30,100,15459,24576,140.25,55
2026-10-04T21:59:18.356651+00:00,0,GPU-459c992a-cb19-fec9-a6ff-f14309e0e86a,NVIDIA A30,0,0,24576,31.93,32
2026-10-04T21:59:18.356651+00:00,1,GPU-e3de7dc8-620f-0d1f-8bd9-d047dad41fe1,NVIDIA A30,0,0,24576,28.11,27
2026-10-04T21:59:18.356651+00:00,2,GPU-e40ecd4c-d662-37cc-a069-2d669471410e,NVIDIA A30,99,15459,24576,152.76,55
2026-10-04T21:59:23.462017+00:00,0,GPU-459c992a-cb19-fec9-a6ff-f14309e0e86a,NVIDIA A30,0,0,24576,31.93,32
2026-10-04T21:59:23.462017+00:00,1,GPU-e3de7dc8-620f-0d1f-8bd9-d047dad41fe1,NVIDIA A30,0,0,24576,28.11,27
2026-10-04T21:59:23.462017+00:00,2,GPU-e40ecd4c-d662-37cc-a069-2d669471410e,NVIDIA A30,98,15459,24576,162.25,55
2026-10-04T21:59:28.587801+00:00,0,GPU-459c992a-cb19-fec9-a6ff-f14309e0e86a,NVIDIA A30,0,0,24576,31.93,32
2026-10-04T21:59:28.587801+00:00,1,GPU-e3de7dc8-620f-0d1f-8bd9-d047dad41fe1,NVIDIA A30,0,0,24576,28.11,27
2026-10-04T21:59:28.587801+00:00,2,GPU-e40ecd4c-d662-37cc-a069-2d669471410e,NVIDIA A30,97,15459,24576,147.18,55
2026-10-04T21:59:33.712860+00:00,0,GPU-459c992a-cb19-fec9-a6ff-f14309e0e86a,NVIDIA A30,0,0,24576,31.82,32
2026-10-04T21:59:33.712860+00:00,1,GPU-e3de7dc8-620f-0d1f-8bd9-d047dad41fe1,NVIDIA A30,0,0,24576,28.11,27
2026-10-04T21:59:33.712860+00:00,2,GPU-e40ecd4c-d662-37cc-a069-2d669471410e,NVIDIA A30,98,15459,24576,143.61,55
2026-10-04T21:59:38.843672+00:00,0,GPU-459c992a-cb19-fec9-a6ff-f14309e0e86a,NVIDIA A30,0,0,24576,31.84,32
2026-10-04T21:59:38.843672+00:00,1,GPU-e3de7dc8-620f-0d1f-8bd9-d047dad41fe1,NVIDIA A30,0,0,24576,28.21,27
2026-10-04T21:59:38.843672+00:00,2,GPU-e40ecd4c-d662-37cc-a069-2d669471410e,NVIDIA A30,98,15459,24576,181.20,56
2026-10-04T21:59:43.971860+00:00,0,GPU-459c992a-cb19-fec9-a6ff-f14309e0e86a,NVIDIA A30,0,0,24576,31.72,31
2026-10-04T21:59:43.971860+00:00,1,GPU-e3de7dc8-620f-0d1f-8bd9-d047dad41fe1,NVIDIA A30,0,0,24576,28.11,27
2026-10-04T21:59:43.971860+00:00,2,GPU-e40ecd4c-d662-37cc-a069-2d669471410e,NVIDIA A30,98,15459,24576,144.97,55
2026-10-04T21:59:49.084273+00:00,0,GPU-459c992a-cb19-fec9-a6ff-f14309e0e86a,NVIDIA A30,0,4,24576,31.72,31
2026-10-04T21:59:49.084273+00:00,1,GPU-e3de7dc8-620f-0d1f-8bd9-d047dad41fe1,NVIDIA A30,0,0,24576,28.21,27
2026-10-04T21:59:49.084273+00:00,2,GPU-e40ecd4c-d662-37cc-a069-2d669471410e,NVIDIA A30,98,15459,24576,175.12,56
2026-10-04T21:59:54.195022+00:00,0,GPU-459c992a-cb19-fec9-a6ff-f14309e0e86a,NVIDIA A30,4,1843,24576,41.83,32
2026-10-04T21:59:54.195022+00:00,1,GPU-e3de7dc8-620f-0d1f-8bd9-d047dad41fe1,NVIDIA A30,0,0,24576,28.21,27
2026-10-04T21:59:54.195022+00:00,2,GPU-e40ecd4c-d662-37cc-a069-2d669471410e,NVIDIA A30,100,15459,24576,164.94,56
2026-10-04T21:59:59.301265+00:00,0,GPU-459c992a-cb19-fec9-a6ff-f14309e0e86a,NVIDIA A30,0,0,24576,31.93,32
2026-10-04T21:59:59.301265+00:00,1,GPU-e3de7dc8-620f-0d1f-8bd9-d047dad41fe1,NVIDIA A30,0,0,24576,28.21,27
2026-10-04T21:59:59.301265+00:00,2,GPU-e40ecd4c-d662-37cc-a069-2d669471410e,NVIDIA A30,98,15459,24576,150.27,55
2026-10-04T22:00:04.414592+00:00,0,GPU-459c992a-cb19-fec9-a6ff-f14309e0e86a,NVIDIA A30,0,0,24576,31.93,32
2026-10-04T22:00:04.414592+00:00,1,GPU-e3de7dc8-620f-0d1f-8bd9-d047dad41fe1,NVIDIA A30,0,0,24576,28.21,27
2026-10-04T22:00:04.414592+00:00,2,GPU-e40ecd4c-d662-37cc-a069-2d669471410e,NVIDIA A30,98,15459,24576,169.26,56
2026-10-04T22:00:09.523397+00:00,0,GPU-459c992a-cb19-fec9-a6ff-f14309e0e86a,NVIDIA A30,0,0,24576,31.83,32
2026-10-04T22:00:09.523397+00:00,1,GPU-e3de7dc8-620f-0d1f-8bd9-d047dad41fe1,NVIDIA A30,0,0,24576,28.21,27
2026-10-04T22:00:09.523397+00:00,2,GPU-e40ecd4c-d662-37cc-a069-2d669471410e,NVIDIA A30,100,15459,24576,171.12,56
2026-10-04T22:00:14.637472+00:00,0,GPU-459c992a-cb19-fec9-a6ff-f14309e0e86a,NVIDIA A30,0,0,24576,31.53,32
2026-10-04T22:00:14.637472+00:00,1,GPU-e3de7dc8-620f-0d1f-8bd9-d047dad41fe1,NVIDIA A30,0,0,24576,28.21,27
2026-10-04T22:00:14.637472+00:00,2,GPU-e40ecd4c-d662-37cc-a069-2d669471410e,NVIDIA A30,100,15459,24576,166.89,56
2026-10-04T22:00:19.772466+00:00,0,GPU-459c992a-cb19-fec9-a6ff-f14309e0e86a,NVIDIA A30,0,0,24576,31.81,32
2026-10-04T22:00:19.772466+00:00,1,GPU-e3de7dc8-620f-0d1f-8bd9-d047dad41fe1,NVIDIA A30,0,0,24576,28.21,27
2026-10-04T22:00:19.772466+00:00,2,GPU-e40ecd4c-d662-37cc-a069-2d669471410e,NVIDIA A30,98,15459,24576,177.75,56
2026-10-04T22:00:24.898991+00:00,0,GPU-459c992a-cb19-fec9-a6ff-f14309e0e86a,NVIDIA A30,0,0,24576,31.82,31
2026-10-04T22:00:24.898991+00:00,1,GPU-e3de7dc8-620f-0d1f-8bd9-d047dad41fe1,NVIDIA A30,0,0,24576,28.21,27
2026-10-04T22:00:24.898991+00:00,2,GPU-e40ecd4c-d662-37cc-a069-2d669471410e,NVIDIA A30,98,15459,24576,154.07,56
2026-10-04T22:00:30.023951+00:00,0,GPU-459c992a-cb19-fec9-a6ff-f14309e0e86a,NVIDIA A30,0,0,24576,31.93,31
2026-10-04T22:00:30.023951+00:00,1,GPU-e3de7dc8-620f-0d1f-8bd9-d047dad41fe1,NVIDIA A30,0,0,24576,28.21,27
2026-10-04T22:00:30.023951+00:00,2,GPU-e40ecd4c-d662-37cc-a069-2d669471410e,NVIDIA A30,97,15459,24576,165.89,56
2026-10-04T22:00:35.145210+00:00,0,GPU-459c992a-cb19-fec9-a6ff-f14309e0e86a,NVIDIA A30,0,0,24576,34.91,32
2026-10-04T22:00:35.145210+00:00,1,GPU-e3de7dc8-620f-0d1f-8bd9-d047dad41fe1,NVIDIA A30,16,0,24576,31.49,28
2026-10-04T22:00:35.145210+00:00,2,GPU-e40ecd4c-d662-37cc-a069-2d669471410e,NVIDIA A30,0,15459,24576,35.89,47
2026-10-04T22:00:48.848908+00:00,0,GPU-459c992a-cb19-fec9-a6ff-f14309e0e86a,NVIDIA A30,0,19,24576,35.50,32
2026-10-04T22:00:48.848908+00:00,1,GPU-e3de7dc8-620f-0d1f-8bd9-d047dad41fe1,NVIDIA A30,16,0,24576,31.09,28
2026-10-04T22:00:48.848908+00:00,2,GPU-e40ecd4c-d662-37cc-a069-2d669471410e,NVIDIA A30,0,4,24576,34.41,44
2026-10-04T22:00:54.030726+00:00,0,GPU-459c992a-cb19-fec9-a6ff-f14309e0e86a,NVIDIA A30,40,1843,24576,65.74,34
2026-10-04T22:00:54.030726+00:00,1,GPU-e3de7dc8-620f-0d1f-8bd9-d047dad41fe1,NVIDIA A30,0,0,24576,30.98,28
2026-10-04T22:00:54.030726+00:00,2,GPU-e40ecd4c-d662-37cc-a069-2d669471410e,NVIDIA A30,71,7509,24576,55.67,44
2026-10-04T22:00:59.143829+00:00,0,GPU-459c992a-cb19-fec9-a6ff-f14309e0e86a,NVIDIA A30,0,1843,24576,34.79,33
2026-10-04T22:00:59.143829+00:00,1,GPU-e3de7dc8-620f-0d1f-8bd9-d047dad41fe1,NVIDIA A30,0,0,24576,49.38,28
2026-10-04T22:00:59.143829+00:00,2,GPU-e40ecd4c-d662-37cc-a069-2d669471410e,NVIDIA A30,73,15499,24576,54.00,46
2026-10-04T22:01:04.243835+00:00,0,GPU-459c992a-cb19-fec9-a6ff-f14309e0e86a,NVIDIA A30,0,0,24576,32.12,32
2026-10-04T22:01:04.243835+00:00,1,GPU-e3de7dc8-620f-0d1f-8bd9-d047dad41fe1,NVIDIA A30,0,0,24576,28.21,27
2026-10-04T22:01:04.243835+00:00,2,GPU-e40ecd4c-d662-37cc-a069-2d669471410e,NVIDIA A30,95,15511,24576,173.80,50
2026-10-04T22:01:09.352348+00:00,0,GPU-459c992a-cb19-fec9-a6ff-f14309e0e86a,NVIDIA A30,0,4,24576,32.02,32
2026-10-04T22:01:09.352348+00:00,1,GPU-e3de7dc8-620f-0d1f-8bd9-d047dad41fe1,NVIDIA A30,0,0,24576,28.21,27
2026-10-04T22:01:09.352348+00:00,2,GPU-e40ecd4c-d662-37cc-a069-2d669471410e,NVIDIA A30,90,15511,24576,157.25,50
2026-10-04T22:01:14.460638+00:00,0,GPU-459c992a-cb19-fec9-a6ff-f14309e0e86a,NVIDIA A30,0,8427,24576,34.69,32
2026-10-04T22:01:14.460638+00:00,1,GPU-e3de7dc8-620f-0d1f-8bd9-d047dad41fe1,NVIDIA A30,0,0,24576,28.20,27
2026-10-04T22:01:14.460638+00:00,2,GPU-e40ecd4c-d662-37cc-a069-2d669471410e,NVIDIA A30,100,15511,24576,150.65,51
2026-10-04T22:01:19.566274+00:00,0,GPU-459c992a-cb19-fec9-a6ff-f14309e0e86a,NVIDIA A30,59,8491,24576,97.79,36
2026-10-04T22:01:19.566274+00:00,1,GPU-e3de7dc8-620f-0d1f-8bd9-d047dad41fe1,NVIDIA A30,0,0,24576,28.19,27
2026-10-04T22:01:19.566274+00:00,2,GPU-e40ecd4c-d662-37cc-a069-2d669471410e,NVIDIA A30,94,15511,24576,161.66,51
2026-10-04T22:01:24.684664+00:00,0,GPU-459c992a-cb19-fec9-a6ff-f14309e0e86a,NVIDIA A30,0,8491,24576,55.65,35
2026-10-04T22:01:24.684664+00:00,1,GPU-e3de7dc8-620f-0d1f-8bd9-d047dad41fe1,NVIDIA A30,0,0,24576,48.39,28
2026-10-04T22:01:24.684664+00:00,2,GPU-e40ecd4c-d662-37cc-a069-2d669471410e,NVIDIA A30,100,15511,24576,153.29,52
2026-10-04T22:01:29.791063+00:00,0,GPU-459c992a-cb19-fec9-a6ff-f14309e0e86a,NVIDIA A30,0,0,24576,32.42,33
2026-10-04T22:01:29.791063+00:00,1,GPU-e3de7dc8-620f-0d1f-8bd9-d047dad41fe1,NVIDIA A30,0,0,24576,28.21,27
2026-10-04T22:01:29.791063+00:00,2,GPU-e40ecd4c-d662-37cc-a069-2d669471410e,NVIDIA A30,100,15511,24576,184.52,52
2026-10-04T22:01:34.902484+00:00,0,GPU-459c992a-cb19-fec9-a6ff-f14309e0e86a,NVIDIA A30,38,7417,24576,35.98,33
2026-10-04T22:01:34.902484+00:00,1,GPU-e3de7dc8-620f-0d1f-8bd9-d047dad41fe1,NVIDIA A30,0,0,24576,28.30,27
2026-10-04T22:01:34.902484+00:00,2,GPU-e40ecd4c-d662-37cc-a069-2d669471410e,NVIDIA A30,100,15513,24576,163.60,52
2026-10-04T22:01:40.004750+00:00,0,GPU-459c992a-cb19-fec9-a6ff-f14309e0e86a,NVIDIA A30,53,15459,24576,43.11,34
2026-10-04T22:01:40.004750+00:00,1,GPU-e3de7dc8-620f-0d1f-8bd9-d047dad41fe1,NVIDIA A30,0,0,24576,28.21,27
2026-10-04T22:01:40.004750+00:00,2,GPU-e40ecd4c-d662-37cc-a069-2d669471410e,NVIDIA A30,96,15513,24576,160.76,53
2026-10-04T22:01:45.163521+00:00,0,GPU-459c992a-cb19-fec9-a6ff-f14309e0e86a,NVIDIA A30,81,15459,24576,136.08,40
2026-10-04T22:01:45.163521+00:00,1,GPU-e3de7dc8-620f-0d1f-8bd9-d047dad41fe1,NVIDIA A30,0,0,24576,28.29,27
2026-10-04T22:01:45.163521+00:00,2,GPU-e40ecd4c-d662-37cc-a069-2d669471410e,NVIDIA A30,100,15513,24576,146.08,52
2026-10-04T22:01:50.266183+00:00,0,GPU-459c992a-cb19-fec9-a6ff-f14309e0e86a,NVIDIA A30,0,15459,24576,54.95,37
2026-10-04T22:01:50.266183+00:00,1,GPU-e3de7dc8-620f-0d1f-8bd9-d047dad41fe1,NVIDIA A30,0,0,24576,48.19,28
2026-10-04T22:01:50.266183+00:00,2,GPU-e40ecd4c-d662-37cc-a069-2d669471410e,NVIDIA A30,100,15513,24576,150.44,53
2026-10-04T22:01:55.358585+00:00,0,GPU-459c992a-cb19-fec9-a6ff-f14309e0e86a,NVIDIA A30,0,0,24576,32.70,35
2026-10-04T22:01:55.358585+00:00,1,GPU-e3de7dc8-620f-0d1f-8bd9-d047dad41fe1,NVIDIA A30,0,0,24576,28.11,27
2026-10-04T22:01:55.358585+00:00,2,GPU-e40ecd4c-d662-37cc-a069-2d669471410e,NVIDIA A30,94,15513,24576,158.55,53
2026-10-04T22:02:00.482233+00:00,0,GPU-459c992a-cb19-fec9-a6ff-f14309e0e86a,NVIDIA A30,0,0,24576,32.61,35
2026-10-04T22:02:00.482233+00:00,1,GPU-e3de7dc8-620f-0d1f-8bd9-d047dad41fe1,NVIDIA A30,0,0,24576,28.21,27
2026-10-04T22:02:00.482233+00:00,2,GPU-e40ecd4c-d662-37cc-a069-2d669471410e,NVIDIA A30,93,15513,24576,150.05,53
2026-10-04T22:02:05.593634+00:00,0,GPU-459c992a-cb19-fec9-a6ff-f14309e0e86a,NVIDIA A30,0,0,24576,32.42,34
2026-10-04T22:02:05.593634+00:00,1,GPU-e3de7dc8-620f-0d1f-8bd9-d047dad41fe1,NVIDIA A30,0,0,24576,28.11,27
2026-10-04T22:02:05.593634+00:00,2,GPU-e40ecd4c-d662-37cc-a069-2d669471410e,NVIDIA A30,100,15513,24576,177.66,53
2026-10-04T22:02:10.706557+00:00,0,GPU-459c992a-cb19-fec9-a6ff-f14309e0e86a,NVIDIA A30,0,0,24576,32.33,34
2026-10-04T22:02:10.706557+00:00,1,GPU-e3de7dc8-620f-0d1f-8bd9-d047dad41fe1,NVIDIA A30,0,0,24576,28.21,27
2026-10-04T22:02:10.706557+00:00,2,GPU-e40ecd4c-d662-37cc-a069-2d669471410e,NVIDIA A30,100,15513,24576,151.47,54
2026-10-04T22:02:15.814723+00:00,0,GPU-459c992a-cb19-fec9-a6ff-f14309e0e86a,NVIDIA A30,0,0,24576,32.33,34
2026-10-04T22:02:15.814723+00:00,1,GPU-e3de7dc8-620f-0d1f-8bd9-d047dad41fe1,NVIDIA A30,0,0,24576,28.21,27
2026-10-04T22:02:15.814723+00:00,2,GPU-e40ecd4c-d662-37cc-a069-2d669471410e,NVIDIA A30,97,15513,24576,159.25,54
2026-10-04T22:02:20.926587+00:00,0,GPU-459c992a-cb19-fec9-a6ff-f14309e0e86a,NVIDIA A30,0,0,24576,32.23,33
2026-10-04T22:02:20.926587+00:00,1,GPU-e3de7dc8-620f-0d1f-8bd9-d047dad41fe1,NVIDIA A30,0,0,24576,28.21,27
2026-10-04T22:02:20.926587+00:00,2,GPU-e40ecd4c-d662-37cc-a069-2d669471410e,NVIDIA A30,100,15513,24576,159.57,54
2026-10-04T22:02:26.036307+00:00,0,GPU-459c992a-cb19-fec9-a6ff-f14309e0e86a,NVIDIA A30,0,0,24576,32.22,33
2026-10-04T22:02:26.036307+00:00,1,GPU-e3de7dc8-620f-0d1f-8bd9-d047dad41fe1,NVIDIA A30,0,0,24576,28.21,27
2026-10-04T22:02:26.036307+00:00,2,GPU-e40ecd4c-d662-37cc-a069-2d669471410e,NVIDIA A30,100,15513,24576,165.33,54
2026-10-04T22:02:31.147093+00:00,0,GPU-459c992a-cb19-fec9-a6ff-f14309e0e86a,NVIDIA A30,0,0,24576,32.42,33
2026-10-04T22:02:31.147093+00:00,1,GPU-e3de7dc8-620f-0d1f-8bd9-d047dad41fe1,NVIDIA A30,0,0,24576,28.21,27
2026-10-04T22:02:31.147093+00:00,2,GPU-e40ecd4c-d662-37cc-a069-2d669471410e,NVIDIA A30,97,15513,24576,157.73,54
2026-10-04T22:02:36.258192+00:00,0,GPU-459c992a-cb19-fec9-a6ff-f14309e0e86a,NVIDIA A30,0,0,24576,32.33,33
2026-10-04T22:02:36.258192+00:00,1,GPU-e3de7dc8-620f-0d1f-8bd9-d047dad41fe1,NVIDIA A30,0,0,24576,28.21,27
2026-10-04T22:02:36.258192+00:00,2,GPU-e40ecd4c-d662-37cc-a069-2d669471410e,NVIDIA A30,100,15513,24576,151.72,54
2026-10-04T22:02:41.367858+00:00,0,GPU-459c992a-cb19-fec9-a6ff-f14309e0e86a,NVIDIA A30,0,0,24576,32.33,33
2026-10-04T22:02:41.367858+00:00,1,GPU-e3de7dc8-620f-0d1f-8bd9-d047dad41fe1,NVIDIA A30,0,0,24576,28.11,27
2026-10-04T22:02:41.367858+00:00,2,GPU-e40ecd4c-d662-37cc-a069-2d669471410e,NVIDIA A30,100,15513,24576,148.21,54
2026-10-04T22:02:46.476371+00:00,0,GPU-459c992a-cb19-fec9-a6ff-f14309e0e86a,NVIDIA A30,0,0,24576,32.21,33
2026-10-04T22:02:46.476371+00:00,1,GPU-e3de7dc8-620f-0d1f-8bd9-d047dad41fe1,NVIDIA A30,0,0,24576,28.21,27
2026-10-04T22:02:46.476371+00:00,2,GPU-e40ecd4c-d662-37cc-a069-2d669471410e,NVIDIA A30,95,15513,24576,193.97,55
2026-10-04T22:02:51.587207+00:00,0,GPU-459c992a-cb19-fec9-a6ff-f14309e0e86a,NVIDIA A30,0,0,24576,32.22,33
2026-10-04T22:02:51.587207+00:00,1,GPU-e3de7dc8-620f-0d1f-8bd9-d047dad41fe1,NVIDIA A30,0,0,24576,28.21,27
2026-10-04T22:02:51.587207+00:00,2,GPU-e40ecd4c-d662-37cc-a069-2d669471410e,NVIDIA A30,100,15513,24576,151.95,54
2026-10-04T22:02:56.704778+00:00,0,GPU-459c992a-cb19-fec9-a6ff-f14309e0e86a,NVIDIA A30,0,0,24576,32.13,33
2026-10-04T22:02:56.704778+00:00,1,GPU-e3de7dc8-620f-0d1f-8bd9-d047dad41fe1,NVIDIA A30,0,0,24576,28.21,27
2026-10-04T22:02:56.704778+00:00,2,GPU-e40ecd4c-d662-37cc-a069-2d669471410e,NVIDIA A30,100,15513,24576,146.49,55
2026-10-04T22:03:01.820333+00:00,0,GPU-459c992a-cb19-fec9-a6ff-f14309e0e86a,NVIDIA A30,0,0,24576,32.23,32
2026-10-04T22:03:01.820333+00:00,1,GPU-e3de7dc8-620f-0d1f-8bd9-d047dad41fe1,NVIDIA A30,0,0,24576,28.01,27
2026-10-04T22:03:01.820333+00:00,2,GPU-e40ecd4c-d662-37cc-a069-2d669471410e,NVIDIA A30,100,15513,24576,180.52,54
2026-10-04T22:03:06.932823+00:00,0,GPU-459c992a-cb19-fec9-a6ff-f14309e0e86a,NVIDIA A30,0,0,24576,32.12,32
2026-10-04T22:03:06.932823+00:00,1,GPU-e3de7dc8-620f-0d1f-8bd9-d047dad41fe1,NVIDIA A30,0,0,24576,28.11,27
2026-10-04T22:03:06.932823+00:00,2,GPU-e40ecd4c-d662-37cc-a069-2d669471410e,NVIDIA A30,96,15513,24576,170.26,55
2026-10-04T22:03:12.044616+00:00,0,GPU-459c992a-cb19-fec9-a6ff-f14309e0e86a,NVIDIA A30,0,0,24576,32.22,32
2026-10-04T22:03:12.044616+00:00,1,GPU-e3de7dc8-620f-0d1f-8bd9-d047dad41fe1,NVIDIA A30,0,0,24576,28.21,27
2026-10-04T22:03:12.044616+00:00,2,GPU-e40ecd4c-d662-37cc-a069-2d669471410e,NVIDIA A30,100,15513,24576,176.84,54
2026-10-04T22:03:17.156149+00:00,0,GPU-459c992a-cb19-fec9-a6ff-f14309e0e86a,NVIDIA A30,0,0,24576,32.12,32
2026-10-04T22:03:17.156149+00:00,1,GPU-e3de7dc8-620f-0d1f-8bd9-d047dad41fe1,NVIDIA A30,0,0,24576,28.11,27
2026-10-04T22:03:17.156149+00:00,2,GPU-e40ecd4c-d662-37cc-a069-2d669471410e,NVIDIA A30,100,15513,24576,145.37,55
2026-10-04T22:03:22.266085+00:00,0,GPU-459c992a-cb19-fec9-a6ff-f14309e0e86a,NVIDIA A30,0,0,24576,32.02,32
2026-10-04T22:03:22.266085+00:00,1,GPU-e3de7dc8-620f-0d1f-8bd9-d047dad41fe1,NVIDIA A30,0,0,24576,28.21,27
2026-10-04T22:03:22.266085+00:00,2,GPU-e40ecd4c-d662-37cc-a069-2d669471410e,NVIDIA A30,100,15513,24576,140.38,55
2026-10-04T22:03:27.379736+00:00,0,GPU-459c992a-cb19-fec9-a6ff-f14309e0e86a,NVIDIA A30,0,0,24576,31.82,32
2026-10-04T22:03:27.379736+00:00,1,GPU-e3de7dc8-620f-0d1f-8bd9-d047dad41fe1,NVIDIA A30,0,0,24576,28.11,27
2026-10-04T22:03:27.379736+00:00,2,GPU-e40ecd4c-d662-37cc-a069-2d669471410e,NVIDIA A30,100,15513,24576,167.20,55
2026-10-04T22:03:32.488366+00:00,0,GPU-459c992a-cb19-fec9-a6ff-f14309e0e86a,NVIDIA A30,0,0,24576,32.03,32
2026-10-04T22:03:32.488366+00:00,1,GPU-e3de7dc8-620f-0d1f-8bd9-d047dad41fe1,NVIDIA A30,0,0,24576,28.11,27
2026-10-04T22:03:32.488366+00:00,2,GPU-e40ecd4c-d662-37cc-a069-2d669471410e,NVIDIA A30,100,15513,24576,171.05,55
2026-10-04T22:03:37.602945+00:00,0,GPU-459c992a-cb19-fec9-a6ff-f14309e0e86a,NVIDIA A30,0,0,24576,34.82,33
2026-10-04T22:03:37.602945+00:00,1,GPU-e3de7dc8-620f-0d1f-8bd9-d047dad41fe1,NVIDIA A30,2,0,24576,30.99,28
2026-10-04T22:03:37.602945+00:00,2,GPU-e40ecd4c-d662-37cc-a069-2d669471410e,NVIDIA A30,2,0,24576,35.31,47
2026-10-04T22:03:47.562295+00:00,0,GPU-459c992a-cb19-fec9-a6ff-f14309e0e86a,NVIDIA A30,0,0,24576,34.72,33
2026-10-04T22:03:47.562295+00:00,1,GPU-e3de7dc8-620f-0d1f-8bd9-d047dad41fe1,NVIDIA A30,0,0,24576,30.79,28
2026-10-04T22:03:47.562295+00:00,2,GPU-e40ecd4c-d662-37cc-a069-2d669471410e,NVIDIA A30,2,7417,24576,34.22,44
2026-10-04T22:03:52.662810+00:00,0,GPU-459c992a-cb19-fec9-a6ff-f14309e0e86a,NVIDIA A30,0,0,24576,34.60,33
2026-10-04T22:03:52.662810+00:00,1,GPU-e3de7dc8-620f-0d1f-8bd9-d047dad41fe1,NVIDIA A30,0,0,24576,30.68,27
2026-10-04T22:03:52.662810+00:00,2,GPU-e40ecd4c-d662-37cc-a069-2d669471410e,NVIDIA A30,100,15459,24576,175.66,50
2026-10-04T22:03:57.759954+00:00,0,GPU-459c992a-cb19-fec9-a6ff-f14309e0e86a,NVIDIA A30,0,0,24576,32.12,32
2026-10-04T22:03:57.759954+00:00,1,GPU-e3de7dc8-620f-0d1f-8bd9-d047dad41fe1,NVIDIA A30,0,0,24576,28.21,27
2026-10-04T22:03:57.759954+00:00,2,GPU-e40ecd4c-d662-37cc-a069-2d669471410e,NVIDIA A30,99,15459,24576,171.28,51
2026-10-04T22:04:02.865644+00:00,0,GPU-459c992a-cb19-fec9-a6ff-f14309e0e86a,NVIDIA A30,0,0,24576,31.82,32
2026-10-04T22:04:02.865644+00:00,1,GPU-e3de7dc8-620f-0d1f-8bd9-d047dad41fe1,NVIDIA A30,0,0,24576,28.21,27
2026-10-04T22:04:02.865644+00:00,2,GPU-e40ecd4c-d662-37cc-a069-2d669471410e,NVIDIA A30,98,15459,24576,149.59,51
2026-10-04T22:04:07.979290+00:00,0,GPU-459c992a-cb19-fec9-a6ff-f14309e0e86a,NVIDIA A30,0,0,24576,32.12,32
2026-10-04T22:04:07.979290+00:00,1,GPU-e3de7dc8-620f-0d1f-8bd9-d047dad41fe1,NVIDIA A30,0,0,24576,28.31,27
2026-10-04T22:04:07.979290+00:00,2,GPU-e40ecd4c-d662-37cc-a069-2d669471410e,NVIDIA A30,98,15459,24576,160.22,52
2026-10-04T22:04:13.086547+00:00,0,GPU-459c992a-cb19-fec9-a6ff-f14309e0e86a,NVIDIA A30,0,0,24576,31.93,32
2026-10-04T22:04:13.086547+00:00,1,GPU-e3de7dc8-620f-0d1f-8bd9-d047dad41fe1,NVIDIA A30,0,0,24576,28.21,27
2026-10-04T22:04:13.086547+00:00,2,GPU-e40ecd4c-d662-37cc-a069-2d669471410e,NVIDIA A30,100,15459,24576,167.26,52
2026-10-04T22:04:18.193291+00:00,0,GPU-459c992a-cb19-fec9-a6ff-f14309e0e86a,NVIDIA A30,0,0,24576,31.73,32
2026-10-04T22:04:18.193291+00:00,1,GPU-e3de7dc8-620f-0d1f-8bd9-d047dad41fe1,NVIDIA A30,0,0,24576,28.21,27
2026-10-04T22:04:18.193291+00:00,2,GPU-e40ecd4c-d662-37cc-a069-2d669471410e,NVIDIA A30,98,15459,24576,149.26,53
2026-10-04T22:04:23.299385+00:00,0,GPU-459c992a-cb19-fec9-a6ff-f14309e0e86a,NVIDIA A30,0,0,24576,32.02,32
2026-10-04T22:04:23.299385+00:00,1,GPU-e3de7dc8-620f-0d1f-8bd9-d047dad41fe1,NVIDIA A30,0,0,24576,28.21,27
2026-10-04T22:04:23.299385+00:00,2,GPU-e40ecd4c-d662-37cc-a069-2d669471410e,NVIDIA A30,100,15459,24576,172.31,53
2026-10-04T22:04:28.410004+00:00,0,GPU-459c992a-cb19-fec9-a6ff-f14309e0e86a,NVIDIA A30,0,4,24576,32.03,32
2026-10-04T22:04:28.410004+00:00,1,GPU-e3de7dc8-620f-0d1f-8bd9-d047dad41fe1,NVIDIA A30,0,4,24576,28.11,27
2026-10-04T22:04:28.410004+00:00,2,GPU-e40ecd4c-d662-37cc-a069-2d669471410e,NVIDIA A30,98,15459,24576,168.33,53
2026-10-04T22:04:33.517778+00:00,0,GPU-459c992a-cb19-fec9-a6ff-f14309e0e86a,NVIDIA A30,0,4,24576,32.03,32
2026-10-04T22:04:33.517778+00:00,1,GPU-e3de7dc8-620f-0d1f-8bd9-d047dad41fe1,NVIDIA A30,0,4,24576,28.21,27
2026-10-04T22:04:33.517778+00:00,2,GPU-e40ecd4c-d662-37cc-a069-2d669471410e,NVIDIA A30,98,15459,24576,171.56,54
2026-10-04T22:04:38.625334+00:00,0,GPU-459c992a-cb19-fec9-a6ff-f14309e0e86a,NVIDIA A30,0,4,24576,32.13,32
2026-10-04T22:04:38.625334+00:00,1,GPU-e3de7dc8-620f-0d1f-8bd9-d047dad41fe1,NVIDIA A30,0,4,24576,28.31,27
2026-10-04T22:04:38.625334+00:00,2,GPU-e40ecd4c-d662-37cc-a069-2d669471410e,NVIDIA A30,98,15459,24576,160.83,54
2026-10-04T22:04:43.733459+00:00,0,GPU-459c992a-cb19-fec9-a6ff-f14309e0e86a,NVIDIA A30,0,4,24576,31.93,32
2026-10-04T22:04:43.733459+00:00,1,GPU-e3de7dc8-620f-0d1f-8bd9-d047dad41fe1,NVIDIA A30,0,4,24576,28.21,27
2026-10-04T22:04:43.733459+00:00,2,GPU-e40ecd4c-d662-37cc-a069-2d669471410e,NVIDIA A30,97,15459,24576,159.69,54
2026-10-04T22:04:48.841622+00:00,0,GPU-459c992a-cb19-fec9-a6ff-f14309e0e86a,NVIDIA A30,0,0,24576,31.93,32
2026-10-04T22:04:48.841622+00:00,1,GPU-e3de7dc8-620f-0d1f-8bd9-d047dad41fe1,NVIDIA A30,0,0,24576,28.21,27
2026-10-04T22:04:48.841622+00:00,2,GPU-e40ecd4c-d662-37cc-a069-2d669471410e,NVIDIA A30,98,15459,24576,173.10,54
2026-10-04T22:04:53.951381+00:00,0,GPU-459c992a-cb19-fec9-a6ff-f14309e0e86a,NVIDIA A30,0,0,24576,31.93,32
2026-10-04T22:04:53.951381+00:00,1,GPU-e3de7dc8-620f-0d1f-8bd9-d047dad41fe1,NVIDIA A30,0,0,24576,28.11,27
2026-10-04T22:04:53.951381+00:00,2,GPU-e40ecd4c-d662-37cc-a069-2d669471410e,NVIDIA A30,98,15459,24576,169.93,54
2026-10-04T22:04:59.056290+00:00,0,GPU-459c992a-cb19-fec9-a6ff-f14309e0e86a,NVIDIA A30,0,0,24576,31.93,32
2026-10-04T22:04:59.056290+00:00,1,GPU-e3de7dc8-620f-0d1f-8bd9-d047dad41fe1,NVIDIA A30,0,0,24576,28.21,27
2026-10-04T22:04:59.056290+00:00,2,GPU-e40ecd4c-d662-37cc-a069-2d669471410e,NVIDIA A30,98,15459,24576,158.26,55
2026-10-04T22:05:04.161468+00:00,0,GPU-459c992a-cb19-fec9-a6ff-f14309e0e86a,NVIDIA A30,0,0,24576,31.82,32
2026-10-04T22:05:04.161468+00:00,1,GPU-e3de7dc8-620f-0d1f-8bd9-d047dad41fe1,NVIDIA A30,0,0,24576,28.21,27
2026-10-04T22:05:04.161468+00:00,2,GPU-e40ecd4c-d662-37cc-a069-2d669471410e,NVIDIA A30,100,15459,24576,154.29,55
2026-10-04T22:05:09.266729+00:00,0,GPU-459c992a-cb19-fec9-a6ff-f14309e0e86a,NVIDIA A30,0,0,24576,31.93,32
2026-10-04T22:05:09.266729+00:00,1,GPU-e3de7dc8-620f-0d1f-8bd9-d047dad41fe1,NVIDIA A30,0,0,24576,28.21,27
2026-10-04T22:05:09.266729+00:00,2,GPU-e40ecd4c-d662-37cc-a069-2d669471410e,NVIDIA A30,100,15459,24576,159.03,55
2026-10-04T22:05:14.372381+00:00,0,GPU-459c992a-cb19-fec9-a6ff-f14309e0e86a,NVIDIA A30,0,0,24576,31.82,32
2026-10-04T22:05:14.372381+00:00,1,GPU-e3de7dc8-620f-0d1f-8bd9-d047dad41fe1,NVIDIA A30,0,0,24576,28.21,27
2026-10-04T22:05:14.372381+00:00,2,GPU-e40ecd4c-d662-37cc-a069-2d669471410e,NVIDIA A30,100,15459,24576,193.95,55
2026-10-04T22:05:19.479301+00:00,0,GPU-459c992a-cb19-fec9-a6ff-f14309e0e86a,NVIDIA A30,0,0,24576,31.83,32
2026-10-04T22:05:19.479301+00:00,1,GPU-e3de7dc8-620f-0d1f-8bd9-d047dad41fe1,NVIDIA A30,0,0,24576,28.21,27
2026-10-04T22:05:19.479301+00:00,2,GPU-e40ecd4c-d662-37cc-a069-2d669471410e,NVIDIA A30,100,15459,24576,171.43,55
2026-10-04T22:05:24.584597+00:00,0,GPU-459c992a-cb19-fec9-a6ff-f14309e0e86a,NVIDIA A30,0,0,24576,31.83,32
2026-10-04T22:05:24.584597+00:00,1,GPU-e3de7dc8-620f-0d1f-8bd9-d047dad41fe1,NVIDIA A30,0,0,24576,28.11,27
2026-10-04T22:05:24.584597+00:00,2,GPU-e40ecd4c-d662-37cc-a069-2d669471410e,NVIDIA A30,98,15459,24576,163.99,55
2026-10-04T22:05:29.690357+00:00,0,GPU-459c992a-cb19-fec9-a6ff-f14309e0e86a,NVIDIA A30,0,0,24576,31.82,32
2026-10-04T22:05:29.690357+00:00,1,GPU-e3de7dc8-620f-0d1f-8bd9-d047dad41fe1,NVIDIA A30,0,0,24576,28.21,27
2026-10-04T22:05:29.690357+00:00,2,GPU-e40ecd4c-d662-37cc-a069-2d669471410e,NVIDIA A30,98,15459,24576,158.37,55
2026-10-04T22:05:34.796330+00:00,0,GPU-459c992a-cb19-fec9-a6ff-f14309e0e86a,NVIDIA A30,0,0,24576,31.73,32
2026-10-04T22:05:34.796330+00:00,1,GPU-e3de7dc8-620f-0d1f-8bd9-d047dad41fe1,NVIDIA A30,0,0,24576,28.21,27
2026-10-04T22:05:34.796330+00:00,2,GPU-e40ecd4c-d662-37cc-a069-2d669471410e,NVIDIA A30,98,15459,24576,155.21,55
2026-10-04T22:05:39.916204+00:00,0,GPU-459c992a-cb19-fec9-a6ff-f14309e0e86a,NVIDIA A30,0,0,24576,31.92,32
2026-10-04T22:05:39.916204+00:00,1,GPU-e3de7dc8-620f-0d1f-8bd9-d047dad41fe1,NVIDIA A30,0,0,24576,28.21,27
2026-10-04T22:05:39.916204+00:00,2,GPU-e40ecd4c-d662-37cc-a069-2d669471410e,NVIDIA A30,98,15459,24576,173.18,55
2026-10-04T22:05:45.021578+00:00,0,GPU-459c992a-cb19-fec9-a6ff-f14309e0e86a,NVIDIA A30,0,0,24576,31.93,31
2026-10-04T22:05:45.021578+00:00,1,GPU-e3de7dc8-620f-0d1f-8bd9-d047dad41fe1,NVIDIA A30,0,0,24576,28.21,27
2026-10-04T22:05:45.021578+00:00,2,GPU-e40ecd4c-d662-37cc-a069-2d669471410e,NVIDIA A30,97,15459,24576,152.53,56
2026-10-04T22:05:50.134169+00:00,0,GPU-459c992a-cb19-fec9-a6ff-f14309e0e86a,NVIDIA A30,0,0,24576,31.82,31
2026-10-04T22:05:50.134169+00:00,1,GPU-e3de7dc8-620f-0d1f-8bd9-d047dad41fe1,NVIDIA A30,0,0,24576,28.21,27
2026-10-04T22:05:50.134169+00:00,2,GPU-e40ecd4c-d662-37cc-a069-2d669471410e,NVIDIA A30,98,15459,24576,178.35,56
2026-10-04T22:05:55.242941+00:00,0,GPU-459c992a-cb19-fec9-a6ff-f14309e0e86a,NVIDIA A30,0,0,24576,31.82,31
2026-10-04T22:05:55.242941+00:00,1,GPU-e3de7dc8-620f-0d1f-8bd9-d047dad41fe1,NVIDIA A30,0,0,24576,28.11,27
2026-10-04T22:05:55.242941+00:00,2,GPU-e40ecd4c-d662-37cc-a069-2d669471410e,NVIDIA A30,100,15459,24576,164.51,56
2026-10-04T22:06:00.358660+00:00,0,GPU-459c992a-cb19-fec9-a6ff-f14309e0e86a,NVIDIA A30,0,0,24576,31.83,31
2026-10-04T22:06:00.358660+00:00,1,GPU-e3de7dc8-620f-0d1f-8bd9-d047dad41fe1,NVIDIA A30,0,0,24576,28.11,27
2026-10-04T22:06:00.358660+00:00,2,GPU-e40ecd4c-d662-37cc-a069-2d669471410e,NVIDIA A30,98,15459,24576,164.07,56
2026-10-04T22:06:05.470432+00:00,0,GPU-459c992a-cb19-fec9-a6ff-f14309e0e86a,NVIDIA A30,0,0,24576,31.82,31
2026-10-04T22:06:05.470432+00:00,1,GPU-e3de7dc8-620f-0d1f-8bd9-d047dad41fe1,NVIDIA A30,0,0,24576,28.11,27
2026-10-04T22:06:05.470432+00:00,2,GPU-e40ecd4c-d662-37cc-a069-2d669471410e,NVIDIA A30,98,15459,24576,153.83,56
2026-10-04T22:06:10.579463+00:00,0,GPU-459c992a-cb19-fec9-a6ff-f14309e0e86a,NVIDIA A30,0,0,24576,31.82,31
2026-10-04T22:06:10.579463+00:00,1,GPU-e3de7dc8-620f-0d1f-8bd9-d047dad41fe1,NVIDIA A30,0,0,24576,28.11,27
2026-10-04T22:06:10.579463+00:00,2,GPU-e40ecd4c-d662-37cc-a069-2d669471410e,NVIDIA A30,98,15459,24576,167.29,56
2026-10-04T22:06:15.699219+00:00,0,GPU-459c992a-cb19-fec9-a6ff-f14309e0e86a,NVIDIA A30,0,0,24576,31.82,31
2026-10-04T22:06:15.699219+00:00,1,GPU-e3de7dc8-620f-0d1f-8bd9-d047dad41fe1,NVIDIA A30,0,0,24576,28.21,27
2026-10-04T22:06:15.699219+00:00,2,GPU-e40ecd4c-d662-37cc-a069-2d669471410e,NVIDIA A30,98,15459,24576,168.74,56
2026-10-04T22:06:20.808700+00:00,0,GPU-459c992a-cb19-fec9-a6ff-f14309e0e86a,NVIDIA A30,0,0,24576,31.83,31
2026-10-04T22:06:20.808700+00:00,1,GPU-e3de7dc8-620f-0d1f-8bd9-d047dad41fe1,NVIDIA A30,0,0,24576,28.11,27
2026-10-04T22:06:20.808700+00:00,2,GPU-e40ecd4c-d662-37cc-a069-2d669471410e,NVIDIA A30,98,15459,24576,157.92,56
2026-10-04T22:06:25.915650+00:00,0,GPU-459c992a-cb19-fec9-a6ff-f14309e0e86a,NVIDIA A30,0,0,24576,31.82,31
2026-10-04T22:06:25.915650+00:00,1,GPU-e3de7dc8-620f-0d1f-8bd9-d047dad41fe1,NVIDIA A30,0,0,24576,28.11,27
2026-10-04T22:06:25.915650+00:00,2,GPU-e40ecd4c-d662-37cc-a069-2d669471410e,NVIDIA A30,98,15459,24576,160.04,56
2026-10-04T22:06:31.023288+00:00,0,GPU-459c992a-cb19-fec9-a6ff-f14309e0e86a,NVIDIA A30,0,0,24576,31.73,31
2026-10-04T22:06:31.023288+00:00,1,GPU-e3de7dc8-620f-0d1f-8bd9-d047dad41fe1,NVIDIA A30,0,0,24576,28.21,27
2026-10-04T22:06:31.023288+00:00,2,GPU-e40ecd4c-d662-37cc-a069-2d669471410e,NVIDIA A30,100,15459,24576,163.33,56
2026-10-04T22:06:36.140831+00:00,0,GPU-459c992a-cb19-fec9-a6ff-f14309e0e86a,NVIDIA A30,2,0,24576,34.82,32
2026-10-04T22:06:36.140831+00:00,1,GPU-e3de7dc8-620f-0d1f-8bd9-d047dad41fe1,NVIDIA A30,2,0,24576,31.39,28
2026-10-04T22:06:36.140831+00:00,2,GPU-e40ecd4c-d662-37cc-a069-2d669471410e,NVIDIA A30,0,15458,24576,35.89,48
2026-10-04T22:06:48.402055+00:00,0,GPU-459c992a-cb19-fec9-a6ff-f14309e0e86a,NVIDIA A30,0,0,24576,34.82,33
2026-10-04T22:06:48.402055+00:00,1,GPU-e3de7dc8-620f-0d1f-8bd9-d047dad41fe1,NVIDIA A30,2,0,24576,31.09,28
2026-10-04T22:06:48.402055+00:00,2,GPU-e40ecd4c-d662-37cc-a069-2d669471410e,NVIDIA A30,2,0,24576,34.51,45
2026-10-04T22:06:59.728057+00:00,0,GPU-459c992a-cb19-fec9-a6ff-f14309e0e86a,NVIDIA A30,0,0,24576,35.01,33
2026-10-04T22:06:59.728057+00:00,1,GPU-e3de7dc8-620f-0d1f-8bd9-d047dad41fe1,NVIDIA A30,0,0,24576,31.09,28
2026-10-04T22:06:59.728057+00:00,2,GPU-e40ecd4c-d662-37cc-a069-2d669471410e,NVIDIA A30,2,0,24576,33.72,42
2026-10-04T22:07:11.069439+00:00,0,GPU-459c992a-cb19-fec9-a6ff-f14309e0e86a,NVIDIA A30,0,0,24576,35.11,33
2026-10-04T22:07:11.069439+00:00,1,GPU-e3de7dc8-620f-0d1f-8bd9-d047dad41fe1,NVIDIA A30,2,0,24576,31.39,29
2026-10-04T22:07:11.069439+00:00,2,GPU-e40ecd4c-d662-37cc-a069-2d669471410e,NVIDIA A30,0,0,24576,33.51,40
2026-10-04T22:07:22.399767+00:00,0,GPU-459c992a-cb19-fec9-a6ff-f14309e0e86a,NVIDIA A30,0,0,24576,35.01,34
2026-10-04T22:07:22.399767+00:00,1,GPU-e3de7dc8-620f-0d1f-8bd9-d047dad41fe1,NVIDIA A30,2,0,24576,31.18,29
2026-10-04T22:07:22.399767+00:00,2,GPU-e40ecd4c-d662-37cc-a069-2d669471410e,NVIDIA A30,2,0,24576,33.21,39
2026-10-04T22:07:33.768914+00:00,0,GPU-459c992a-cb19-fec9-a6ff-f14309e0e86a,NVIDIA A30,0,0,24576,35.21,34
2026-10-04T22:07:33.768914+00:00,1,GPU-e3de7dc8-620f-0d1f-8bd9-d047dad41fe1,NVIDIA A30,0,0,24576,31.18,29
2026-10-04T22:07:33.768914+00:00,2,GPU-e40ecd4c-d662-37cc-a069-2d669471410e,NVIDIA A30,2,0,24576,33.12,38
2026-10-04T22:07:45.140538+00:00,0,GPU-459c992a-cb19-fec9-a6ff-f14309e0e86a,NVIDIA A30,0,0,24576,35.11,34
2026-10-04T22:07:45.140538+00:00,1,GPU-e3de7dc8-620f-0d1f-8bd9-d047dad41fe1,NVIDIA A30,0,0,24576,31.18,29
2026-10-04T22:07:45.140538+00:00,2,GPU-e40ecd4c-d662-37cc-a069-2d669471410e,NVIDIA A30,2,0,24576,32.72,36
2026-10-04T22:07:56.497774+00:00,0,GPU-459c992a-cb19-fec9-a6ff-f14309e0e86a,NVIDIA A30,0,0,24576,35.21,34
2026-10-04T22:07:56.497774+00:00,1,GPU-e3de7dc8-620f-0d1f-8bd9-d047dad41fe1,NVIDIA A30,2,0,24576,31.30,29
2026-10-04T22:07:56.497774+00:00,2,GPU-e40ecd4c-d662-37cc-a069-2d669471410e,NVIDIA A30,2,0,24576,32.32,36
2026-10-04T22:08:07.874932+00:00,0,GPU-459c992a-cb19-fec9-a6ff-f14309e0e86a,NVIDIA A30,2,0,24576,35.11,34
2026-10-04T22:08:07.874932+00:00,1,GPU-e3de7dc8-620f-0d1f-8bd9-d047dad41fe1,NVIDIA A30,0,0,24576,31.30,30
2026-10-04T22:08:07.874932+00:00,2,GPU-e40ecd4c-d662-37cc-a069-2d669471410e,NVIDIA A30,2,0,24576,32.13,35
2026-10-04T22:08:19.260117+00:00,0,GPU-459c992a-cb19-fec9-a6ff-f14309e0e86a,NVIDIA A30,0,0,24576,35.31,34
2026-10-04T22:08:19.260117+00:00,1,GPU-e3de7dc8-620f-0d1f-8bd9-d047dad41fe1,NVIDIA A30,2,0,24576,31.39,30
2026-10-04T22:08:19.260117+00:00,2,GPU-e40ecd4c-d662-37cc-a069-2d669471410e,NVIDIA A30,2,0,24576,32.03,34
2026-10-04T22:08:30.608244+00:00,0,GPU-459c992a-cb19-fec9-a6ff-f14309e0e86a,NVIDIA A30,0,0,24576,35.31,35
2026-10-04T22:08:30.608244+00:00,1,GPU-e3de7dc8-620f-0d1f-8bd9-d047dad41fe1,NVIDIA A30,2,0,24576,31.49,30
2026-10-04T22:08:30.608244+00:00,2,GPU-e40ecd4c-d662-37cc-a069-2d669471410e,NVIDIA A30,2,0,24576,31.93,34
